=== PHASE 1: discovery (candidate Ids via keyword search) ===

--- Theory: L1_SA_KHATIAN_PRESUMPTION ---
  [discover] L1_SA_KHATIAN_PRESUMPTION :: "SA khatian presumption of correctness" page 1 -> 20 items, candidates so far: 20
  [discover] L1_SA_KHATIAN_PRESUMPTION :: "SA khatian presumption of correctness" page 2 -> 20 items, candidates so far: 40
  [discover] L1_SA_KHATIAN_PRESUMPTION :: "SA khatian presumption of correctness" page 3 -> 20 items, candidates so far: 60
  [discover] L1_SA_KHATIAN_PRESUMPTION :: "SA khatian presumption of correctness" page 4 -> 3 items, candidates so far: 63
  [discover] L1_SA_KHATIAN_PRESUMPTION :: "finally published record of rights" page 1 -> 20 items, candidates so far: 78
  [discover] L1_SA_KHATIAN_PRESUMPTION :: "finally published record of rights" page 2 -> 20 items, candidates so far: 94
  [discover] L1_SA_KHATIAN_PRESUMPTION :: "finally published record of rights" page 3 -> 20 items, candidates so far: 112
  [discover] L1_SA_KHATIAN_PRESUMPTION :: "finally published record of rights" page 4 -> 20 items, candidates so far: 131
  [discover] L1_SA_KHATIAN_PRESUMPTION :: "finally published record of rights" page 5 -> 10 items, candidates so far: 140
  [discover] L1_SA_KHATIAN_PRESUMPTION :: "record of rights presumption rebuttal" page 1 -> 20 items, candidates so far: 141
  [discover] L1_SA_KHATIAN_PRESUMPTION :: "record of rights presumption rebuttal" page 2 -> 10 items, candidates so far: 142
  [discover] L1_SA_KHATIAN_PRESUMPTION :: "settlement record room" page 1 -> 20 items, candidates so far: 159
  [discover] L1_SA_KHATIAN_PRESUMPTION :: "settlement record room" page 2 -> 20 items, candidates so far: 177
  [discover] L1_SA_KHATIAN_PRESUMPTION :: "settlement record room" page 3 -> 15 items, candidates so far: 192
  [discover] L1_SA_KHATIAN_PRESUMPTION :: "presumption attached to SA khatian" page 1 -> 20 items, candidates so far: 194
  [discover] L1_SA_KHATIAN_PRESUMPTION :: "presumption attached to SA khatian" page 2 -> 19 items, candidates so far: 194
  [discover] L1_SA_KHATIAN_PRESUMPTION :: "revenue record presumption" page 1 -> 20 items, candidates so far: 207
  [discover] L1_SA_KHATIAN_PRESUMPTION :: "revenue record presumption" page 2 -> 20 items, candidates so far: 223
  [discover] L1_SA_KHATIAN_PRESUMPTION :: "revenue record presumption" page 3 -> 2 items, candidates so far: 224
  [discover] L1_SA_KHATIAN_PRESUMPTION :: "finally published khatian" page 1 -> 20 items, candidates so far: 231
  [discover] L1_SA_KHATIAN_PRESUMPTION :: "finally published khatian" page 2 -> 20 items, candidates so far: 243
  [discover] L1_SA_KHATIAN_PRESUMPTION :: "finally published khatian" page 3 -> 20 items, candidates so far: 260
  [discover] L1_SA_KHATIAN_PRESUMPTION :: "finally published khatian" page 4 -> 20 items, candidates so far: 277
  [discover] L1_SA_KHATIAN_PRESUMPTION :: "finally published khatian" page 5 -> 20 items, candidates so far: 293
  [discover] L1_SA_KHATIAN_PRESUMPTION :: "finally published khatian" page 6 -> 20 items, candidates so far: 302
  [discover] L1_SA_KHATIAN_PRESUMPTION :: "finally published khatian" page 7 -> 20 items, candidates so far: 310
  [discover] L1_SA_KHATIAN_PRESUMPTION :: "finally published khatian" page 8 -> 3 items, candidates so far: 313
  [discover] L1_SA_KHATIAN_PRESUMPTION :: "record of rights carries presumption" page 1 -> 20 items, candidates so far: 314
  [discover] L1_SA_KHATIAN_PRESUMPTION :: "record of rights carries presumption" page 2 -> 11 items, candidates so far: 314
  [discover] L1_SA_KHATIAN_PRESUMPTION :: "entry in record of rights not rebutted" page 1 -> 20 items, candidates so far: 316
  [discover] L1_SA_KHATIAN_PRESUMPTION :: "entry in record of rights not rebutted" page 2 -> 20 items, candidates so far: 324
  [discover] L1_SA_KHATIAN_PRESUMPTION :: "entry in record of rights not rebutted" page 3 -> 2 items, candidates so far: 324
  [discover] L1_SA_KHATIAN_PRESUMPTION :: "এস এ খতিয়ানের সঠিকতার অনুমান" page 1 -> 2 items, candidates so far: 326
  [discover] L1_SA_KHATIAN_PRESUMPTION :: "চূড়ান্ত প্রকাশিত খতিয়ান" page 1 -> 6 items, candidates so far: 328
  [discover] L1_SA_KHATIAN_PRESUMPTION :: "রেকর্ড অব রাইটস" page 1 -> 2 items, candidates so far: 328
  [discover] L1_SA_KHATIAN_PRESUMPTION :: "খতিয়ান সংশোধনের দায়" page 1 -> 12 items, candidates so far: 335
  [discover] L1_SA_KHATIAN_PRESUMPTION :: "খতিয়ানের প্রামাণিকতা" page 1 -> 1 items, candidates so far: 335
  [discover] L1_SA_KHATIAN_PRESUMPTION :: "চূড়ান্ত খতিয়ান" page 1 -> 4 items, candidates so far: 335

--- Theory: L2_MUTATION_NO_TITLE ---
  [discover] L2_MUTATION_NO_TITLE :: "mutation does not confer title" page 1 -> 20 items, candidates so far: 352
  [discover] L2_MUTATION_NO_TITLE :: "mutation does not confer title" page 2 -> 20 items, candidates so far: 364
  [discover] L2_MUTATION_NO_TITLE :: "mutation does not confer title" page 3 -> 20 items, candidates so far: 380
  [discover] L2_MUTATION_NO_TITLE :: "mutation does not confer title" page 4 -> 5 items, candidates so far: 383
  [discover] L2_MUTATION_NO_TITLE :: "mutation entry no title" page 1 -> 20 items, candidates so far: 383
  [discover] L2_MUTATION_NO_TITLE :: "mutation entry no title" page 2 -> 20 items, candidates so far: 383
  [discover] L2_MUTATION_NO_TITLE :: "mutation entry no title" page 3 -> 20 items, candidates so far: 385
  [discover] L2_MUTATION_NO_TITLE :: "mutation entry no title" page 4 -> 13 items, candidates so far: 385
  [discover] L2_MUTATION_NO_TITLE :: "revenue entry does not create ownership" page 1 -> 20 items, candidates so far: 389
  [discover] L2_MUTATION_NO_TITLE :: "revenue entry does not create ownership" page 2 -> 20 items, candidates so far: 391
  [discover] L2_MUTATION_NO_TITLE :: "revenue entry does not create ownership" page 3 -> 20 items, candidates so far: 396
  [discover] L2_MUTATION_NO_TITLE :: "mutation proceeding fiscal purpose" page 1 -> 17 items, candidates so far: 401
  [discover] L2_MUTATION_NO_TITLE :: "volume entry no evidentiary value" page 1 -> 20 items, candidates so far: 417
  [discover] L2_MUTATION_NO_TITLE :: "volume entry no evidentiary value" page 2 -> 20 items, candidates so far: 432
  [discover] L2_MUTATION_NO_TITLE :: "volume entry no evidentiary value" page 3 -> 20 items, candidates so far: 448
  [discover] L2_MUTATION_NO_TITLE :: "volume entry no evidentiary value" page 4 -> 6 items, candidates so far: 452
  [discover] L2_MUTATION_NO_TITLE :: "revenue record not title document" page 1 -> 20 items, candidates so far: 455
  [discover] L2_MUTATION_NO_TITLE :: "revenue record not title document" page 2 -> 20 items, candidates so far: 458
  [discover] L2_MUTATION_NO_TITLE :: "revenue record not title document" page 3 -> 20 items, candidates so far: 461
  [discover] L2_MUTATION_NO_TITLE :: "revenue record not title document" page 4 -> 20 items, candidates so far: 464
  [discover] L2_MUTATION_NO_TITLE :: "revenue record not title document" page 5 -> 20 items, candidates so far: 470
  [discover] L2_MUTATION_NO_TITLE :: "revenue record not title document" page 6 -> 4 items, candidates so far: 471
  [discover] L2_MUTATION_NO_TITLE :: "mutation cannot override title" page 1 -> 20 items, candidates so far: 471
  [discover] L2_MUTATION_NO_TITLE :: "mutation cannot override title" page 2 -> 20 items, candidates so far: 472
  [discover] L2_MUTATION_NO_TITLE :: "mutation cannot override title" page 3 -> 20 items, candidates so far: 472
  [discover] L2_MUTATION_NO_TITLE :: "mutation cannot override title" page 4 -> 6 items, candidates so far: 473
  [discover] L2_MUTATION_NO_TITLE :: "নামজারি স্বত্ব সৃষ্টি করে না" page 1 -> 20 items, candidates so far: 485
  [discover] L2_MUTATION_NO_TITLE :: "নামজারি স্বত্ব সৃষ্টি করে না" page 2 -> 20 items, candidates so far: 500
  [discover] L2_MUTATION_NO_TITLE :: "নামজারি স্বত্ব সৃষ্টি করে না" page 3 -> 20 items, candidates so far: 514
  [discover] L2_MUTATION_NO_TITLE :: "নামজারি স্বত্ব সৃষ্টি করে না" page 4 -> 2 items, candidates so far: 516
  [discover] L2_MUTATION_NO_TITLE :: "রাজস্ব রেকর্ড" page 1 -> 9 items, candidates so far: 519
  [discover] L2_MUTATION_NO_TITLE :: "নামজারি কেবল রাজস্ব উদ্দেশ্যে" page 1 -> 4 items, candidates so far: 519

--- Theory: L3_MISC_CASE_NO_TITLE_ADJUDICATION ---
  [discover] L3_MISC_CASE_NO_TITLE_ADJUDICATION :: "miscellaneous case cannot decide title" page 1 -> 20 items, candidates so far: 525
  [discover] L3_MISC_CASE_NO_TITLE_ADJUDICATION :: "miscellaneous case cannot decide title" page 2 -> 20 items, candidates so far: 530
  [discover] L3_MISC_CASE_NO_TITLE_ADJUDICATION :: "miscellaneous case cannot decide title" page 3 -> 20 items, candidates so far: 537
  [discover] L3_MISC_CASE_NO_TITLE_ADJUDICATION :: "miscellaneous case cannot decide title" page 4 -> 14 items, candidates so far: 544
  [discover] L3_MISC_CASE_NO_TITLE_ADJUDICATION :: "title dispute requires title suit" page 1 -> 20 items, candidates so far: 544
  [discover] L3_MISC_CASE_NO_TITLE_ADJUDICATION :: "title dispute requires title suit" page 2 -> 20 items, candidates so far: 548
  [discover] L3_MISC_CASE_NO_TITLE_ADJUDICATION :: "title dispute requires title suit" page 3 -> 20 items, candidates so far: 562
  [discover] L3_MISC_CASE_NO_TITLE_ADJUDICATION :: "title dispute requires title suit" page 4 -> 20 items, candidates so far: 577
  [discover] L3_MISC_CASE_NO_TITLE_ADJUDICATION :: "title dispute requires title suit" page 5 -> 20 items, candidates so far: 588
  [discover] L3_MISC_CASE_NO_TITLE_ADJUDICATION :: "title dispute requires title suit" page 6 -> 20 items, candidates so far: 605
  [discover] L3_MISC_CASE_NO_TITLE_ADJUDICATION :: "title dispute requires title suit" page 7 -> 20 items, candidates so far: 618
  [discover] L3_MISC_CASE_NO_TITLE_ADJUDICATION :: "title dispute requires title suit" page 8 -> 20 items, candidates so far: 636
  [discover] L3_MISC_CASE_NO_TITLE_ADJUDICATION :: "title dispute requires title suit" page 9 -> 20 items, candidates so far: 655
  [discover] L3_MISC_CASE_NO_TITLE_ADJUDICATION :: "title dispute requires title suit" page 10 -> 20 items, candidates so far: 670
  [discover] L3_MISC_CASE_NO_TITLE_ADJUDICATION :: "title dispute requires title suit" page 11 -> 20 items, candidates so far: 689
  [discover] L3_MISC_CASE_NO_TITLE_ADJUDICATION :: "title dispute requires title suit" page 12 -> 20 items, candidates so far: 707
  [discover] L3_MISC_CASE_NO_TITLE_ADJUDICATION :: "title dispute requires title suit" page 13 -> 20 items, candidates so far: 727
  [discover] L3_MISC_CASE_NO_TITLE_ADJUDICATION :: "title dispute requires title suit" page 14 -> 20 items, candidates so far: 745
  [discover] L3_MISC_CASE_NO_TITLE_ADJUDICATION :: "title dispute requires title suit" page 15 -> 20 items, candidates so far: 762
  [discover] L3_MISC_CASE_NO_TITLE_ADJUDICATION :: "title dispute requires title suit" page 16 -> 20 items, candidates so far: 779
  [discover] L3_MISC_CASE_NO_TITLE_ADJUDICATION :: "title dispute requires title suit" page 17 -> 20 items, candidates so far: 797
=== interleaved: discover each theory group, then fetch its full text right away ===

--- Theory: L1_SA_KHATIAN_PRESUMPTION ---
  [retrieve] L1_SA_KHATIAN_PRESUMPTION discovery done, 797 case(s) awaiting full text...
  [fetch] saved case_10.json (16920 chars, theories=L3_MISC_CASE_NO_TITLE_ADJUDICATION)
  [fetch] saved case_30.json (32738 chars, theories=L3_MISC_CASE_NO_TITLE_ADJUDICATION)
  [fetch] saved case_36.json (15103 chars, theories=L3_MISC_CASE_NO_TITLE_ADJUDICATION)
  [fetch] saved case_39.json (30840 chars, theories=L3_MISC_CASE_NO_TITLE_ADJUDICATION)
  [fetch] saved case_77.json (19778 chars, theories=L3_MISC_CASE_NO_TITLE_ADJUDICATION)
  [fetch] saved case_131.json (32097 chars, theories=L2_MUTATION_NO_TITLE,L3_MISC_CASE_NO_TITLE_ADJUDICATION)
  [fetch] saved case_147.json (128177 chars, theories=L1_SA_KHATIAN_PRESUMPTION)
  [fetch] saved case_174.json (117115 chars, theories=L1_SA_KHATIAN_PRESUMPTION)
  [fetch] saved case_196.json (54199 chars, theories=L1_SA_KHATIAN_PRESUMPTION)
  [fetch] saved case_197.json (181810 chars, theories=L1_SA_KHATIAN_PRESUMPTION,L2_MUTATION_NO_TITLE,L3_MISC_CASE_NO_TITLE_ADJUDICATION)
  [fetch] saved case_201.json (10904 chars, theories=L1_SA_KHATIAN_PRESUMPTION,L3_MISC_CASE_NO_TITLE_ADJUDICATION)
  [fetch] saved case_203.json (13412 chars, theories=L3_MISC_CASE_NO_TITLE_ADJUDICATION)
  [fetch] saved case_204.json (26147 chars, theories=L1_SA_KHATIAN_PRESUMPTION)
  [fetch] saved case_205.json (385123 chars, theories=L1_SA_KHATIAN_PRESUMPTION,L2_MUTATION_NO_TITLE)
  [fetch] saved case_266.json (25206 chars, theories=L1_SA_KHATIAN_PRESUMPTION)
  [fetch] saved case_302.json (69132 chars, theories=L1_SA_KHATIAN_PRESUMPTION)
  [fetch] saved case_338.json (44649 chars, theories=L2_MUTATION_NO_TITLE,L3_MISC_CASE_NO_TITLE_ADJUDICATION)
  [fetch] saved case_367.json (13286 chars, theories=L1_SA_KHATIAN_PRESUMPTION,L2_MUTATION_NO_TITLE)
  [fetch] saved case_374.json (71608 chars, theories=L1_SA_KHATIAN_PRESUMPTION)
  [fetch] saved case_378.json (193900 chars, theories=L1_SA_KHATIAN_PRESUMPTION)
  [fetch] saved case_384.json (24735 chars, theories=L1_SA_KHATIAN_PRESUMPTION,L2_MUTATION_NO_TITLE)
  [fetch] saved case_402.json (54313 chars, theories=L2_MUTATION_NO_TITLE,L3_MISC_CASE_NO_TITLE_ADJUDICATION)
  [fetch] saved case_412.json (41263 chars, theories=L3_MISC_CASE_NO_TITLE_ADJUDICATION)
  [fetch] saved case_421.json (41509 chars, theories=L2_MUTATION_NO_TITLE,L3_MISC_CASE_NO_TITLE_ADJUDICATION)
  [fetch] saved case_445.json (118431 chars, theories=L3_MISC_CASE_NO_TITLE_ADJUDICATION)
  progress: 25/797 for this group
  [fetch] saved case_462.json (332287 chars, theories=L1_SA_KHATIAN_PRESUMPTION)
  [fetch] saved case_479.json (27556 chars, theories=L1_SA_KHATIAN_PRESUMPTION)
  [fetch] saved case_483.json (12437 chars, theories=L1_SA_KHATIAN_PRESUMPTION)
  [fetch] saved case_510.json (329700 chars, theories=L1_SA_KHATIAN_PRESUMPTION,L2_MUTATION_NO_TITLE)
  [fetch] saved case_601.json (20332 chars, theories=L1_SA_KHATIAN_PRESUMPTION)
  [fetch] saved case_617.json (167512 chars, theories=L2_MUTATION_NO_TITLE,L3_MISC_CASE_NO_TITLE_ADJUDICATION)
  [fetch] saved case_625.json (55074 chars, theories=L2_MUTATION_NO_TITLE)
  [fetch] saved case_735.json (14890 chars, theories=L2_MUTATION_NO_TITLE)
  [fetch] saved case_744.json (13286 chars, theories=L1_SA_KHATIAN_PRESUMPTION)
  [fetch] saved case_746.json (34818 chars, theories=L2_MUTATION_NO_TITLE,L3_MISC_CASE_NO_TITLE_ADJUDICATION)
  [fetch] saved case_758.json (37314 chars, theories=L2_MUTATION_NO_TITLE,L3_MISC_CASE_NO_TITLE_ADJUDICATION)
  [fetch] saved case_764.json (17582 chars, theories=L3_MISC_CASE_NO_TITLE_ADJUDICATION)
  [fetch] saved case_774.json (57991 chars, theories=L2_MUTATION_NO_TITLE)
  [fetch] saved case_792.json (41023 chars, theories=L2_MUTATION_NO_TITLE)
  [fetch] saved case_798.json (13855 chars, theories=L1_SA_KHATIAN_PRESUMPTION)
  [fetch] saved case_821.json (17820 chars, theories=L3_MISC_CASE_NO_TITLE_ADJUDICATION)
  [fetch] saved case_831.json (30906 chars, theories=L3_MISC_CASE_NO_TITLE_ADJUDICATION)
  [fetch] saved case_839.json (17664 chars, theories=L1_SA_KHATIAN_PRESUMPTION)
  [fetch] saved case_843.json (18255 chars, theories=L3_MISC_CASE_NO_TITLE_ADJUDICATION)
  [fetch] saved case_850.json (45583 chars, theories=L1_SA_KHATIAN_PRESUMPTION,L2_MUTATION_NO_TITLE)
  [fetch] saved case_857.json (13106 chars, theories=L3_MISC_CASE_NO_TITLE_ADJUDICATION)
  [fetch] saved case_878.json (20328 chars, theories=L1_SA_KHATIAN_PRESUMPTION)
  [fetch] saved case_895.json (81957 chars, theories=L2_MUTATION_NO_TITLE)
  [fetch] saved case_944.json (23496 chars, theories=L1_SA_KHATIAN_PRESUMPTION,L2_MUTATION_NO_TITLE)
  [fetch] saved case_960.json (1236624 chars, theories=L1_SA_KHATIAN_PRESUMPTION,L2_MUTATION_NO_TITLE,L3_MISC_CASE_NO_TITLE_ADJUDICATION)
  progress: 50/797 for this group
  [fetch] saved case_984.json (62348 chars, theories=L1_SA_KHATIAN_PRESUMPTION)
  [fetch] saved case_1173.json (13603 chars, theories=L1_SA_KHATIAN_PRESUMPTION)
  [fetch] saved case_1176.json (18263 chars, theories=L2_MUTATION_NO_TITLE)
  [fetch] saved case_1202.json (20750 chars, theories=L2_MUTATION_NO_TITLE)
  [fetch] saved case_1233.json (84085 chars, theories=L2_MUTATION_NO_TITLE)
  [fetch] saved case_1259.json (37073 chars, theories=L1_SA_KHATIAN_PRESUMPTION)
  [fetch] saved case_1286.json (926883 chars, theories=L1_SA_KHATIAN_PRESUMPTION)
  [fetch] saved case_1294.json (237270 chars, theories=L1_SA_KHATIAN_PRESUMPTION)
  [fetch] saved case_1301.json (15951 chars, theories=L3_MISC_CASE_NO_TITLE_ADJUDICATION)
  [fetch] saved case_1320.json (15202 chars, theories=L3_MISC_CASE_NO_TITLE_ADJUDICATION)
  [fetch] saved case_1327.json (10439 chars, theories=L1_SA_KHATIAN_PRESUMPTION,L2_MUTATION_NO_TITLE)
  [fetch] saved case_1353.json (81232 chars, theories=L3_MISC_CASE_NO_TITLE_ADJUDICATION)
  [fetch] saved case_1360.json (758666 chars, theories=L1_SA_KHATIAN_PRESUMPTION,L2_MUTATION_NO_TITLE,L3_MISC_CASE_NO_TITLE_ADJUDICATION)
  [fetch] saved case_1362.json (10284 chars, theories=L2_MUTATION_NO_TITLE)
  [fetch] saved case_1395.json (12046 chars, theories=L3_MISC_CASE_NO_TITLE_ADJUDICATION)
  [fetch] saved case_1399.json (32756 chars, theories=L3_MISC_CASE_NO_TITLE_ADJUDICATION)
  [fetch] saved case_1443.json (32099 chars, theories=L1_SA_KHATIAN_PRESUMPTION,L2_MUTATION_NO_TITLE,L3_MISC_CASE_NO_TITLE_ADJUDICATION)
  [fetch] saved case_1498.json (66779 chars, theories=L3_MISC_CASE_NO_TITLE_ADJUDICATION)
  [fetch] saved case_1507.json (45334 chars, theories=L1_SA_KHATIAN_PRESUMPTION,L2_MUTATION_NO_TITLE)
  [fetch] saved case_1525.json (29145 chars, theories=L1_SA_KHATIAN_PRESUMPTION,L2_MUTATION_NO_TITLE)
  [fetch] saved case_1531.json (14321 chars, theories=L3_MISC_CASE_NO_TITLE_ADJUDICATION)
  [fetch] saved case_1536.json (23718 chars, theories=L1_SA_KHATIAN_PRESUMPTION)
  [fetch] saved case_1547.json (30293 chars, theories=L1_SA_KHATIAN_PRESUMPTION,L2_MUTATION_NO_TITLE)
  [fetch] saved case_1690.json (15939 chars, theories=L1_SA_KHATIAN_PRESUMPTION)
  [fetch] saved case_1748.json (24065 chars, theories=L1_SA_KHATIAN_PRESUMPTION)
  progress: 75/797 for this group
  [fetch] saved case_1773.json (22751 chars, theories=L1_SA_KHATIAN_PRESUMPTION)
  [fetch] saved case_1797.json (24613 chars, theories=L3_MISC_CASE_NO_TITLE_ADJUDICATION)
  [fetch] saved case_1850.json (21004 chars, theories=L2_MUTATION_NO_TITLE)
  [fetch] saved case_1855.json (7489 chars, theories=L2_MUTATION_NO_TITLE)
  [fetch] saved case_1957.json (67661 chars, theories=L2_MUTATION_NO_TITLE)
  [fetch] saved case_1990.json (23075 chars, theories=L2_MUTATION_NO_TITLE,L3_MISC_CASE_NO_TITLE_ADJUDICATION)
  [fetch] saved case_1996.json (22996 chars, theories=L1_SA_KHATIAN_PRESUMPTION)
  [fetch] saved case_2007.json (132862 chars, theories=L1_SA_KHATIAN_PRESUMPTION,L2_MUTATION_NO_TITLE)
  [fetch] saved case_2022.json (26545 chars, theories=L2_MUTATION_NO_TITLE,L3_MISC_CASE_NO_TITLE_ADJUDICATION)
  [fetch] saved case_2025.json (33193 chars, theories=L1_SA_KHATIAN_PRESUMPTION)
  [fetch] saved case_2030.json (37431 chars, theories=L3_MISC_CASE_NO_TITLE_ADJUDICATION)
  [fetch] saved case_2071.json (36816 chars, theories=L3_MISC_CASE_NO_TITLE_ADJUDICATION)
  [fetch] saved case_2080.json (11998 chars, theories=L2_MUTATION_NO_TITLE)
  [fetch] saved case_2120.json (21285 chars, theories=L1_SA_KHATIAN_PRESUMPTION)
  [fetch] saved case_2121.json (107403 chars, theories=L2_MUTATION_NO_TITLE)
  [fetch] saved case_2151.json (25557 chars, theories=L2_MUTATION_NO_TITLE)
  [fetch] saved case_2162.json (14975 chars, theories=L1_SA_KHATIAN_PRESUMPTION)
  [fetch] saved case_2177.json (13146 chars, theories=L1_SA_KHATIAN_PRESUMPTION)
  [fetch] saved case_2184.json (18509 chars, theories=L3_MISC_CASE_NO_TITLE_ADJUDICATION)
  [fetch] saved case_2205.json (10497 chars, theories=L3_MISC_CASE_NO_TITLE_ADJUDICATION)
  [fetch] saved case_2219.json (11374 chars, theories=L1_SA_KHATIAN_PRESUMPTION)
  [fetch] saved case_2261.json (64807 chars, theories=L2_MUTATION_NO_TITLE)
  [fetch] saved case_2297.json (17962 chars, theories=L2_MUTATION_NO_TITLE)
  [fetch] saved case_2408.json (11793 chars, theories=L2_MUTATION_NO_TITLE)
  [fetch] saved case_2423.json (27938 chars, theories=L3_MISC_CASE_NO_TITLE_ADJUDICATION)
  progress: 100/797 for this group
  [fetch] saved case_2465.json (21552 chars, theories=L2_MUTATION_NO_TITLE)
  [fetch] saved case_2475.json (14949 chars, theories=L1_SA_KHATIAN_PRESUMPTION)
  [fetch] saved case_2485.json (9429 chars, theories=L2_MUTATION_NO_TITLE)
  [fetch] saved case_2516.json (9651 chars, theories=L3_MISC_CASE_NO_TITLE_ADJUDICATION)
  [fetch] saved case_2597.json (23056 chars, theories=L2_MUTATION_NO_TITLE)
  [fetch] saved case_2675.json (33165 chars, theories=L2_MUTATION_NO_TITLE)
  [fetch] saved case_2738.json (107930 chars, theories=L1_SA_KHATIAN_PRESUMPTION)
  [fetch] saved case_2783.json (36467 chars, theories=L1_SA_KHATIAN_PRESUMPTION,L2_MUTATION_NO_TITLE)
  [fetch] saved case_2792.json (17288 chars, theories=L2_MUTATION_NO_TITLE)
  [fetch] saved case_2807.json (34429 chars, theories=L2_MUTATION_NO_TITLE,L3_MISC_CASE_NO_TITLE_ADJUDICATION)
  [fetch] saved case_2811.json (28829 chars, theories=L1_SA_KHATIAN_PRESUMPTION)
  [fetch] saved case_2945.json (30116 chars, theories=L1_SA_KHATIAN_PRESUMPTION)
  [fetch] saved case_2966.json (24731 chars, theories=L2_MUTATION_NO_TITLE,L3_MISC_CASE_NO_TITLE_ADJUDICATION)
  [fetch] saved case_2969.json (12175 chars, theories=L1_SA_KHATIAN_PRESUMPTION)
  [fetch] saved case_2981.json (18161 chars, theories=L2_MUTATION_NO_TITLE)
  [fetch] saved case_3024.json (27209 chars, theories=L3_MISC_CASE_NO_TITLE_ADJUDICATION)
  [fetch] saved case_3043.json (37336 chars, theories=L1_SA_KHATIAN_PRESUMPTION,L2_MUTATION_NO_TITLE,L3_MISC_CASE_NO_TITLE_ADJUDICATION)
  [fetch] saved case_3063.json (27721 chars, theories=L1_SA_KHATIAN_PRESUMPTION)
  [fetch] saved case_3081.json (34490 chars, theories=L1_SA_KHATIAN_PRESUMPTION,L2_MUTATION_NO_TITLE)
  [fetch] saved case_3083.json (8855 chars, theories=L2_MUTATION_NO_TITLE)
  [fetch] saved case_3086.json (87991 chars, theories=L2_MUTATION_NO_TITLE)
  [fetch] saved case_3144.json (570431 chars, theories=L1_SA_KHATIAN_PRESUMPTION)
  [fetch] saved case_3168.json (41249 chars, theories=L2_MUTATION_NO_TITLE)
  [fetch] saved case_3194.json (12348 chars, theories=L1_SA_KHATIAN_PRESUMPTION)
  [fetch] saved case_3201.json (20669 chars, theories=L1_SA_KHATIAN_PRESUMPTION)
  progress: 125/797 for this group
  [fetch] saved case_3251.json (62507 chars, theories=L2_MUTATION_NO_TITLE)
  [fetch] saved case_3441.json (35009 chars, theories=L1_SA_KHATIAN_PRESUMPTION)
  [fetch] saved case_3461.json (60794 chars, theories=L1_SA_KHATIAN_PRESUMPTION)
  [fetch] saved case_3482.json (26968 chars, theories=L2_MUTATION_NO_TITLE)
  [fetch] saved case_3505.json (37249 chars, theories=L2_MUTATION_NO_TITLE)
  [fetch] saved case_3600.json (21696 chars, theories=L2_MUTATION_NO_TITLE)
  [fetch] saved case_3636.json (10998 chars, theories=L1_SA_KHATIAN_PRESUMPTION)
  [fetch] saved case_3638.json (52565 chars, theories=L1_SA_KHATIAN_PRESUMPTION)
  [fetch] saved case_3678.json (75996 chars, theories=L1_SA_KHATIAN_PRESUMPTION)
  [fetch] saved case_3787.json (31457 chars, theories=L1_SA_KHATIAN_PRESUMPTION,L2_MUTATION_NO_TITLE)
  [fetch] saved case_3899.json (68678 chars, theories=L1_SA_KHATIAN_PRESUMPTION)
  [fetch] saved case_3943.json (26091 chars, theories=L2_MUTATION_NO_TITLE)
  [fetch] saved case_3992.json (23132 chars, theories=L1_SA_KHATIAN_PRESUMPTION)
  [fetch] saved case_4032.json (24284 chars, theories=L2_MUTATION_NO_TITLE)
  [fetch] saved case_4054.json (40961 chars, theories=L1_SA_KHATIAN_PRESUMPTION,L2_MUTATION_NO_TITLE)
  [fetch] saved case_4083.json (5779 chars, theories=L1_SA_KHATIAN_PRESUMPTION)
  [fetch] saved case_4121.json (25693 chars, theories=L1_SA_KHATIAN_PRESUMPTION)
  [fetch] saved case_4129.json (25840 chars, theories=L1_SA_KHATIAN_PRESUMPTION)
  [fetch] saved case_4133.json (16710 chars, theories=L1_SA_KHATIAN_PRESUMPTION)
  [fetch] saved case_4137.json (8644 chars, theories=L2_MUTATION_NO_TITLE)
  [fetch] saved case_4256.json (26872 chars, theories=L2_MUTATION_NO_TITLE)
  [fetch] saved case_4344.json (14485 chars, theories=L1_SA_KHATIAN_PRESUMPTION)
  [fetch] saved case_4366.json (13748 chars, theories=L1_SA_KHATIAN_PRESUMPTION)
  [fetch] saved case_4389.json (39111 chars, theories=L3_MISC_CASE_NO_TITLE_ADJUDICATION)
  [fetch] saved case_4442.json (24632 chars, theories=L1_SA_KHATIAN_PRESUMPTION)
  progress: 150/797 for this group
  [fetch] saved case_4446.json (28812 chars, theories=L1_SA_KHATIAN_PRESUMPTION)
  [fetch] saved case_4533.json (614762 chars, theories=L1_SA_KHATIAN_PRESUMPTION,L2_MUTATION_NO_TITLE,L3_MISC_CASE_NO_TITLE_ADJUDICATION)
  [fetch] saved case_4573.json (11213 chars, theories=L1_SA_KHATIAN_PRESUMPTION)
  [fetch] saved case_4583.json (46418 chars, theories=L3_MISC_CASE_NO_TITLE_ADJUDICATION)
=== interleaved: discover each theory group, then fetch its full text right away ===

--- Theory: L1_SA_KHATIAN_PRESUMPTION ---
  [retrieve] L1_SA_KHATIAN_PRESUMPTION discovery done, 643 case(s) awaiting full text...
  [fetch] saved case_4601.json (65196 chars, theories=L2_MUTATION_NO_TITLE)
  [fetch] saved case_4658.json (20788 chars, theories=L3_MISC_CASE_NO_TITLE_ADJUDICATION)
  [fetch] saved case_4660.json (58482 chars, theories=L2_MUTATION_NO_TITLE,L3_MISC_CASE_NO_TITLE_ADJUDICATION)
  [fetch] saved case_4675.json (28281 chars, theories=L3_MISC_CASE_NO_TITLE_ADJUDICATION)
  [fetch] saved case_4774.json (36773 chars, theories=L2_MUTATION_NO_TITLE)
  [fetch] saved case_4890.json (51571 chars, theories=L2_MUTATION_NO_TITLE,L3_MISC_CASE_NO_TITLE_ADJUDICATION)
  [fetch] saved case_4895.json (21383 chars, theories=L3_MISC_CASE_NO_TITLE_ADJUDICATION)
  [fetch] saved case_4901.json (12441 chars, theories=L1_SA_KHATIAN_PRESUMPTION)
  [fetch] saved case_4903.json (43843 chars, theories=L2_MUTATION_NO_TITLE)
  [fetch] saved case_4960.json (12370 chars, theories=L3_MISC_CASE_NO_TITLE_ADJUDICATION)
  [fetch] saved case_4964.json (9078 chars, theories=L1_SA_KHATIAN_PRESUMPTION)
  [fetch] saved case_5006.json (32055 chars, theories=L2_MUTATION_NO_TITLE,L3_MISC_CASE_NO_TITLE_ADJUDICATION)
  [fetch] saved case_5018.json (9991 chars, theories=L1_SA_KHATIAN_PRESUMPTION)
  [fetch] saved case_5244.json (26769 chars, theories=L3_MISC_CASE_NO_TITLE_ADJUDICATION)
  [fetch] saved case_5287.json (18757 chars, theories=L2_MUTATION_NO_TITLE)
  [fetch] saved case_5304.json (18620 chars, theories=L1_SA_KHATIAN_PRESUMPTION)
  [fetch] saved case_5352.json (19588 chars, theories=L1_SA_KHATIAN_PRESUMPTION)
  [fetch] saved case_5393.json (92761 chars, theories=L1_SA_KHATIAN_PRESUMPTION)
  [fetch] saved case_5438.json (17501 chars, theories=L1_SA_KHATIAN_PRESUMPTION)
  [fetch] saved case_5524.json (46717 chars, theories=L1_SA_KHATIAN_PRESUMPTION,L2_MUTATION_NO_TITLE)
  [fetch] saved case_5600.json (20001 chars, theories=L1_SA_KHATIAN_PRESUMPTION)
  [fetch] saved case_5680.json (9735 chars, theories=L1_SA_KHATIAN_PRESUMPTION)
  [fetch] saved case_5715.json (23118 chars, theories=L3_MISC_CASE_NO_TITLE_ADJUDICATION)
  [fetch] saved case_5751.json (11158 chars, theories=L1_SA_KHATIAN_PRESUMPTION)
  [fetch] saved case_5773.json (52463 chars, theories=L2_MUTATION_NO_TITLE)
  progress: 25/643 for this group
  [fetch] saved case_5825.json (13903 chars, theories=L2_MUTATION_NO_TITLE)
  [fetch] saved case_5828.json (73687 chars, theories=L1_SA_KHATIAN_PRESUMPTION)
  [fetch] saved case_5927.json (31787 chars, theories=L1_SA_KHATIAN_PRESUMPTION,L2_MUTATION_NO_TITLE)
  [fetch] saved case_5945.json (13046 chars, theories=L1_SA_KHATIAN_PRESUMPTION)
  [fetch] saved case_5978.json (29062 chars, theories=L3_MISC_CASE_NO_TITLE_ADJUDICATION)
  [fetch] saved case_6009.json (6300 chars, theories=L1_SA_KHATIAN_PRESUMPTION)
  [fetch] saved case_6100.json (16863 chars, theories=L1_SA_KHATIAN_PRESUMPTION)
  [fetch] saved case_6142.json (9650 chars, theories=L1_SA_KHATIAN_PRESUMPTION)
  [fetch] saved case_6184.json (17104 chars, theories=L1_SA_KHATIAN_PRESUMPTION)
  [fetch] saved case_6235.json (16973 chars, theories=L1_SA_KHATIAN_PRESUMPTION)
  [fetch] saved case_6306.json (27321 chars, theories=L3_MISC_CASE_NO_TITLE_ADJUDICATION)
  [fetch] saved case_6461.json (46361 chars, theories=L1_SA_KHATIAN_PRESUMPTION)
  [fetch] saved case_6626.json (35494 chars, theories=L1_SA_KHATIAN_PRESUMPTION)
  [fetch] saved case_6652.json (26426 chars, theories=L1_SA_KHATIAN_PRESUMPTION)
  [fetch] saved case_6681.json (14199 chars, theories=L3_MISC_CASE_NO_TITLE_ADJUDICATION)
  [fetch] saved case_6700.json (61967 chars, theories=L1_SA_KHATIAN_PRESUMPTION,L2_MUTATION_NO_TITLE)
  [fetch] saved case_6711.json (30152 chars, theories=L2_MUTATION_NO_TITLE)
  [fetch] saved case_6713.json (14699 chars, theories=L1_SA_KHATIAN_PRESUMPTION)
  [fetch] saved case_6777.json (61108 chars, theories=L3_MISC_CASE_NO_TITLE_ADJUDICATION)
  [fetch] saved case_6785.json (11903 chars, theories=L2_MUTATION_NO_TITLE)
  [fetch] saved case_6841.json (33335 chars, theories=L1_SA_KHATIAN_PRESUMPTION)
  [fetch] saved case_6874.json (27430 chars, theories=L3_MISC_CASE_NO_TITLE_ADJUDICATION)
  [fetch] saved case_6901.json (22251 chars, theories=L3_MISC_CASE_NO_TITLE_ADJUDICATION)
  [fetch] saved case_6904.json (51637 chars, theories=L3_MISC_CASE_NO_TITLE_ADJUDICATION)
  [fetch] saved case_6920.json (10626 chars, theories=L3_MISC_CASE_NO_TITLE_ADJUDICATION)
  progress: 50/643 for this group
  [fetch] saved case_6922.json (20913 chars, theories=L2_MUTATION_NO_TITLE)
  [fetch] saved case_6948.json (61305 chars, theories=L1_SA_KHATIAN_PRESUMPTION)
  [fetch] saved case_7054.json (18958 chars, theories=L3_MISC_CASE_NO_TITLE_ADJUDICATION)
  [fetch] saved case_7078.json (92404 chars, theories=L3_MISC_CASE_NO_TITLE_ADJUDICATION)
  [fetch] saved case_7082.json (11120 chars, theories=L2_MUTATION_NO_TITLE,L3_MISC_CASE_NO_TITLE_ADJUDICATION)
  [fetch] saved case_7099.json (37209 chars, theories=L3_MISC_CASE_NO_TITLE_ADJUDICATION)
  [fetch] saved case_7114.json (12115 chars, theories=L2_MUTATION_NO_TITLE)
  [fetch] saved case_7127.json (22012 chars, theories=L1_SA_KHATIAN_PRESUMPTION)
  [fetch] saved case_7151.json (37254 chars, theories=L3_MISC_CASE_NO_TITLE_ADJUDICATION)
  [fetch] saved case_7184.json (44148 chars, theories=L1_SA_KHATIAN_PRESUMPTION,L2_MUTATION_NO_TITLE)
  [fetch] saved case_7207.json (4143 chars, theories=L1_SA_KHATIAN_PRESUMPTION)
  [fetch] saved case_7216.json (15437 chars, theories=L3_MISC_CASE_NO_TITLE_ADJUDICATION)
  [fetch] saved case_7290.json (50367 chars, theories=L2_MUTATION_NO_TITLE,L3_MISC_CASE_NO_TITLE_ADJUDICATION)
  [fetch] saved case_7299.json (44009 chars, theories=L1_SA_KHATIAN_PRESUMPTION)
  [fetch] saved case_7441.json (25154 chars, theories=L1_SA_KHATIAN_PRESUMPTION)
  [fetch] saved case_7457.json (25585 chars, theories=L1_SA_KHATIAN_PRESUMPTION)
  [fetch] saved case_7488.json (25034 chars, theories=L1_SA_KHATIAN_PRESUMPTION)
  [fetch] saved case_7561.json (31339 chars, theories=L3_MISC_CASE_NO_TITLE_ADJUDICATION)
  [fetch] saved case_7570.json (39310 chars, theories=L2_MUTATION_NO_TITLE,L3_MISC_CASE_NO_TITLE_ADJUDICATION)
  [fetch] saved case_7578.json (18981 chars, theories=L3_MISC_CASE_NO_TITLE_ADJUDICATION)
  [fetch] saved case_7599.json (33666 chars, theories=L1_SA_KHATIAN_PRESUMPTION)
  [fetch] saved case_7652.json (73777 chars, theories=L2_MUTATION_NO_TITLE,L3_MISC_CASE_NO_TITLE_ADJUDICATION)
  [fetch] saved case_7679.json (45484 chars, theories=L1_SA_KHATIAN_PRESUMPTION,L2_MUTATION_NO_TITLE)
  [fetch] saved case_7687.json (31388 chars, theories=L3_MISC_CASE_NO_TITLE_ADJUDICATION)
  [fetch] saved case_7739.json (99077 chars, theories=L2_MUTATION_NO_TITLE,L3_MISC_CASE_NO_TITLE_ADJUDICATION)
  progress: 75/643 for this group
  [fetch] saved case_7744.json (201875 chars, theories=L2_MUTATION_NO_TITLE,L3_MISC_CASE_NO_TITLE_ADJUDICATION)
  [fetch] saved case_7756.json (34979 chars, theories=L1_SA_KHATIAN_PRESUMPTION)
  [fetch] saved case_7757.json (11122 chars, theories=L1_SA_KHATIAN_PRESUMPTION)
  [fetch] saved case_7773.json (59760 chars, theories=L1_SA_KHATIAN_PRESUMPTION,L2_MUTATION_NO_TITLE,L3_MISC_CASE_NO_TITLE_ADJUDICATION)
  [fetch] saved case_7793.json (19832 chars, theories=L3_MISC_CASE_NO_TITLE_ADJUDICATION)
  [fetch] saved case_7804.json (21271 chars, theories=L3_MISC_CASE_NO_TITLE_ADJUDICATION)
=== interleaved: discover each theory group, then fetch its full text right away ===

--- Theory: L13_CITED_AUTHORITIES_VERIFY ---
  [discover] L13_CITED_AUTHORITIES_VERIFY :: "56 DLR (AD) 53" page 1 -> 20 items, candidates so far: 812
  [discover] L13_CITED_AUTHORITIES_VERIFY :: "56 DLR (AD) 53" page 2 -> 20 items, candidates so far: 831
  [discover] L13_CITED_AUTHORITIES_VERIFY :: "56 DLR (AD) 53" page 3 -> 20 items, candidates so far: 844
  [discover] L13_CITED_AUTHORITIES_VERIFY :: "56 DLR (AD) 53" page 4 -> 20 items, candidates so far: 860
  [discover] L13_CITED_AUTHORITIES_VERIFY :: "56 DLR (AD) 53" page 5 -> 20 items, candidates so far: 877
  [discover] L13_CITED_AUTHORITIES_VERIFY :: "56 DLR (AD) 53" page 6 -> 20 items, candidates so far: 894
  [discover] L13_CITED_AUTHORITIES_VERIFY :: "56 DLR (AD) 53" page 7 -> 20 items, candidates so far: 911
  [discover] L13_CITED_AUTHORITIES_VERIFY :: "56 DLR (AD) 53" page 8 -> 20 items, candidates so far: 928
  [discover] L13_CITED_AUTHORITIES_VERIFY :: "56 DLR (AD) 53" page 9 -> 20 items, candidates so far: 947
  [discover] L13_CITED_AUTHORITIES_VERIFY :: "56 DLR (AD) 53" page 10 -> 20 items, candidates so far: 965
  [discover] L13_CITED_AUTHORITIES_VERIFY :: "56 DLR (AD) 53" page 11 -> 20 items, candidates so far: 982
  [discover] L13_CITED_AUTHORITIES_VERIFY :: "56 DLR (AD) 53" page 12 -> 20 items, candidates so far: 995
  [discover] L13_CITED_AUTHORITIES_VERIFY :: "56 DLR (AD) 53" page 13 -> 20 items, candidates so far: 1014
  [discover] L13_CITED_AUTHORITIES_VERIFY :: "56 DLR (AD) 53" page 14 -> 20 items, candidates so far: 1030
  [discover] L13_CITED_AUTHORITIES_VERIFY :: "56 DLR (AD) 53" page 15 -> 20 items, candidates so far: 1047
  [discover] L13_CITED_AUTHORITIES_VERIFY :: "56 DLR (AD) 53" page 16 -> 20 items, candidates so far: 1067
  [discover] L13_CITED_AUTHORITIES_VERIFY :: "56 DLR (AD) 53" page 17 -> 20 items, candidates so far: 1086
  [discover] L13_CITED_AUTHORITIES_VERIFY :: "56 DLR (AD) 53" page 18 -> 20 items, candidates so far: 1103
  [discover] L13_CITED_AUTHORITIES_VERIFY :: "56 DLR (AD) 53" page 19 -> 20 items, candidates so far: 1119
  [discover] L13_CITED_AUTHORITIES_VERIFY :: "56 DLR (AD) 53" page 20 -> 20 items, candidates so far: 1136
  [discover] L13_CITED_AUTHORITIES_VERIFY :: "56 DLR (AD) 53" page 21 -> 20 items, candidates so far: 1155
  [discover] L13_CITED_AUTHORITIES_VERIFY :: "56 DLR (AD) 53" page 22 -> 20 items, candidates so far: 1172
  [discover] L13_CITED_AUTHORITIES_VERIFY :: "56 DLR (AD) 53" page 23 -> 20 items, candidates so far: 1190
  [discover] L13_CITED_AUTHORITIES_VERIFY :: "56 DLR (AD) 53" page 24 -> 20 items, candidates so far: 1210
  [discover] L13_CITED_AUTHORITIES_VERIFY :: "56 DLR (AD) 53" page 25 -> 20 items, candidates so far: 1228
  [discover] L13_CITED_AUTHORITIES_VERIFY :: "56 DLR (AD) 53" page 26 -> 20 items, candidates so far: 1247
  [discover] L13_CITED_AUTHORITIES_VERIFY :: "56 DLR (AD) 53" page 27 -> 20 items, candidates so far: 1266
  [discover] L13_CITED_AUTHORITIES_VERIFY :: "56 DLR (AD) 53" page 28 -> 20 items, candidates so far: 1282
  [discover] L13_CITED_AUTHORITIES_VERIFY :: "56 DLR (AD) 53" page 29 -> 20 items, candidates so far: 1301
  [!] error page 30 for "56 DLR (AD) 53": timeout
  [discover] L13_CITED_AUTHORITIES_VERIFY :: "56 DLR (AD) 53" page 30 -> 20 items, candidates so far: 1321
  [!] hit MAX_PAGES_PER_KEYWORD cap for "56 DLR (AD) 53" - results beyond this page were NOT scanned.
  [discover] L13_CITED_AUTHORITIES_VERIFY :: "45 DLR (AD) 124" page 1 -> 20 items, candidates so far: 1335
  [discover] L13_CITED_AUTHORITIES_VERIFY :: "45 DLR (AD) 124" page 2 -> 20 items, candidates so far: 1349
  [discover] L13_CITED_AUTHORITIES_VERIFY :: "45 DLR (AD) 124" page 3 -> 20 items, candidates so far: 1364
  [discover] L13_CITED_AUTHORITIES_VERIFY :: "45 DLR (AD) 124" page 4 -> 20 items, candidates so far: 1375
  [discover] L13_CITED_AUTHORITIES_VERIFY :: "45 DLR (AD) 124" page 5 -> 20 items, candidates so far: 1390
  [discover] L13_CITED_AUTHORITIES_VERIFY :: "45 DLR (AD) 124" page 6 -> 4 items, candidates so far: 1392
  [discover] L13_CITED_AUTHORITIES_VERIFY :: "Nuruddin Ahmed Md Jaman" page 1 -> 20 items, candidates so far: 1407
  [discover] L13_CITED_AUTHORITIES_VERIFY :: "27 BLD 544" page 1 -> 3 items, candidates so far: 1409
  [!] error page 1 for "53 DLR 19": timeout
  [discover] L13_CITED_AUTHORITIES_VERIFY :: "53 DLR 19" page 1 -> 20 items, candidates so far: 1409
  [!] error page 2 for "53 DLR 19": timeout
  [discover] L13_CITED_AUTHORITIES_VERIFY :: "53 DLR 19" page 2 -> 20 items, candidates so far: 1409
  [discover] L13_CITED_AUTHORITIES_VERIFY :: "53 DLR 19" page 3 -> 20 items, candidates so far: 1409
  [discover] L13_CITED_AUTHORITIES_VERIFY :: "53 DLR 19" page 4 -> 20 items, candidates so far: 1409
  [discover] L13_CITED_AUTHORITIES_VERIFY :: "53 DLR 19" page 5 -> 20 items, candidates so far: 1409
  [!] error page 6 for "53 DLR 19": timeout
  [discover] L13_CITED_AUTHORITIES_VERIFY :: "53 DLR 19" page 6 -> 20 items, candidates so far: 1409
  [discover] L13_CITED_AUTHORITIES_VERIFY :: "53 DLR 19" page 7 -> 20 items, candidates so far: 1409
  [discover] L13_CITED_AUTHORITIES_VERIFY :: "53 DLR 19" page 8 -> 20 items, candidates so far: 1409
  [discover] L13_CITED_AUTHORITIES_VERIFY :: "53 DLR 19" page 9 -> 20 items, candidates so far: 1409
  [discover] L13_CITED_AUTHORITIES_VERIFY :: "53 DLR 19" page 10 -> 20 items, candidates so far: 1409
  [discover] L13_CITED_AUTHORITIES_VERIFY :: "53 DLR 19" page 11 -> 20 items, candidates so far: 1409
  [discover] L13_CITED_AUTHORITIES_VERIFY :: "53 DLR 19" page 12 -> 20 items, candidates so far: 1409
=== interleaved: discover each theory group, then fetch its full text right away ===

--- Theory: L13_CITED_AUTHORITIES_VERIFY ---
  [discover] L13_CITED_AUTHORITIES_VERIFY :: "53 DLR 19" page 13 -> 20 items, candidates so far: 1442
  [discover] L13_CITED_AUTHORITIES_VERIFY :: "53 DLR 19" page 14 -> 20 items, candidates so far: 1442
  [discover] L13_CITED_AUTHORITIES_VERIFY :: "53 DLR 19" page 15 -> 20 items, candidates so far: 1442
  [discover] L13_CITED_AUTHORITIES_VERIFY :: "53 DLR 19" page 16 -> 20 items, candidates so far: 1442
  [discover] L13_CITED_AUTHORITIES_VERIFY :: "53 DLR 19" page 17 -> 20 items, candidates so far: 1442
  [discover] L13_CITED_AUTHORITIES_VERIFY :: "53 DLR 19" page 18 -> 20 items, candidates so far: 1442
  [discover] L13_CITED_AUTHORITIES_VERIFY :: "53 DLR 19" page 19 -> 20 items, candidates so far: 1442
  [discover] L13_CITED_AUTHORITIES_VERIFY :: "53 DLR 19" page 20 -> 20 items, candidates so far: 1442
  [discover] L13_CITED_AUTHORITIES_VERIFY :: "53 DLR 19" page 21 -> 20 items, candidates so far: 1442
  [discover] L13_CITED_AUTHORITIES_VERIFY :: "53 DLR 19" page 22 -> 20 items, candidates so far: 1442
  [discover] L13_CITED_AUTHORITIES_VERIFY :: "53 DLR 19" page 23 -> 20 items, candidates so far: 1442
  [discover] L13_CITED_AUTHORITIES_VERIFY :: "53 DLR 19" page 24 -> 20 items, candidates so far: 1442
  [discover] L13_CITED_AUTHORITIES_VERIFY :: "53 DLR 19" page 25 -> 20 items, candidates so far: 1442
  [discover] L13_CITED_AUTHORITIES_VERIFY :: "53 DLR 19" page 26 -> 20 items, candidates so far: 1442
  [discover] L13_CITED_AUTHORITIES_VERIFY :: "53 DLR 19" page 27 -> 20 items, candidates so far: 1442
  [discover] L13_CITED_AUTHORITIES_VERIFY :: "53 DLR 19" page 28 -> 20 items, candidates so far: 1442
  [discover] L13_CITED_AUTHORITIES_VERIFY :: "53 DLR 19" page 29 -> 20 items, candidates so far: 1442
  [discover] L13_CITED_AUTHORITIES_VERIFY :: "53 DLR 19" page 30 -> 20 items, candidates so far: 1442
  [!] hit MAX_PAGES_PER_KEYWORD cap for "53 DLR 19" - results beyond this page were NOT scanned. Marked done (capped).
  [discover] L13_CITED_AUTHORITIES_VERIFY :: "29 BLC 160" page 1 -> 20 items, candidates so far: 1456
  [discover] L13_CITED_AUTHORITIES_VERIFY :: "29 BLC 160" page 2 -> 20 items, candidates so far: 1472
  [discover] L13_CITED_AUTHORITIES_VERIFY :: "29 BLC 160" page 3 -> 20 items, candidates so far: 1486
  [discover] L13_CITED_AUTHORITIES_VERIFY :: "29 BLC 160" page 4 -> 1 items, candidates so far: 1487
  [discover] L13_CITED_AUTHORITIES_VERIFY :: "1 BLT 18" page 1 -> 20 items, candidates so far: 1496
  [discover] L13_CITED_AUTHORITIES_VERIFY :: "1 BLT 18" page 2 -> 20 items, candidates so far: 1509
  [discover] L13_CITED_AUTHORITIES_VERIFY :: "1 BLT 18" page 3 -> 20 items, candidates so far: 1519
  [discover] L13_CITED_AUTHORITIES_VERIFY :: "1 BLT 18" page 4 -> 20 items, candidates so far: 1527
  [discover] L13_CITED_AUTHORITIES_VERIFY :: "1 BLT 18" page 5 -> 20 items, candidates so far: 1543
  [discover] L13_CITED_AUTHORITIES_VERIFY :: "1 BLT 18" page 6 -> 20 items, candidates so far: 1558
  [discover] L13_CITED_AUTHORITIES_VERIFY :: "1 BLT 18" page 7 -> 20 items, candidates so far: 1575
  [discover] L13_CITED_AUTHORITIES_VERIFY :: "1 BLT 18" page 8 -> 20 items, candidates so far: 1589
  [discover] L13_CITED_AUTHORITIES_VERIFY :: "1 BLT 18" page 9 -> 20 items, candidates so far: 1607
  [discover] L13_CITED_AUTHORITIES_VERIFY :: "1 BLT 18" page 10 -> 20 items, candidates so far: 1621
  [discover] L13_CITED_AUTHORITIES_VERIFY :: "1 BLT 18" page 11 -> 20 items, candidates so far: 1632
  [discover] L13_CITED_AUTHORITIES_VERIFY :: "1 BLT 18" page 12 -> 20 items, candidates so far: 1645
  [discover] L13_CITED_AUTHORITIES_VERIFY :: "1 BLT 18" page 13 -> 20 items, candidates so far: 1654
  [discover] L13_CITED_AUTHORITIES_VERIFY :: "1 BLT 18" page 14 -> 20 items, candidates so far: 1673
  [discover] L13_CITED_AUTHORITIES_VERIFY :: "1 BLT 18" page 15 -> 20 items, candidates so far: 1688
  [discover] L13_CITED_AUTHORITIES_VERIFY :: "1 BLT 18" page 16 -> 20 items, candidates so far: 1704
  [discover] L13_CITED_AUTHORITIES_VERIFY :: "1 BLT 18" page 17 -> 20 items, candidates so far: 1722
  [discover] L13_CITED_AUTHORITIES_VERIFY :: "1 BLT 18" page 18 -> 20 items, candidates so far: 1733
  [discover] L13_CITED_AUTHORITIES_VERIFY :: "1 BLT 18" page 19 -> 20 items, candidates so far: 1747
  [discover] L13_CITED_AUTHORITIES_VERIFY :: "1 BLT 18" page 20 -> 20 items, candidates so far: 1764
  [discover] L13_CITED_AUTHORITIES_VERIFY :: "1 BLT 18" page 21 -> 20 items, candidates so far: 1780
  [discover] L13_CITED_AUTHORITIES_VERIFY :: "1 BLT 18" page 22 -> 20 items, candidates so far: 1796
  [discover] L13_CITED_AUTHORITIES_VERIFY :: "1 BLT 18" page 23 -> 20 items, candidates so far: 1811
  [discover] L13_CITED_AUTHORITIES_VERIFY :: "1 BLT 18" page 24 -> 20 items, candidates so far: 1825
  [discover] L13_CITED_AUTHORITIES_VERIFY :: "1 BLT 18" page 25 -> 20 items, candidates so far: 1836
  [discover] L13_CITED_AUTHORITIES_VERIFY :: "1 BLT 18" page 26 -> 20 items, candidates so far: 1850
  [discover] L13_CITED_AUTHORITIES_VERIFY :: "1 BLT 18" page 27 -> 20 items, candidates so far: 1866
  [discover] L13_CITED_AUTHORITIES_VERIFY :: "1 BLT 18" page 28 -> 20 items, candidates so far: 1882
  [discover] L13_CITED_AUTHORITIES_VERIFY :: "1 BLT 18" page 29 -> 20 items, candidates so far: 1897
  [discover] L13_CITED_AUTHORITIES_VERIFY :: "1 BLT 18" page 30 -> 20 items, candidates so far: 1909
  [!] hit MAX_PAGES_PER_KEYWORD cap for "1 BLT 18" - results beyond this page were NOT scanned. Marked done (capped).
  [discover] L13_CITED_AUTHORITIES_VERIFY :: "49 DLR (AD) 15" page 1 -> 20 items, candidates so far: 1909
  [discover] L13_CITED_AUTHORITIES_VERIFY :: "49 DLR (AD) 15" page 2 -> 20 items, candidates so far: 1909
  [discover] L13_CITED_AUTHORITIES_VERIFY :: "49 DLR (AD) 15" page 3 -> 20 items, candidates so far: 1909
  [discover] L13_CITED_AUTHORITIES_VERIFY :: "49 DLR (AD) 15" page 4 -> 20 items, candidates so far: 1909
  [discover] L13_CITED_AUTHORITIES_VERIFY :: "49 DLR (AD) 15" page 5 -> 20 items, candidates so far: 1909
  [discover] L13_CITED_AUTHORITIES_VERIFY :: "49 DLR (AD) 15" page 6 -> 20 items, candidates so far: 1909
  [discover] L13_CITED_AUTHORITIES_VERIFY :: "49 DLR (AD) 15" page 7 -> 20 items, candidates so far: 1909
  [discover] L13_CITED_AUTHORITIES_VERIFY :: "49 DLR (AD) 15" page 8 -> 20 items, candidates so far: 1909
  [discover] L13_CITED_AUTHORITIES_VERIFY :: "49 DLR (AD) 15" page 9 -> 20 items, candidates so far: 1909
  [discover] L13_CITED_AUTHORITIES_VERIFY :: "49 DLR (AD) 15" page 10 -> 20 items, candidates so far: 1909
  [discover] L13_CITED_AUTHORITIES_VERIFY :: "49 DLR (AD) 15" page 11 -> 20 items, candidates so far: 1909
  [discover] L13_CITED_AUTHORITIES_VERIFY :: "49 DLR (AD) 15" page 12 -> 20 items, candidates so far: 1909
  [discover] L13_CITED_AUTHORITIES_VERIFY :: "49 DLR (AD) 15" page 13 -> 20 items, candidates so far: 1909
  [discover] L13_CITED_AUTHORITIES_VERIFY :: "49 DLR (AD) 15" page 14 -> 20 items, candidates so far: 1909
  [discover] L13_CITED_AUTHORITIES_VERIFY :: "49 DLR (AD) 15" page 15 -> 20 items, candidates so far: 1909
  [discover] L13_CITED_AUTHORITIES_VERIFY :: "49 DLR (AD) 15" page 16 -> 20 items, candidates so far: 1909
  [discover] L13_CITED_AUTHORITIES_VERIFY :: "49 DLR (AD) 15" page 17 -> 20 items, candidates so far: 1909
  [discover] L13_CITED_AUTHORITIES_VERIFY :: "49 DLR (AD) 15" page 18 -> 20 items, candidates so far: 1909
  [discover] L13_CITED_AUTHORITIES_VERIFY :: "49 DLR (AD) 15" page 19 -> 20 items, candidates so far: 1909
  [discover] L13_CITED_AUTHORITIES_VERIFY :: "49 DLR (AD) 15" page 20 -> 20 items, candidates so far: 1909
  [discover] L13_CITED_AUTHORITIES_VERIFY :: "49 DLR (AD) 15" page 21 -> 20 items, candidates so far: 1909
  [discover] L13_CITED_AUTHORITIES_VERIFY :: "49 DLR (AD) 15" page 22 -> 20 items, candidates so far: 1909
  [discover] L13_CITED_AUTHORITIES_VERIFY :: "49 DLR (AD) 15" page 23 -> 20 items, candidates so far: 1909
  [discover] L13_CITED_AUTHORITIES_VERIFY :: "49 DLR (AD) 15" page 24 -> 20 items, candidates so far: 1909
  [discover] L13_CITED_AUTHORITIES_VERIFY :: "49 DLR (AD) 15" page 25 -> 20 items, candidates so far: 1909
  [discover] L13_CITED_AUTHORITIES_VERIFY :: "49 DLR (AD) 15" page 26 -> 20 items, candidates so far: 1909
  [discover] L13_CITED_AUTHORITIES_VERIFY :: "49 DLR (AD) 15" page 27 -> 20 items, candidates so far: 1909
  [discover] L13_CITED_AUTHORITIES_VERIFY :: "49 DLR (AD) 15" page 28 -> 20 items, candidates so far: 1909
  [discover] L13_CITED_AUTHORITIES_VERIFY :: "49 DLR (AD) 15" page 29 -> 20 items, candidates so far: 1909
  [!] error page 30 for "49 DLR (AD) 15": timeout
  [discover] L13_CITED_AUTHORITIES_VERIFY :: "49 DLR (AD) 15" page 30 -> 20 items, candidates so far: 1909
  [!] hit MAX_PAGES_PER_KEYWORD cap for "49 DLR (AD) 15" - results beyond this page were NOT scanned. Marked done (capped).
  [retrieve] L13_CITED_AUTHORITIES_VERIFY discovery done, 1228 case(s) awaiting full text...
  [fetch] saved case_589.json (14941 chars, theories=L13_CITED_AUTHORITIES_VERIFY)
  [skip] Id 629 is criminal jurisdiction (Criminal), not saved.
  [fetch] saved case_662.json (11351 chars, theories=L13_CITED_AUTHORITIES_VERIFY)
  [skip] Id 665 is criminal jurisdiction (Criminal), not saved.
  [fetch] saved case_678.json (39731 chars, theories=L13_CITED_AUTHORITIES_VERIFY)
  [skip] Id 679 is criminal jurisdiction ((Criminal Appellate Jurisdiction)), not saved.
  [fetch] saved case_682.json (23140 chars, theories=L13_CITED_AUTHORITIES_VERIFY)
  [fetch] saved case_692.json (57273 chars, theories=L13_CITED_AUTHORITIES_VERIFY)
  [skip] Id 699 is criminal jurisdiction ((Criminal Miscellaneous Jurisdiction)), not saved.
  [fetch] saved case_713.json (54372 chars, theories=L13_CITED_AUTHORITIES_VERIFY)
  [skip] Id 714 is criminal jurisdiction (Criminal Miscellaneous Jurisdiction), not saved.
  [fetch] saved case_727.json (7605 chars, theories=L13_CITED_AUTHORITIES_VERIFY)
  [skip] Id 733 is criminal jurisdiction (Criminal Miscellaneous Jurisdiction), not saved.
  [skip] Id 741 is criminal jurisdiction (Criminal Appellate Jurisdiction), not saved.
  [skip] Id 771 is criminal jurisdiction (Criminal Revisional Jurisdiction), not saved.
  [fetch] saved case_772.json (20595 chars, theories=L13_CITED_AUTHORITIES_VERIFY)
  [skip] Id 791 is criminal jurisdiction (Criminal Miscellaneous Jurisdiction), not saved.
  [skip] Id 802 is criminal jurisdiction (Criminal), not saved.
  [fetch] saved case_805.json (26164 chars, theories=L13_CITED_AUTHORITIES_VERIFY)
  [skip] Id 807 is criminal jurisdiction (Criminal Miscellaneous Jurisdiction), not saved.
  [compact] wrote E:\Mahfoz\Latest Advocacy\Resource\Judgements_Appeal38_2026\batch_1.json (200 cases), removed 200 loose file(s)
  [compact] wrote E:\Mahfoz\Latest Advocacy\Resource\Judgements_Appeal38_2026\batch_2.json (200 cases), removed 200 loose file(s)
  [compact] wrote E:\Mahfoz\Latest Advocacy\Resource\Judgements_Appeal38_2026\batch_3.json (200 cases), removed 200 loose file(s)
  [compact] wrote E:\Mahfoz\Latest Advocacy\Resource\Judgements_Appeal38_2026\batch_4.json (16 cases), removed 16 loose file(s)
  [fetch] saved case_810.json (42879 chars, theories=L13_CITED_AUTHORITIES_VERIFY)
  [fetch] saved case_825.json (15154 chars, theories=L13_CITED_AUTHORITIES_VERIFY)
  [skip] Id 826 is criminal jurisdiction (Criminal Miscellaneous Jurisdiction), not saved.
  [skip] Id 827 is criminal jurisdiction (Criminal Appellate Jurisdiction), not saved.
  [skip] Id 830 is criminal jurisdiction ((Criminal Appellate Jurisdiction)), not saved.
  progress: 25/1228 for this group
  [skip] Id 835 is criminal jurisdiction ((Criminal Appellate Jurisdiction)), not saved.
  [fetch] saved case_842.json (17601 chars, theories=L13_CITED_AUTHORITIES_VERIFY)
  [skip] Id 865 is criminal jurisdiction (Criminal), not saved.
  [fetch] saved case_872.json (20623 chars, theories=L13_CITED_AUTHORITIES_VERIFY)
  [fetch] saved case_874.json (7311 chars, theories=L13_CITED_AUTHORITIES_VERIFY)
  [skip] Id 898 is criminal jurisdiction (Criminal Miscellaneous Jurisdiction), not saved.
  [fetch] saved case_899.json (43755 chars, theories=L13_CITED_AUTHORITIES_VERIFY)
  [fetch] saved case_903.json (215489 chars, theories=L13_CITED_AUTHORITIES_VERIFY)
  [fetch] saved case_915.json (37370 chars, theories=L13_CITED_AUTHORITIES_VERIFY)
  [fetch] saved case_917.json (23251 chars, theories=L13_CITED_AUTHORITIES_VERIFY)
  [fetch] saved case_926.json (29188 chars, theories=L13_CITED_AUTHORITIES_VERIFY)
  [skip] Id 941 is criminal jurisdiction ((Criminal Revisional Jurisdiction)), not saved.
  [skip] Id 997 is criminal jurisdiction ((Criminal Appellate Jurisdiction)), not saved.
  [fetch] saved case_1027.json (19111 chars, theories=L13_CITED_AUTHORITIES_VERIFY)
  [fetch] saved case_1040.json (67243 chars, theories=L13_CITED_AUTHORITIES_VERIFY)
  [fetch] saved case_1043.json (16366 chars, theories=L13_CITED_AUTHORITIES_VERIFY)
  [fetch] saved case_1073.json (37000 chars, theories=L13_CITED_AUTHORITIES_VERIFY)
  [fetch] saved case_1079.json (16294 chars, theories=L13_CITED_AUTHORITIES_VERIFY)
  [fetch] saved case_1105.json (381103 chars, theories=L13_CITED_AUTHORITIES_VERIFY)
  [skip] Id 1110 is criminal jurisdiction (Criminal Revisional Jurisdiction), not saved.
  [fetch] saved case_1123.json (49734 chars, theories=L13_CITED_AUTHORITIES_VERIFY)
  [fetch] saved case_1129.json (15200 chars, theories=L13_CITED_AUTHORITIES_VERIFY)
  [skip] Id 1134 is criminal jurisdiction ((Criminal Revisional Jurisdiction)), not saved.
  [fetch] saved case_1155.json (26396 chars, theories=L13_CITED_AUTHORITIES_VERIFY)
  [fetch] saved case_1179.json (33962 chars, theories=L13_CITED_AUTHORITIES_VERIFY)
  progress: 50/1228 for this group
  [skip] Id 1199 is criminal jurisdiction ((Criminal Miscellaneous Jurisdiction)), not saved.
  [skip] Id 1210 is criminal jurisdiction ((Criminal Appellate Jurisdiction)), not saved.
  [fetch] saved case_1224.json (40608 chars, theories=L13_CITED_AUTHORITIES_VERIFY)
  [fetch] saved case_1249.json (27423 chars, theories=L13_CITED_AUTHORITIES_VERIFY)
  [fetch] saved case_1254.json (15065 chars, theories=L13_CITED_AUTHORITIES_VERIFY)
  [fetch] saved case_1262.json (23324 chars, theories=L13_CITED_AUTHORITIES_VERIFY)
  [skip] Id 1263 is criminal jurisdiction ((Criminal Miscellaneous Jurisdiction)), not saved.
  [fetch] saved case_1278.json (79870 chars, theories=L13_CITED_AUTHORITIES_VERIFY)
  [fetch] saved case_1295.json (265807 chars, theories=L13_CITED_AUTHORITIES_VERIFY)
  [fetch] saved case_1304.json (47176 chars, theories=L13_CITED_AUTHORITIES_VERIFY)
  [compact] wrote E:\Mahfoz\Latest Advocacy\Resource\Judgements_Appeal38_2026\batch_5.json (27 cases), removed 27 loose file(s)
  [fetch] saved case_1306.json (65869 chars, theories=L13_CITED_AUTHORITIES_VERIFY)
  [fetch] saved case_1310.json (28595 chars, theories=L13_CITED_AUTHORITIES_VERIFY)
  [fetch] saved case_1334.json (13489 chars, theories=L13_CITED_AUTHORITIES_VERIFY)
  [fetch] saved case_1335.json (238230 chars, theories=L13_CITED_AUTHORITIES_VERIFY)
  [fetch] saved case_1358.json (30960 chars, theories=L13_CITED_AUTHORITIES_VERIFY)
  [fetch] saved case_1369.json (24321 chars, theories=L13_CITED_AUTHORITIES_VERIFY)
  [fetch] saved case_1371.json (13552 chars, theories=L13_CITED_AUTHORITIES_VERIFY)
  [skip] Id 1375 is criminal jurisdiction ((Criminal Appellate Jurisdiction)), not saved.
  [fetch] saved case_1378.json (20619 chars, theories=L13_CITED_AUTHORITIES_VERIFY)
  [skip] Id 1379 is criminal jurisdiction ((Criminal Revisional Jurisdiction)), not saved.
  [fetch] saved case_1392.json (20171 chars, theories=L13_CITED_AUTHORITIES_VERIFY)
  [fetch] saved case_1406.json (53373 chars, theories=L13_CITED_AUTHORITIES_VERIFY)
  [fetch] saved case_1415.json (70616 chars, theories=L13_CITED_AUTHORITIES_VERIFY)
  [skip] Id 1427 is criminal jurisdiction ((Criminal Appellate Jurisdiction)), not saved.
  [fetch] saved case_1435.json (15675 chars, theories=L13_CITED_AUTHORITIES_VERIFY)
  progress: 75/1228 for this group
  [fetch] saved case_1438.json (13190 chars, theories=L13_CITED_AUTHORITIES_VERIFY)
  [fetch] saved case_1452.json (39472 chars, theories=L13_CITED_AUTHORITIES_VERIFY)
  [skip] Id 1455 is criminal jurisdiction ((Criminal Appellate jurisdiction)), not saved.
  [skip] Id 1460 is criminal jurisdiction ((Criminal Miscellaneous Jurisdiction)), not saved.
  [fetch] saved case_1470.json (20152 chars, theories=L13_CITED_AUTHORITIES_VERIFY)
  [skip] Id 1473 is criminal jurisdiction ((Criminal Miscellaneous Jurisdiction)), not saved.
  [fetch] saved case_1475.json (13917 chars, theories=L13_CITED_AUTHORITIES_VERIFY)
  [fetch] saved case_1485.json (11775 chars, theories=L13_CITED_AUTHORITIES_VERIFY)
  [fetch] saved case_1491.json (28265 chars, theories=L13_CITED_AUTHORITIES_VERIFY)
  [fetch] saved case_1504.json (6716 chars, theories=L13_CITED_AUTHORITIES_VERIFY)
  [fetch] saved case_1518.json (35533 chars, theories=L13_CITED_AUTHORITIES_VERIFY)
  [skip] Id 1583 is criminal jurisdiction ((Criminal Appellate Jurisdiction)), not saved.
  [fetch] saved case_1599.json (7493 chars, theories=L13_CITED_AUTHORITIES_VERIFY)
  [fetch] saved case_1603.json (364413 chars, theories=L13_CITED_AUTHORITIES_VERIFY)
  [skip] Id 1609 is criminal jurisdiction ((Criminal Miscellaneous Jurisdiction)), not saved.
  [fetch] saved case_1611.json (86218 chars, theories=L13_CITED_AUTHORITIES_VERIFY)
  [fetch] saved case_1617.json (16013 chars, theories=L13_CITED_AUTHORITIES_VERIFY)
  [skip] Id 1623 is criminal jurisdiction ((Criminal Appellate Jurisdiction)), not saved.
  [fetch] saved case_1635.json (29690 chars, theories=L13_CITED_AUTHORITIES_VERIFY)
  [skip] Id 1636 is criminal jurisdiction ((Criminal Miscellaneous Jurisdiction)), not saved.
  [skip] Id 1649 is criminal jurisdiction ((Criminal Revisional Jurisdiction)), not saved.
  [skip] Id 1652 is criminal jurisdiction ((Criminal Appellate Jurisdiction)), not saved.
  [skip] Id 1662 is criminal jurisdiction ((Criminal Revisional Jurisdiction)), not saved.
  [fetch] saved case_1672.json (14179 chars, theories=L13_CITED_AUTHORITIES_VERIFY)
  [skip] Id 1682 is criminal jurisdiction ((Criminal Miscellaneous Jurisdiction)), not saved.
  progress: 100/1228 for this group
  [compact] wrote E:\Mahfoz\Latest Advocacy\Resource\Judgements_Appeal38_2026\batch_6.json (26 cases), removed 26 loose file(s)
  [skip] Id 1686 is criminal jurisdiction ((Criminal Appellate Jurisdiction)), not saved.
  [fetch] saved case_1723.json (50233 chars, theories=L13_CITED_AUTHORITIES_VERIFY)
  [fetch] saved case_1732.json (14685 chars, theories=L13_CITED_AUTHORITIES_VERIFY)
  [fetch] saved case_1735.json (49038 chars, theories=L13_CITED_AUTHORITIES_VERIFY)
  [fetch] saved case_1740.json (11373 chars, theories=L13_CITED_AUTHORITIES_VERIFY)
  [fetch] saved case_1753.json (27633 chars, theories=L13_CITED_AUTHORITIES_VERIFY)
  [fetch] saved case_1756.json (38456 chars, theories=L13_CITED_AUTHORITIES_VERIFY)
  [fetch] saved case_1778.json (44622 chars, theories=L13_CITED_AUTHORITIES_VERIFY)
  [skip] Id 1805 is criminal jurisdiction ((Criminal Appellate Jurisdiction)), not saved.
  [fetch] saved case_1827.json (28164 chars, theories=L13_CITED_AUTHORITIES_VERIFY)
  [fetch] saved case_1831.json (34254 chars, theories=L13_CITED_AUTHORITIES_VERIFY)
  [fetch] saved case_1832.json (15755 chars, theories=L13_CITED_AUTHORITIES_VERIFY)
  [skip] Id 1837 is criminal jurisdiction ((Criminal Miscellaneous Jurisdiction)), not saved.
  [skip] Id 1842 is criminal jurisdiction ((Criminal Revisional Jurisdiction)), not saved.
  [fetch] saved case_1846.json (5916 chars, theories=L13_CITED_AUTHORITIES_VERIFY)
  [skip] Id 1847 is criminal jurisdiction ((Criminal Appellate Jurisdiction)), not saved.
  [skip] Id 1853 is criminal jurisdiction ((Criminal Revisional Jurisdiction)), not saved.
  [skip] Id 1868 is criminal jurisdiction ((Criminal Appellate Jurisdiction)), not saved.
  [skip] Id 1884 is criminal jurisdiction ((Criminal Appellate Jurisdiction)), not saved.
  [fetch] saved case_1896.json (11372 chars, theories=L13_CITED_AUTHORITIES_VERIFY)
  [fetch] saved case_1914.json (35828 chars, theories=L13_CITED_AUTHORITIES_VERIFY)
  [fetch] saved case_1915.json (11735 chars, theories=L13_CITED_AUTHORITIES_VERIFY)
  [fetch] saved case_1921.json (14436 chars, theories=L13_CITED_AUTHORITIES_VERIFY)
  [skip] Id 1924 is criminal jurisdiction ((Criminal Appellate Jurisdiction)), not saved.
  [fetch] saved case_1938.json (24079 chars, theories=L13_CITED_AUTHORITIES_VERIFY)
  progress: 125/1228 for this group
  [fetch] saved case_1955.json (32828 chars, theories=L13_CITED_AUTHORITIES_VERIFY)
  [fetch] saved case_1960.json (10021 chars, theories=L13_CITED_AUTHORITIES_VERIFY)
  [skip] Id 1973 is criminal jurisdiction ((Criminal Appellate Jurisdiction)), not saved.
  [fetch] saved case_1994.json (17780 chars, theories=L13_CITED_AUTHORITIES_VERIFY)
  [fetch] saved case_2004.json (12146 chars, theories=L13_CITED_AUTHORITIES_VERIFY)
  [fetch] saved case_2020.json (58241 chars, theories=L13_CITED_AUTHORITIES_VERIFY)
  [fetch] saved case_2032.json (37837 chars, theories=L13_CITED_AUTHORITIES_VERIFY)
  [fetch] saved case_2033.json (9126 chars, theories=L13_CITED_AUTHORITIES_VERIFY)
  [fetch] saved case_2043.json (23616 chars, theories=L13_CITED_AUTHORITIES_VERIFY)
  [skip] Id 2056 is criminal jurisdiction ((Criminal Revisional Jurisdiction)), not saved.
  [skip] Id 2090 is criminal jurisdiction ((Criminal Revisional Jurisdiction)), not saved.
  [skip] Id 2111 is criminal jurisdiction ((Criminal Revisional Jurisdiction)), not saved.
  [fetch] saved case_2119.json (192432 chars, theories=L13_CITED_AUTHORITIES_VERIFY)
  [skip] Id 2131 is criminal jurisdiction ((Criminal Miscellaneous Jurisdiction)), not saved.
  [fetch] saved case_2140.json (34494 chars, theories=L13_CITED_AUTHORITIES_VERIFY)
  [compact] wrote E:\Mahfoz\Latest Advocacy\Resource\Judgements_Appeal38_2026\batch_7.json (26 cases), removed 26 loose file(s)
  [fetch] saved case_2168.json (19814 chars, theories=L13_CITED_AUTHORITIES_VERIFY)
  [skip] Id 2173 is criminal jurisdiction ((Criminal Revisional Jurisdiction)), not saved.
  [skip] Id 2180 is criminal jurisdiction ((Criminal Miscellaneous Jurisdiction)), not saved.
  [fetch] saved case_2181.json (24802 chars, theories=L13_CITED_AUTHORITIES_VERIFY)
  [skip] Id 2190 is criminal jurisdiction ((Criminal Appellate Jurisdiction)), not saved.
  [skip] Id 2206 is criminal jurisdiction ((Criminal Revisional Jurisdiction)), not saved.
  [fetch] saved case_2225.json (29616 chars, theories=L13_CITED_AUTHORITIES_VERIFY)
  [fetch] saved case_2233.json (10125 chars, theories=L13_CITED_AUTHORITIES_VERIFY)
  [skip] Id 2236 is criminal jurisdiction ((Criminal Revisional Jurisdiction)), not saved.
  [skip] Id 2248 is criminal jurisdiction ((Criminal Appellate Jurisdiction)), not saved.
  progress: 150/1228 for this group
  [fetch] saved case_2250.json (9025 chars, theories=L13_CITED_AUTHORITIES_VERIFY)
  [fetch] saved case_2263.json (17011 chars, theories=L13_CITED_AUTHORITIES_VERIFY)
  [fetch] saved case_2275.json (16369 chars, theories=L13_CITED_AUTHORITIES_VERIFY)
  [skip] Id 2312 is criminal jurisdiction ((Criminal Appellate Division)), not saved.
  [fetch] saved case_2314.json (8801 chars, theories=L13_CITED_AUTHORITIES_VERIFY)
  [fetch] saved case_2322.json (50008 chars, theories=L13_CITED_AUTHORITIES_VERIFY)
  [fetch] saved case_2329.json (18157 chars, theories=L13_CITED_AUTHORITIES_VERIFY)
  [fetch] saved case_2362.json (26222 chars, theories=L13_CITED_AUTHORITIES_VERIFY)
  [skip] Id 2378 is criminal jurisdiction ((Criminal Miscellaneous Jurisdiction)), not saved.
  [fetch] saved case_2413.json (10428 chars, theories=L13_CITED_AUTHORITIES_VERIFY)
  [fetch] saved case_2420.json (15823 chars, theories=L13_CITED_AUTHORITIES_VERIFY)
  [fetch] saved case_2429.json (27980 chars, theories=L13_CITED_AUTHORITIES_VERIFY)
  [fetch] saved case_2442.json (15056 chars, theories=L13_CITED_AUTHORITIES_VERIFY)
  [skip] Id 2477 is criminal jurisdiction ((Criminal Revisional Jurisdiction)), not saved.
  [skip] Id 2527 is criminal jurisdiction ((Criminal Appellate Jurisdiction)), not saved.
  [fetch] saved case_2529.json (29470 chars, theories=L13_CITED_AUTHORITIES_VERIFY)
  [fetch] saved case_2546.json (22830 chars, theories=L13_CITED_AUTHORITIES_VERIFY)
  [skip] Id 2562 is criminal jurisdiction ((Criminal Appellate Jurisdiction)), not saved.
  [fetch] saved case_2629.json (14446 chars, theories=L13_CITED_AUTHORITIES_VERIFY)
  [fetch] saved case_2644.json (7225 chars, theories=L13_CITED_AUTHORITIES_VERIFY)
  [fetch] saved case_2652.json (10286 chars, theories=L13_CITED_AUTHORITIES_VERIFY)
  [fetch] saved case_2664.json (48863 chars, theories=L13_CITED_AUTHORITIES_VERIFY)
  [skip] Id 2672 is criminal jurisdiction ((Criminal)), not saved.
  [skip] Id 2698 is criminal jurisdiction ((Criminal Revisional Jurisdiction)), not saved.
  [fetch] saved case_2731.json (23934 chars, theories=L13_CITED_AUTHORITIES_VERIFY)
  progress: 175/1228 for this group
  [fetch] saved case_2765.json (9157 chars, theories=L13_CITED_AUTHORITIES_VERIFY)
  [fetch] saved case_2781.json (13257 chars, theories=L13_CITED_AUTHORITIES_VERIFY)
  [fetch] saved case_2793.json (9988 chars, theories=L13_CITED_AUTHORITIES_VERIFY)
  [fetch] saved case_2845.json (26243 chars, theories=L13_CITED_AUTHORITIES_VERIFY)
  [fetch] saved case_2849.json (19400 chars, theories=L13_CITED_AUTHORITIES_VERIFY)
  [compact] wrote E:\Mahfoz\Latest Advocacy\Resource\Judgements_Appeal38_2026\batch_8.json (27 cases), removed 27 loose file(s)
  [skip] Id 2890 is criminal jurisdiction ((Criminal Appellate Jurisdiction)), not saved.
  [fetch] saved case_2905.json (21649 chars, theories=L13_CITED_AUTHORITIES_VERIFY)
  [fetch] saved case_2948.json (15796 chars, theories=L13_CITED_AUTHORITIES_VERIFY)
  [fetch] saved case_2964.json (18731 chars, theories=L13_CITED_AUTHORITIES_VERIFY)
  [skip] Id 2985 is criminal jurisdiction ((Criminal)), not saved.
  [fetch] saved case_2993.json (20566 chars, theories=L13_CITED_AUTHORITIES_VERIFY)
  [fetch] saved case_3000.json (12015 chars, theories=L13_CITED_AUTHORITIES_VERIFY)
  [skip] Id 3002 is criminal jurisdiction ((Criminal Appellate Jurisdiction)), not saved.
  [skip] Id 3012 is criminal jurisdiction ((Criminal Revisional Jurisdiction)), not saved.
  [fetch] saved case_3023.json (21069 chars, theories=L13_CITED_AUTHORITIES_VERIFY)
  [fetch] saved case_3026.json (29255 chars, theories=L13_CITED_AUTHORITIES_VERIFY)
  [skip] Id 3036 is criminal jurisdiction ((Criminal Miscellaneous Jurisdiction)), not saved.
  [skip] Id 3041 is criminal jurisdiction ((Criminal Appellate Division)), not saved.
  [skip] Id 3098 is criminal jurisdiction ((Criminal Appellate Jurisdiction)), not saved.
  [fetch] saved case_3099.json (13377 chars, theories=L13_CITED_AUTHORITIES_VERIFY)
  [fetch] saved case_3153.json (12055 chars, theories=L13_CITED_AUTHORITIES_VERIFY)
  [skip] Id 3302 is criminal jurisdiction ((Criminal Revisional Jurisdiction)), not saved.
  [fetch] saved case_3382.json (56711 chars, theories=L13_CITED_AUTHORITIES_VERIFY)
  [fetch] saved case_3383.json (7807 chars, theories=L13_CITED_AUTHORITIES_VERIFY)
  [skip] Id 3404 is criminal jurisdiction ((Criminal Revisional Jurisdiction)), not saved.
  progress: 200/1228 for this group
  [fetch] saved case_3420.json (5591 chars, theories=L13_CITED_AUTHORITIES_VERIFY)
  [skip] Id 3430 is criminal jurisdiction ((Criminal)), not saved.
  [fetch] saved case_3499.json (27124 chars, theories=L13_CITED_AUTHORITIES_VERIFY)
  [fetch] saved case_3510.json (10832 chars, theories=L13_CITED_AUTHORITIES_VERIFY)
  [fetch] saved case_3548.json (18877 chars, theories=L13_CITED_AUTHORITIES_VERIFY)
  [fetch] saved case_3555.json (7683 chars, theories=L13_CITED_AUTHORITIES_VERIFY)
  [fetch] saved case_3580.json (70068 chars, theories=L13_CITED_AUTHORITIES_VERIFY)
  [skip] Id 3588 is criminal jurisdiction ((Criminal Miscellaneous Jurisdiction)), not saved.
  [fetch] saved case_3594.json (37957 chars, theories=L13_CITED_AUTHORITIES_VERIFY)
  [fetch] saved case_3674.json (199034 chars, theories=L13_CITED_AUTHORITIES_VERIFY)
  [skip] Id 3679 is criminal jurisdiction ((Criminal Revlsional Jurisdiction)), not saved.
  [fetch] saved case_3694.json (53362 chars, theories=L13_CITED_AUTHORITIES_VERIFY)
  [fetch] saved case_3697.json (9960 chars, theories=L13_CITED_AUTHORITIES_VERIFY)
  [skip] Id 3698 is criminal jurisdiction ((Criminal Appellate Jurisdiction)), not saved.
  [fetch] saved case_3716.json (176251 chars, theories=L13_CITED_AUTHORITIES_VERIFY)
  [fetch] saved case_3731.json (19471 chars, theories=L13_CITED_AUTHORITIES_VERIFY)
  [fetch] saved case_3737.json (12068 chars, theories=L13_CITED_AUTHORITIES_VERIFY)
  [fetch] saved case_3738.json (19702 chars, theories=L13_CITED_AUTHORITIES_VERIFY)
  [skip] Id 3761 is criminal jurisdiction ((Criminal Miscellaneous Jurisdiction)), not saved.
  [fetch] saved case_3788.json (8700 chars, theories=L13_CITED_AUTHORITIES_VERIFY)
  [compact] wrote E:\Mahfoz\Latest Advocacy\Resource\Judgements_Appeal38_2026\batch_9.json (26 cases), removed 26 loose file(s)
  [fetch] saved case_3809.json (21831 chars, theories=L13_CITED_AUTHORITIES_VERIFY)
  [fetch] saved case_3835.json (7181 chars, theories=L13_CITED_AUTHORITIES_VERIFY)
  [fetch] saved case_3840.json (2549 chars, theories=L13_CITED_AUTHORITIES_VERIFY)
  [fetch] saved case_3884.json (13118 chars, theories=L13_CITED_AUTHORITIES_VERIFY)
  [fetch] saved case_3963.json (14960 chars, theories=L13_CITED_AUTHORITIES_VERIFY)
  progress: 225/1228 for this group
  [fetch] saved case_3988.json (36494 chars, theories=L13_CITED_AUTHORITIES_VERIFY)
  [skip] Id 3991 is criminal jurisdiction ((Criminal Appellate Jurisdiction)), not saved.
  [fetch] saved case_4043.json (39596 chars, theories=L13_CITED_AUTHORITIES_VERIFY)
  [fetch] saved case_4048.json (255790 chars, theories=L13_CITED_AUTHORITIES_VERIFY)
  [skip] Id 4050 is criminal jurisdiction ((Criminal Revisional Jurisdiction)), not saved.
  [fetch] saved case_4064.json (34201 chars, theories=L13_CITED_AUTHORITIES_VERIFY)
  [skip] Id 4089 is criminal jurisdiction ((Criminal Revisional Jurisdiction)), not saved.
  [fetch] saved case_4099.json (19777 chars, theories=L13_CITED_AUTHORITIES_VERIFY)
  [fetch] saved case_4107.json (16024 chars, theories=L13_CITED_AUTHORITIES_VERIFY)
  [skip] Id 4140 is criminal jurisdiction ((Criminal Appellate Jurisdiction)), not saved.
  [skip] Id 4144 is criminal jurisdiction ((Criminal Revisional Jurisdiction)), not saved.
  [fetch] saved case_4145.json (16995 chars, theories=L13_CITED_AUTHORITIES_VERIFY)
  [fetch] saved case_4204.json (14611 chars, theories=L13_CITED_AUTHORITIES_VERIFY)
  [fetch] saved case_4205.json (20236 chars, theories=L13_CITED_AUTHORITIES_VERIFY)
  [fetch] saved case_4216.json (17843 chars, theories=L13_CITED_AUTHORITIES_VERIFY)
  [fetch] saved case_4240.json (24283 chars, theories=L13_CITED_AUTHORITIES_VERIFY)
  [fetch] saved case_4250.json (17157 chars, theories=L13_CITED_AUTHORITIES_VERIFY)
  [skip] Id 4266 is criminal jurisdiction ((Criminal Miscellaneous Jurisdiction)), not saved.
  [fetch] saved case_4288.json (24073 chars, theories=L13_CITED_AUTHORITIES_VERIFY)
  [fetch] saved case_4443.json (11326 chars, theories=L13_CITED_AUTHORITIES_VERIFY)
  [skip] Id 4453 is criminal jurisdiction ((Criminal Appellate Jurisdiction)), not saved.
  [fetch] saved case_4457.json (26142 chars, theories=L13_CITED_AUTHORITIES_VERIFY)
  [fetch] saved case_4480.json (13929 chars, theories=L13_CITED_AUTHORITIES_VERIFY)
  [skip] Id 4560 is criminal jurisdiction ((Criminal)), not saved.
  [skip] Id 4594 is criminal jurisdiction ((Criminal Revisional Jurisdiction)), not saved.
  progress: 250/1228 for this group
  [skip] Id 4610 is criminal jurisdiction ((Criminal Revisional Jurisdiction)), not saved.
  [fetch] saved case_4620.json (67114 chars, theories=L13_CITED_AUTHORITIES_VERIFY)
  [fetch] saved case_4622.json (17556 chars, theories=L13_CITED_AUTHORITIES_VERIFY)
  [fetch] saved case_4626.json (20265 chars, theories=L13_CITED_AUTHORITIES_VERIFY)
  [skip] Id 4627 is criminal jurisdiction ((Criminal Appellate Jurisdiction)), not saved.
  [fetch] saved case_4636.json (25193 chars, theories=L13_CITED_AUTHORITIES_VERIFY)
  [fetch] saved case_4640.json (11185 chars, theories=L13_CITED_AUTHORITIES_VERIFY)
  [fetch] saved case_4668.json (20418 chars, theories=L13_CITED_AUTHORITIES_VERIFY)
  [skip] Id 4701 is criminal jurisdiction ((Civil)), not saved.
  [skip] Id 4731 is criminal jurisdiction ((Criminal Revisional Jurisdiction)), not saved.
  [compact] wrote E:\Mahfoz\Latest Advocacy\Resource\Judgements_Appeal38_2026\batch_10.json (27 cases), removed 27 loose file(s)
  [fetch] saved case_4761.json (4469 chars, theories=L13_CITED_AUTHORITIES_VERIFY)
  [fetch] saved case_4781.json (4247 chars, theories=L13_CITED_AUTHORITIES_VERIFY)
  [fetch] saved case_4789.json (30219 chars, theories=L13_CITED_AUTHORITIES_VERIFY)
  [skip] Id 4801 is criminal jurisdiction ((Criminal Appellate Jurisdiction)), not saved.
  [fetch] saved case_4811.json (26553 chars, theories=L13_CITED_AUTHORITIES_VERIFY)
  [skip] Id 4832 is criminal jurisdiction ((Criminal Revisional Jurisdiction)), not saved.
  [skip] Id 4837 is criminal jurisdiction ((Criminal Appellate Jurisdiction)), not saved.
  [fetch] saved case_4839.json (26942 chars, theories=L13_CITED_AUTHORITIES_VERIFY)
  [skip] Id 4850 is criminal jurisdiction ((Criminal Revisional Jurisdiction)), not saved.
  [fetch] saved case_4881.json (13590 chars, theories=L13_CITED_AUTHORITIES_VERIFY)
  [skip] Id 4925 is criminal jurisdiction ((Criminal Appellate Jurisdiction)), not saved.
  [skip] Id 4943 is criminal jurisdiction ((Criminal Miscellaneous Jurisdiction)), not saved.
  [fetch] saved case_4962.json (7203 chars, theories=L13_CITED_AUTHORITIES_VERIFY)
  [fetch] saved case_5007.json (26924 chars, theories=L13_CITED_AUTHORITIES_VERIFY)
  [fetch] saved case_5012.json (22582 chars, theories=L13_CITED_AUTHORITIES_VERIFY)
  progress: 275/1228 for this group
  [fetch] saved case_5028.json (16713 chars, theories=L13_CITED_AUTHORITIES_VERIFY)
  [fetch] saved case_5049.json (6767 chars, theories=L13_CITED_AUTHORITIES_VERIFY)
  [skip] Id 5079 is criminal jurisdiction ((Criminal Revisional Jurisdiction)), not saved.
  [fetch] saved case_5177.json (24830 chars, theories=L13_CITED_AUTHORITIES_VERIFY)
  [skip] Id 5240 is criminal jurisdiction ((Criminal Appellate Jurisdiction)), not saved.
  [fetch] saved case_5277.json (11391 chars, theories=L13_CITED_AUTHORITIES_VERIFY)
  [fetch] saved case_5320.json (33391 chars, theories=L13_CITED_AUTHORITIES_VERIFY)
  [skip] Id 5334 is criminal jurisdiction ((Criminal Revisional Jurisdiction)), not saved.
  [fetch] saved case_5348.json (35117 chars, theories=L13_CITED_AUTHORITIES_VERIFY)
  [fetch] saved case_5359.json (11088 chars, theories=L13_CITED_AUTHORITIES_VERIFY)
  [fetch] saved case_5366.json (23888 chars, theories=L13_CITED_AUTHORITIES_VERIFY)
  [fetch] saved case_5442.json (15616 chars, theories=L13_CITED_AUTHORITIES_VERIFY)
  [fetch] saved case_5467.json (70366 chars, theories=L13_CITED_AUTHORITIES_VERIFY)
  [fetch] saved case_5479.json (28852 chars, theories=L13_CITED_AUTHORITIES_VERIFY)
  [fetch] saved case_5513.json (20131 chars, theories=L13_CITED_AUTHORITIES_VERIFY)
  [skip] Id 5546 is criminal jurisdiction ((Criminal Revisional Jurisdiction)), not saved.
  [fetch] saved case_5550.json (23153 chars, theories=L13_CITED_AUTHORITIES_VERIFY)
  [fetch] saved case_5562.json (8860 chars, theories=L13_CITED_AUTHORITIES_VERIFY)
  [fetch] saved case_5565.json (15888 chars, theories=L13_CITED_AUTHORITIES_VERIFY)
  [skip] Id 5567 is criminal jurisdiction (Criminal Revisional Jurisdiction), not saved.
  [fetch] saved case_5594.json (14088 chars, theories=L13_CITED_AUTHORITIES_VERIFY)
  [fetch] saved case_5804.json (13399 chars, theories=L13_CITED_AUTHORITIES_VERIFY)
  [fetch] saved case_5853.json (34130 chars, theories=L13_CITED_AUTHORITIES_VERIFY)
  [fetch] saved case_5902.json (19531 chars, theories=L13_CITED_AUTHORITIES_VERIFY)
  [fetch] saved case_5929.json (13784 chars, theories=L13_CITED_AUTHORITIES_VERIFY)
  progress: 300/1228 for this group
  [compact] wrote E:\Mahfoz\Latest Advocacy\Resource\Judgements_Appeal38_2026\batch_11.json (29 cases), removed 29 loose file(s)
  [fetch] saved case_5988.json (12273 chars, theories=L13_CITED_AUTHORITIES_VERIFY)
  [fetch] saved case_5997.json (16656 chars, theories=L13_CITED_AUTHORITIES_VERIFY)
  [skip] Id 6015 is criminal jurisdiction (Criminal Appellate Jurisdiction), not saved.
  [skip] Id 6062 is criminal jurisdiction ((Criminal Revisional Jurisdiction)), not saved.
  [fetch] saved case_6087.json (8271 chars, theories=L13_CITED_AUTHORITIES_VERIFY)
  [skip] Id 6107 is criminal jurisdiction (Criminal Appellate Jurisdiction), not saved.
  [fetch] saved case_6233.json (18357 chars, theories=L13_CITED_AUTHORITIES_VERIFY)
  [fetch] saved case_6266.json (8904 chars, theories=L13_CITED_AUTHORITIES_VERIFY)
  [skip] Id 6276 is criminal jurisdiction (Criminal Special Jurisdiction), not saved.
  [fetch] saved case_6303.json (41181 chars, theories=L13_CITED_AUTHORITIES_VERIFY)
  [fetch] saved case_6380.json (28871 chars, theories=L13_CITED_AUTHORITIES_VERIFY)
  [fetch] saved case_6405.json (11813 chars, theories=L13_CITED_AUTHORITIES_VERIFY)
  [fetch] saved case_6467.json (12971 chars, theories=L13_CITED_AUTHORITIES_VERIFY)
  [fetch] saved case_6493.json (16578 chars, theories=L13_CITED_AUTHORITIES_VERIFY)
  [fetch] saved case_6516.json (15956 chars, theories=L13_CITED_AUTHORITIES_VERIFY)
  [fetch] saved case_6540.json (34759 chars, theories=L13_CITED_AUTHORITIES_VERIFY)
  [fetch] saved case_6625.json (30946 chars, theories=L13_CITED_AUTHORITIES_VERIFY)
  [fetch] saved case_6675.json (14194 chars, theories=L13_CITED_AUTHORITIES_VERIFY)
  [fetch] saved case_6693.json (32427 chars, theories=L13_CITED_AUTHORITIES_VERIFY)
  [fetch] saved case_6761.json (38396 chars, theories=L13_CITED_AUTHORITIES_VERIFY)
  [skip] Id 6766 is criminal jurisdiction ((Criminal)), not saved.
  [fetch] saved case_6863.json (31412 chars, theories=L13_CITED_AUTHORITIES_VERIFY)
  [fetch] saved case_6865.json (53725 chars, theories=L13_CITED_AUTHORITIES_VERIFY)
  [fetch] saved case_6886.json (66216 chars, theories=L13_CITED_AUTHORITIES_VERIFY)
  [fetch] saved case_6900.json (74511 chars, theories=L13_CITED_AUTHORITIES_VERIFY)
  progress: 325/1228 for this group
  [skip] Id 6923 is criminal jurisdiction ((Criminal Appellate Jurisdiction)), not saved.
  [skip] Id 6929 is criminal jurisdiction ((Criminal Revisional Jurisdiction)), not saved.
  [fetch] saved case_6930.json (12753 chars, theories=L13_CITED_AUTHORITIES_VERIFY)
  [fetch] saved case_6936.json (80185 chars, theories=L13_CITED_AUTHORITIES_VERIFY)
  [fetch] saved case_6939.json (13112 chars, theories=L13_CITED_AUTHORITIES_VERIFY)
  [fetch] saved case_6952.json (19225 chars, theories=L13_CITED_AUTHORITIES_VERIFY)
  [skip] Id 6975 is criminal jurisdiction ((Criminal Miscellaneous Jurisdiction)), not saved.
  [skip] Id 7030 is criminal jurisdiction ((Criminal Miscellaneous Jurisdiction)), not saved.
  [fetch] saved case_7039.json (20084 chars, theories=L13_CITED_AUTHORITIES_VERIFY)
  [fetch] saved case_7043.json (29816 chars, theories=L13_CITED_AUTHORITIES_VERIFY)
  [fetch] saved case_7048.json (44048 chars, theories=L13_CITED_AUTHORITIES_VERIFY)
  [fetch] saved case_7065.json (68714 chars, theories=L13_CITED_AUTHORITIES_VERIFY)
  [skip] Id 7068 is criminal jurisdiction ((Criminal Appellate Jurisdiction)), not saved.
  [skip] Id 7071 is criminal jurisdiction ((Criminal Revisional Jurisdiction)), not saved.
  [fetch] saved case_7108.json (22539 chars, theories=L13_CITED_AUTHORITIES_VERIFY)
  [compact] wrote E:\Mahfoz\Latest Advocacy\Resource\Judgements_Appeal38_2026\batch_12.json (29 cases), removed 29 loose file(s)
  [skip] Id 7162 is criminal jurisdiction ((Criminal Miscellaneous Jurisdiction)), not saved.
  [skip] Id 7174 is criminal jurisdiction ((Criminal Miscellaneous Jurisdiction)), not saved.
  [fetch] saved case_7177.json (12285 chars, theories=L13_CITED_AUTHORITIES_VERIFY)
  [skip] Id 7209 is criminal jurisdiction ((Criminal Miscellaneous Jurisdiction)), not saved.
  [fetch] saved case_7219.json (9350 chars, theories=L13_CITED_AUTHORITIES_VERIFY)
  [skip] Id 7221 is criminal jurisdiction ((Criminal Appellate Jurisdiction)), not saved.
  [fetch] saved case_7245.json (15827 chars, theories=L13_CITED_AUTHORITIES_VERIFY)
  [fetch] saved case_7292.json (39755 chars, theories=L13_CITED_AUTHORITIES_VERIFY)
  [fetch] saved case_7294.json (27766 chars, theories=L13_CITED_AUTHORITIES_VERIFY)
  [fetch] saved case_7306.json (29626 chars, theories=L13_CITED_AUTHORITIES_VERIFY)
  progress: 350/1228 for this group
  [fetch] saved case_7319.json (17797 chars, theories=L13_CITED_AUTHORITIES_VERIFY)
  [fetch] saved case_7336.json (15003 chars, theories=L13_CITED_AUTHORITIES_VERIFY)
  [fetch] saved case_7341.json (18375 chars, theories=L13_CITED_AUTHORITIES_VERIFY)
  [skip] Id 7356 is criminal jurisdiction ((Criminal Appellate Jurisdiction)), not saved.
  [fetch] saved case_7364.json (41422 chars, theories=L13_CITED_AUTHORITIES_VERIFY)
  [skip] Id 7365 is criminal jurisdiction ((Criminal Miscellaneous Jurisdiction)), not saved.
  [fetch] saved case_7368.json (31736 chars, theories=L13_CITED_AUTHORITIES_VERIFY)
  [skip] Id 7381 is criminal jurisdiction ((Criminal Miscellaneous Jurisdiction)), not saved.
  [fetch] saved case_7383.json (210877 chars, theories=L13_CITED_AUTHORITIES_VERIFY)
  [skip] Id 7413 is criminal jurisdiction ((Criminal Appellate Jurisdiction)), not saved.
  [fetch] saved case_7419.json (12625 chars, theories=L13_CITED_AUTHORITIES_VERIFY)
  [fetch] saved case_7423.json (17782 chars, theories=L13_CITED_AUTHORITIES_VERIFY)
  [fetch] saved case_7427.json (22052 chars, theories=L13_CITED_AUTHORITIES_VERIFY)
  [fetch] saved case_7465.json (30365 chars, theories=L13_CITED_AUTHORITIES_VERIFY)
  [fetch] saved case_7468.json (24813 chars, theories=L13_CITED_AUTHORITIES_VERIFY)
  [fetch] saved case_7475.json (10878 chars, theories=L13_CITED_AUTHORITIES_VERIFY)
  [skip] Id 7493 is criminal jurisdiction ((Criminal Appellate Jurisdiction)), not saved.
  [fetch] saved case_7515.json (9709 chars, theories=L13_CITED_AUTHORITIES_VERIFY)
  [fetch] saved case_7541.json (18018 chars, theories=L13_CITED_AUTHORITIES_VERIFY)
  [fetch] saved case_7546.json (35960 chars, theories=L13_CITED_AUTHORITIES_VERIFY)
  [fetch] saved case_7552.json (5327 chars, theories=L13_CITED_AUTHORITIES_VERIFY)
  [fetch] saved case_7576.json (14606 chars, theories=L13_CITED_AUTHORITIES_VERIFY)
  [fetch] saved case_7585.json (19653 chars, theories=L13_CITED_AUTHORITIES_VERIFY)
  [skip] Id 7603 is criminal jurisdiction ((Criminal Miscellaneous Jurisdiction)), not saved.
  [fetch] saved case_7616.json (18732 chars, theories=L13_CITED_AUTHORITIES_VERIFY)
  progress: 375/1228 for this group
  [fetch] saved case_7626.json (18047 chars, theories=L13_CITED_AUTHORITIES_VERIFY)
  [skip] Id 7656 is criminal jurisdiction ((Criminal Miscellaneous Jurisdiction)), not saved.
  [fetch] saved case_7675.json (34034 chars, theories=L13_CITED_AUTHORITIES_VERIFY)
  [skip] Id 7680 is criminal jurisdiction ((Criminal Revisional Jurisdiction)), not saved.
  [fetch] saved case_7703.json (22668 chars, theories=L13_CITED_AUTHORITIES_VERIFY)
  [compact] wrote E:\Mahfoz\Latest Advocacy\Resource\Judgements_Appeal38_2026\batch_13.json (28 cases), removed 28 loose file(s)
  [fetch] saved case_7715.json (21193 chars, theories=L13_CITED_AUTHORITIES_VERIFY)
  [skip] Id 7747 is criminal jurisdiction ((Civil)), not saved.
  [fetch] saved case_7754.json (11467 chars, theories=L13_CITED_AUTHORITIES_VERIFY)
  [fetch] saved case_7763.json (11688 chars, theories=L13_CITED_AUTHORITIES_VERIFY)
  [fetch] saved case_7781.json (26861 chars, theories=L13_CITED_AUTHORITIES_VERIFY)
  [fetch] saved case_7787.json (16653 chars, theories=L13_CITED_AUTHORITIES_VERIFY)
  [fetch] saved case_7794.json (81716 chars, theories=L13_CITED_AUTHORITIES_VERIFY)
  [skip] Id 7805 is criminal jurisdiction ((Criminal Appellate Jurisdiction)), not saved.
  [skip] Id 7842 is criminal jurisdiction ((Criminal Appellate Jurisdiction)), not saved.
  [skip] Id 7852 is criminal jurisdiction ((Criminal Miscellaneous Jurisdiction)), not saved.
  [fetch] saved case_7864.json (18139 chars, theories=L13_CITED_AUTHORITIES_VERIFY)
  [fetch] saved case_7881.json (42914 chars, theories=L13_CITED_AUTHORITIES_VERIFY)
  [fetch] saved case_7901.json (27209 chars, theories=L13_CITED_AUTHORITIES_VERIFY)
  [skip] Id 7910 is criminal jurisdiction ((Criminal Miscellaneous Jurisdiction)), not saved.
  [fetch] saved case_7914.json (78634 chars, theories=L13_CITED_AUTHORITIES_VERIFY)
  [skip] Id 7920 is criminal jurisdiction ((Criminal Appellate Jurisdiction)), not saved.
  [fetch] saved case_7953.json (34675 chars, theories=L13_CITED_AUTHORITIES_VERIFY)
  [skip] Id 7955 is criminal jurisdiction ((Criminal Appellate Jurisdiction)), not saved.
  [skip] Id 7965 is criminal jurisdiction ((Criminal Miscellaneous Jurisdiction)), not saved.
  [skip] Id 7972 is criminal jurisdiction ((Criminal Appellate Jurisdiction)), not saved.
  progress: 400/1228 for this group
  [skip] Id 7986 is criminal jurisdiction ((Criminal Revisional Jurisdiction)), not saved.
  [skip] Id 8009 is criminal jurisdiction ((Criminal Appellate Jurisdiction)), not saved.
  [skip] Id 8017 is criminal jurisdiction ((Criminal Appellate Jurisdiction)), not saved.
  [skip] Id 8019 is criminal jurisdiction ((Criminal Miscellaneous Jurisdiction)), not saved.
  [fetch] saved case_8020.json (7809 chars, theories=L13_CITED_AUTHORITIES_VERIFY)
  [fetch] saved case_8032.json (18505 chars, theories=L13_CITED_AUTHORITIES_VERIFY)
  [fetch] saved case_8041.json (7894 chars, theories=L13_CITED_AUTHORITIES_VERIFY)
  [skip] Id 8044 is criminal jurisdiction ((Criminal Appellant Jurisdiction)), not saved.
  [skip] Id 8045 is criminal jurisdiction ((Criminal Miscellaneous Jurisdiction)), not saved.
  [fetch] saved case_8073.json (21443 chars, theories=L13_CITED_AUTHORITIES_VERIFY)
  [fetch] saved case_8082.json (26899 chars, theories=L13_CITED_AUTHORITIES_VERIFY)
  [skip] Id 8088 is criminal jurisdiction ((Criminal Appellate Jurisdiction)), not saved.
  [fetch] saved case_8094.json (16535 chars, theories=L13_CITED_AUTHORITIES_VERIFY)
  [fetch] saved case_8121.json (16553 chars, theories=L13_CITED_AUTHORITIES_VERIFY)
  [skip] Id 8124 is criminal jurisdiction ((Criminal)), not saved.
  [skip] Id 8127 is criminal jurisdiction ((Criminal Appellant Jurisdiction)), not saved.
  [skip] Id 8130 is criminal jurisdiction ((Criminal Miscellaneous Jurisdiction)), not saved.
  [fetch] saved case_8132.json (19551 chars, theories=L13_CITED_AUTHORITIES_VERIFY)
  [skip] Id 8141 is criminal jurisdiction ((Criminal)), not saved.
  [fetch] saved case_8143.json (24236 chars, theories=L13_CITED_AUTHORITIES_VERIFY)
  [compact] wrote E:\Mahfoz\Latest Advocacy\Resource\Judgements_Appeal38_2026\batch_14.json (20 cases), removed 20 loose file(s)
  [skip] Id 8146 is criminal jurisdiction ((Criminal Miscellaneous Jurisdiction)), not saved.
  [fetch] saved case_8174.json (26915 chars, theories=L13_CITED_AUTHORITIES_VERIFY)
  [fetch] saved case_8178.json (30892 chars, theories=L13_CITED_AUTHORITIES_VERIFY)
  [skip] Id 8185 is criminal jurisdiction ((Criminal Miscellaneous Jurisdiction)), not saved.
  [fetch] saved case_8187.json (27376 chars, theories=L13_CITED_AUTHORITIES_VERIFY)
  progress: 425/1228 for this group
  [fetch] saved case_8195.json (23529 chars, theories=L13_CITED_AUTHORITIES_VERIFY)
  [skip] Id 8210 is criminal jurisdiction ((Criminal Miscellaneous Jurisdiction)), not saved.
  [fetch] saved case_8212.json (8854 chars, theories=L13_CITED_AUTHORITIES_VERIFY)
  [fetch] saved case_8234.json (10605 chars, theories=L13_CITED_AUTHORITIES_VERIFY)
  [skip] Id 8254 is criminal jurisdiction ((Criminal Appellant Jurisdiction)), not saved.
  [skip] Id 8255 is criminal jurisdiction ((Criminal Miscellaneous Jurisdiction)), not saved.
  [skip] Id 8264 is criminal jurisdiction ((Criminal Appellate Jurisdiction)), not saved.
  [skip] Id 8271 is criminal jurisdiction ((Criminal)), not saved.
  [fetch] saved case_8274.json (31334 chars, theories=L13_CITED_AUTHORITIES_VERIFY)
  [fetch] saved case_8277.json (21447 chars, theories=L13_CITED_AUTHORITIES_VERIFY)
  [skip] Id 8285 is criminal jurisdiction ((Criminal Appellate Jurisdiction)), not saved.
  [fetch] saved case_8304.json (15354 chars, theories=L13_CITED_AUTHORITIES_VERIFY)
  [fetch] saved case_8309.json (13773 chars, theories=L13_CITED_AUTHORITIES_VERIFY)
  [fetch] saved case_8316.json (84054 chars, theories=L13_CITED_AUTHORITIES_VERIFY)
  [fetch] saved case_8333.json (6985 chars, theories=L13_CITED_AUTHORITIES_VERIFY)
  [fetch] saved case_8337.json (15500 chars, theories=L13_CITED_AUTHORITIES_VERIFY)
  [skip] Id 8338 is criminal jurisdiction ((Criminal Appellate Jurisdiction)), not saved.
  [fetch] saved case_8343.json (11711 chars, theories=L13_CITED_AUTHORITIES_VERIFY)
  [skip] Id 8345 is criminal jurisdiction ((Criminal Appellant Jurisdiction)), not saved.
  [fetch] saved case_8349.json (21506 chars, theories=L13_CITED_AUTHORITIES_VERIFY)
  [fetch] saved case_8365.json (31344 chars, theories=L13_CITED_AUTHORITIES_VERIFY)
  [skip] Id 8367 is criminal jurisdiction ((Criminal Appellant Jurisdiction)), not saved.
  [fetch] saved case_8371.json (21109 chars, theories=L13_CITED_AUTHORITIES_VERIFY)
  [fetch] saved case_8372.json (39012 chars, theories=L13_CITED_AUTHORITIES_VERIFY)
  [fetch] saved case_8376.json (28829 chars, theories=L13_CITED_AUTHORITIES_VERIFY)
  progress: 450/1228 for this group
  [fetch] saved case_8383.json (13062 chars, theories=L13_CITED_AUTHORITIES_VERIFY)
  [skip] Id 8384 is criminal jurisdiction ((Criminal Miscellaneous Jurisdiction)), not saved.
  [skip] Id 8391 is criminal jurisdiction ((Criminal Appellate Jurisdiction)), not saved.
  [fetch] saved case_8399.json (19073 chars, theories=L13_CITED_AUTHORITIES_VERIFY)
  [skip] Id 8405 is criminal jurisdiction ((Criminal Revisional Jurisdiction)), not saved.
  [fetch] saved case_8410.json (27846 chars, theories=L13_CITED_AUTHORITIES_VERIFY)
  [fetch] saved case_8435.json (22911 chars, theories=L13_CITED_AUTHORITIES_VERIFY)
  [fetch] saved case_8447.json (18421 chars, theories=L13_CITED_AUTHORITIES_VERIFY)
  [skip] Id 8453 is criminal jurisdiction ((Criminal Appellate Jurisdiction)), not saved.
  [fetch] saved case_8462.json (47114 chars, theories=L13_CITED_AUTHORITIES_VERIFY)
  [compact] wrote E:\Mahfoz\Latest Advocacy\Resource\Judgements_Appeal38_2026\batch_15.json (25 cases), removed 25 loose file(s)
  [fetch] saved case_8463.json (20993 chars, theories=L13_CITED_AUTHORITIES_VERIFY)
  [fetch] saved case_8472.json (20253 chars, theories=L13_CITED_AUTHORITIES_VERIFY)
  [skip] Id 8475 is criminal jurisdiction ((Criminal Miscellaneous Jurisdiction)), not saved.
  [fetch] saved case_8479.json (24669 chars, theories=L13_CITED_AUTHORITIES_VERIFY)
  [skip] Id 8482 is criminal jurisdiction ((Criminal Appellate Jurisdiction)), not saved.
  [fetch] saved case_8485.json (16099 chars, theories=L13_CITED_AUTHORITIES_VERIFY)
  [fetch] saved case_8492.json (29648 chars, theories=L13_CITED_AUTHORITIES_VERIFY)
  [fetch] saved case_8497.json (34544 chars, theories=L13_CITED_AUTHORITIES_VERIFY)
  [skip] Id 8498 is criminal jurisdiction ((Criminal Appellate Jurisdiction)), not saved.
  [skip] Id 8506 is criminal jurisdiction ((Criminal Miscellaneous Jurisdiction)), not saved.
  [skip] Id 8520 is criminal jurisdiction ((Criminal Appellate Jurisdiction)), not saved.
  [fetch] saved case_8525.json (18942 chars, theories=L13_CITED_AUTHORITIES_VERIFY)
  [fetch] saved case_8537.json (24665 chars, theories=L13_CITED_AUTHORITIES_VERIFY)
  [skip] Id 8540 is criminal jurisdiction ((Criminal Miscellaneous Jurisdiction)), not saved.
  [skip] Id 8541 is criminal jurisdiction ((Criminal Miscellaneous Jurisdiction)), not saved.
  progress: 475/1228 for this group
  [fetch] saved case_8545.json (150689 chars, theories=L13_CITED_AUTHORITIES_VERIFY)
  [fetch] saved case_8555.json (70447 chars, theories=L13_CITED_AUTHORITIES_VERIFY)
  [skip] Id 8565 is criminal jurisdiction ((Criminal Miscellaneous Jurisdiction)), not saved.
  [fetch] saved case_8571.json (51916 chars, theories=L13_CITED_AUTHORITIES_VERIFY)
  [skip] Id 8588 is criminal jurisdiction ((Criminal Appellate Jurisdiction)), not saved.
  [skip] Id 8596 is criminal jurisdiction ((Criminal)), not saved.
  [skip] Id 8597 is criminal jurisdiction ((Criminal Appellate Jurisdiction)), not saved.
  [skip] Id 8612 is criminal jurisdiction ((Criminal Appellate Jurisdiction)), not saved.
  [skip] Id 8619 is criminal jurisdiction ((Criminal Appellate Jurisdiction)), not saved.
  [skip] Id 8625 is criminal jurisdiction ((Criminal Miscellaneous Jurisdiction)), not saved.
  [fetch] saved case_8648.json (14595 chars, theories=L13_CITED_AUTHORITIES_VERIFY)
  [fetch] saved case_8655.json (16691 chars, theories=L13_CITED_AUTHORITIES_VERIFY)
  [skip] Id 8656 is criminal jurisdiction ((Criminal Revisional Jurisdiction)), not saved.
  [skip] Id 8676 is criminal jurisdiction ((Criminal)), not saved.
  [fetch] saved case_8686.json (16722 chars, theories=L13_CITED_AUTHORITIES_VERIFY)
  [skip] Id 8688 is criminal jurisdiction ((Criminal Revisional Jurisdiction)), not saved.
  [fetch] saved case_8703.json (138274 chars, theories=L13_CITED_AUTHORITIES_VERIFY)
  [fetch] saved case_8712.json (25880 chars, theories=L13_CITED_AUTHORITIES_VERIFY)
  [fetch] saved case_8713.json (18035 chars, theories=L13_CITED_AUTHORITIES_VERIFY)
  [fetch] saved case_8715.json (31882 chars, theories=L13_CITED_AUTHORITIES_VERIFY)
  [fetch] saved case_8727.json (58847 chars, theories=L13_CITED_AUTHORITIES_VERIFY)
  [skip] Id 8760 is criminal jurisdiction ((Criminal Miscellaneous Jurisdiction)), not saved.
  [fetch] saved case_8787.json (20479 chars, theories=L13_CITED_AUTHORITIES_VERIFY)
  [skip] Id 8808 is criminal jurisdiction ((Criminal Appellate Jurisdiction)), not saved.
  [fetch] saved case_8809.json (8520 chars, theories=L13_CITED_AUTHORITIES_VERIFY)
  progress: 500/1228 for this group
  [compact] wrote E:\Mahfoz\Latest Advocacy\Resource\Judgements_Appeal38_2026\batch_16.json (21 cases), removed 21 loose file(s)
  [skip] Id 8819 is criminal jurisdiction ((Criminal Miscellaneous Jurisdiction)), not saved.
  [fetch] saved case_8839.json (49057 chars, theories=L13_CITED_AUTHORITIES_VERIFY)
  [skip] Id 8851 is criminal jurisdiction ((Criminal Appellate Jurisdiction)), not saved.
  [fetch] saved case_8856.json (16797 chars, theories=L13_CITED_AUTHORITIES_VERIFY)
  [fetch] saved case_8870.json (23193 chars, theories=L13_CITED_AUTHORITIES_VERIFY)
  [fetch] saved case_8873.json (39286 chars, theories=L13_CITED_AUTHORITIES_VERIFY)
  [fetch] saved case_8876.json (7273 chars, theories=L13_CITED_AUTHORITIES_VERIFY)
  [fetch] saved case_8891.json (76902 chars, theories=L13_CITED_AUTHORITIES_VERIFY)
  [skip] Id 8900 is criminal jurisdiction ((Criminal Appellate Jurisdiction)), not saved.
  [skip] Id 8907 is criminal jurisdiction ((Criminal Revisional Jurisdiction)), not saved.
  [fetch] saved case_8911.json (34379 chars, theories=L13_CITED_AUTHORITIES_VERIFY)
  [fetch] saved case_8912.json (19403 chars, theories=L13_CITED_AUTHORITIES_VERIFY)
  [fetch] saved case_8926.json (29616 chars, theories=L13_CITED_AUTHORITIES_VERIFY)
  [fetch] saved case_8943.json (8976 chars, theories=L13_CITED_AUTHORITIES_VERIFY)
  [skip] Id 8952 is criminal jurisdiction ((Criminal Appellant Jurisdiction)), not saved.
  [fetch] saved case_8953.json (82927 chars, theories=L13_CITED_AUTHORITIES_VERIFY)
  [skip] Id 8964 is criminal jurisdiction ((Criminal Appellate Jurisdiction)), not saved.
  [fetch] saved case_8972.json (7719 chars, theories=L13_CITED_AUTHORITIES_VERIFY)
  [skip] Id 8979 is criminal jurisdiction ((Criminal Appellate Jurisdiction)), not saved.
  [fetch] saved case_8984.json (10341 chars, theories=L13_CITED_AUTHORITIES_VERIFY)
  [fetch] saved case_8993.json (33591 chars, theories=L13_CITED_AUTHORITIES_VERIFY)
  [skip] Id 9002 is criminal jurisdiction ((Criminal Appellate Jurisdiction)), not saved.
  [fetch] saved case_9085.json (31352 chars, theories=L13_CITED_AUTHORITIES_VERIFY)
  [fetch] saved case_9113.json (31730 chars, theories=L13_CITED_AUTHORITIES_VERIFY)
  [fetch] saved case_9123.json (46935 chars, theories=L13_CITED_AUTHORITIES_VERIFY)
  progress: 525/1228 for this group
  [fetch] saved case_9131.json (11127 chars, theories=L13_CITED_AUTHORITIES_VERIFY)
  [skip] Id 9178 is criminal jurisdiction (Criminal Revisional Jurisdiction), not saved.
  [fetch] saved case_9267.json (47831 chars, theories=L13_CITED_AUTHORITIES_VERIFY)
  [fetch] saved case_9274.json (25404 chars, theories=L13_CITED_AUTHORITIES_VERIFY)
  [skip] Id 9292 is criminal jurisdiction (Criminal), not saved.
  [skip] Id 9301 is criminal jurisdiction (Death Ref. 5 of 1983,
Jail Appeal 56 of 1983
And
Criminal Appeal No. 52 of 1982), not saved.
  [fetch] saved case_9332.json (25228 chars, theories=L13_CITED_AUTHORITIES_VERIFY)
  [fetch] saved case_9340.json (26596 chars, theories=L13_CITED_AUTHORITIES_VERIFY)
  [fetch] saved case_9345.json (20686 chars, theories=L13_CITED_AUTHORITIES_VERIFY)
  [skip] Id 9347 is criminal jurisdiction ((Criminal Appellate Jurisdiction)), not saved.
  [skip] Id 9353 is criminal jurisdiction (Criminal), not saved.
  [fetch] saved case_9434.json (18152 chars, theories=L13_CITED_AUTHORITIES_VERIFY)
  [fetch] saved case_9544.json (13070 chars, theories=L13_CITED_AUTHORITIES_VERIFY)
  [fetch] saved case_9572.json (12207 chars, theories=L13_CITED_AUTHORITIES_VERIFY)
  [skip] Id 9686 is criminal jurisdiction ((Criminal Miscellaneous Jurisdiction)), not saved.
  [compact] wrote E:\Mahfoz\Latest Advocacy\Resource\Judgements_Appeal38_2026\batch_17.json (26 cases), removed 26 loose file(s)
  [fetch] saved case_9689.json (18630 chars, theories=L13_CITED_AUTHORITIES_VERIFY)
  [skip] Id 9694 is criminal jurisdiction ((Criminal Revisional Jurisdiction)), not saved.
  [fetch] saved case_9700.json (4902 chars, theories=L13_CITED_AUTHORITIES_VERIFY)
  [fetch] saved case_9711.json (45772 chars, theories=L13_CITED_AUTHORITIES_VERIFY)
  [skip] Id 9715 is criminal jurisdiction ((Criminal Miscellaneous Jurisdiction)), not saved.
  [skip] Id 9718 is criminal jurisdiction ((Criminal Appellate Jurisdiction)), not saved.
  [fetch] saved case_9751.json (24008 chars, theories=L13_CITED_AUTHORITIES_VERIFY)
  [skip] Id 9814 is criminal jurisdiction ((Criminal Revisional Jurisdiction)), not saved.
  [fetch] saved case_9816.json (35059 chars, theories=L13_CITED_AUTHORITIES_VERIFY)
  [fetch] saved case_9822.json (14878 chars, theories=L13_CITED_AUTHORITIES_VERIFY)
  progress: 550/1228 for this group
  [fetch] saved case_9823.json (13046 chars, theories=L13_CITED_AUTHORITIES_VERIFY)
  [skip] Id 9846 is criminal jurisdiction ((Criminal Appellate Jurisdiction)), not saved.
  [fetch] saved case_9868.json (26930 chars, theories=L13_CITED_AUTHORITIES_VERIFY)
  [fetch] saved case_9878.json (20746 chars, theories=L13_CITED_AUTHORITIES_VERIFY)
  [fetch] saved case_9892.json (22453 chars, theories=L13_CITED_AUTHORITIES_VERIFY)
  [skip] Id 9978 is criminal jurisdiction (Criminal Appellate Jurisdiction), not saved.
  [skip] Id 10028 is criminal jurisdiction ((Criminal Miscellaneous Jurisdiction)), not saved.
  [skip] Id 10031 is criminal jurisdiction (Criminal Miscellaneous Jurisdiction), not saved.
  [fetch] saved case_10033.json (12753 chars, theories=L13_CITED_AUTHORITIES_VERIFY)
  [fetch] saved case_10040.json (7036 chars, theories=L13_CITED_AUTHORITIES_VERIFY)
  [skip] Id 10096 is criminal jurisdiction ((Criminal Jurisdiction)), not saved.
  [fetch] saved case_10106.json (13909 chars, theories=L13_CITED_AUTHORITIES_VERIFY)
  [skip] Id 10110 is criminal jurisdiction (Criminal Jurisdiction), not saved.
  [fetch] saved case_10114.json (6443 chars, theories=L13_CITED_AUTHORITIES_VERIFY)
  [fetch] saved case_10116.json (10957 chars, theories=L13_CITED_AUTHORITIES_VERIFY)
  [skip] Id 10138 is criminal jurisdiction ((Criminal Revisional Jurisdiction)), not saved.
  [fetch] saved case_10168.json (34757 chars, theories=L13_CITED_AUTHORITIES_VERIFY)
  [skip] Id 10170 is criminal jurisdiction ((Criminal Jurisdiction)), not saved.
  [fetch] saved case_10171.json (14711 chars, theories=L13_CITED_AUTHORITIES_VERIFY)
  [fetch] saved case_10202.json (55626 chars, theories=L13_CITED_AUTHORITIES_VERIFY)
  [fetch] saved case_10229.json (28909 chars, theories=L13_CITED_AUTHORITIES_VERIFY)
  [fetch] saved case_10239.json (27247 chars, theories=L13_CITED_AUTHORITIES_VERIFY)
  [fetch] saved case_10250.json (34359 chars, theories=L13_CITED_AUTHORITIES_VERIFY)
  [skip] Id 10268 is criminal jurisdiction ((Criminal Miscellaneous Jurisdiction)), not saved.
  [skip] Id 10277 is criminal jurisdiction ((Criminal Appellate Jurisdiction)), not saved.
  progress: 575/1228 for this group
  [fetch] saved case_10294.json (9658 chars, theories=L13_CITED_AUTHORITIES_VERIFY)
  [fetch] saved case_10299.json (7319 chars, theories=L13_CITED_AUTHORITIES_VERIFY)
  [skip] Id 10306 is criminal jurisdiction ((Criminal Miscellaneous Jurisdiction)), not saved.
  [skip] Id 10310 is criminal jurisdiction ((Criminal Appellate Jurisdiction)), not saved.
  [fetch] saved case_10316.json (21349 chars, theories=L13_CITED_AUTHORITIES_VERIFY)
  [compact] wrote E:\Mahfoz\Latest Advocacy\Resource\Judgements_Appeal38_2026\batch_18.json (24 cases), removed 24 loose file(s)
  [skip] Id 10328 is criminal jurisdiction (Death Reference No.110 of 2005 with Criminal Appeal No. 3157 of 2005 with Criminal Appeal No.3413 of 2005 with Crl. Misc. Case No.32472 of 2010 with Criminal Appeal No.3354 of 2005 with Criminal Appeal No.3541 of 2005 with Criminal Appeal No.3558 of 2005 with Criminal Appeal No.3581 of 2005 with Jail Appeal No.762 of 2005 with Jail Appeal No.763 of 2005 with Jail Appeal No.764 of 2005 with Jail Appeal No.765 of 2005 with Jail Appeal No.766 of 2005 with Jail Appeal No.767 of 2005 with Jail Appeal No.92 of 2006 with Crl. Misc. Case No.7729 of 2006 with Crl. Misc. Case No.12454 of 2008.), not saved.
  [skip] Id 10349 is criminal jurisdiction (Criminal Appeal No. 5404 of 2011 
with 
Jail Appeal No. 226 of 2011), not saved.
  [fetch] saved case_10359.json (25250 chars, theories=L13_CITED_AUTHORITIES_VERIFY)
  [fetch] saved case_10360.json (21372 chars, theories=L13_CITED_AUTHORITIES_VERIFY)
  [fetch] saved case_10382.json (21021 chars, theories=L13_CITED_AUTHORITIES_VERIFY)
  [fetch] saved case_10396.json (12377 chars, theories=L13_CITED_AUTHORITIES_VERIFY)
  [fetch] saved case_10398.json (15204 chars, theories=L13_CITED_AUTHORITIES_VERIFY)
  [skip] Id 10431 is criminal jurisdiction ((Criminal Appellate Jurisdiction)), not saved.
  [skip] Id 10475 is criminal jurisdiction (Criminal Miscellaneous Case No. 1573 of 2015), not saved.
  [fetch] saved case_10487.json (40620 chars, theories=L13_CITED_AUTHORITIES_VERIFY)
  [skip] Id 10557 is criminal jurisdiction (Criminal Miscellaneous Case No. 5867 of 2014), not saved.
  [fetch] saved case_10567.json (15753 chars, theories=L13_CITED_AUTHORITIES_VERIFY)
  [fetch] saved case_10593.json (17748 chars, theories=L13_CITED_AUTHORITIES_VERIFY)
  [fetch] saved case_10594.json (15311 chars, theories=L13_CITED_AUTHORITIES_VERIFY)
  [skip] Id 10600 is criminal jurisdiction (Death Reference No. 82 of 2008
With
Criminal Appeal No. 5854 of 2008
With
Criminal Appeal No. 2324of 2012 
(Arising Out of jail Appeal No. 881 of 2008) 
And
 Jail Appeal No. 882 of 2008), not saved.
  [fetch] saved case_10602.json (15606 chars, theories=L13_CITED_AUTHORITIES_VERIFY)
  [fetch] saved case_10629.json (8150 chars, theories=L13_CITED_AUTHORITIES_VERIFY)
  [fetch] saved case_10634.json (25985 chars, theories=L13_CITED_AUTHORITIES_VERIFY)
  [skip] Id 10638 is criminal jurisdiction (Criminal), not saved.
  [skip] Id 10649 is criminal jurisdiction (Death Reference No. 74 of 2007
With
Criminal Appeal No. 5221 of 2007
With
Criminal Appeal No. 4723 of 2007
With
Criminal Appeal No. 7950 of 2008
With
Criminal Appeal No. 5702 of 2007
With
Criminal Appeal No. 8412 of 2008
With
Jail Appeal No. 973 of 2007
And
Jail Appeal No. 974 of 2007), not saved.
  progress: 600/1228 for this group
  [fetch] saved case_10815.json (12727 chars, theories=L13_CITED_AUTHORITIES_VERIFY)
  [fetch] saved case_11141.json (8075 chars, theories=L13_CITED_AUTHORITIES_VERIFY)
  [fetch] saved case_11262.json (7202 chars, theories=L13_CITED_AUTHORITIES_VERIFY)
  [fetch] saved case_11280.json (5832 chars, theories=L13_CITED_AUTHORITIES_VERIFY)
  [fetch] saved case_11321.json (9469 chars, theories=L13_CITED_AUTHORITIES_VERIFY)
  [skip] Id 11406 is criminal jurisdiction (Criminal), not saved.
  [fetch] saved case_11505.json (5553 chars, theories=L13_CITED_AUTHORITIES_VERIFY)
  [fetch] saved case_11567.json (10614 chars, theories=L13_CITED_AUTHORITIES_VERIFY)
  [skip] Id 11617 is criminal jurisdiction (Criminal), not saved.
  [fetch] saved case_11700.json (12375 chars, theories=L13_CITED_AUTHORITIES_VERIFY)
  [skip] Id 11747 is criminal jurisdiction ((Criminal)), not saved.
  [fetch] saved case_11809.json (11778 chars, theories=L13_CITED_AUTHORITIES_VERIFY)
  [fetch] saved case_11816.json (7556 chars, theories=L13_CITED_AUTHORITIES_VERIFY)
  [fetch] saved case_11932.json (8731 chars, theories=L13_CITED_AUTHORITIES_VERIFY)
  [fetch] saved case_11981.json (10656 chars, theories=L13_CITED_AUTHORITIES_VERIFY)
  [fetch] saved case_12019.json (6462 chars, theories=L13_CITED_AUTHORITIES_VERIFY)
  [fetch] saved case_12120.json (30709 chars, theories=L13_CITED_AUTHORITIES_VERIFY)
  [fetch] saved case_12122.json (8818 chars, theories=L13_CITED_AUTHORITIES_VERIFY)
  [fetch] saved case_12125.json (12174 chars, theories=L13_CITED_AUTHORITIES_VERIFY)
  [fetch] saved case_12131.json (92285 chars, theories=L13_CITED_AUTHORITIES_VERIFY)
  [compact] wrote E:\Mahfoz\Latest Advocacy\Resource\Judgements_Appeal38_2026\batch_19.json (29 cases), removed 29 loose file(s)
  [skip] Id 12197 is criminal jurisdiction (Criminal), not saved.
  [skip] Id 12215 is criminal jurisdiction (Criminal), not saved.
  [fetch] saved case_12220.json (7330 chars, theories=L13_CITED_AUTHORITIES_VERIFY)
  [skip] Id 12237 is criminal jurisdiction (Criminal), not saved.
  [fetch] saved case_12245.json (84227 chars, theories=L13_CITED_AUTHORITIES_VERIFY)
  progress: 625/1228 for this group
  [fetch] saved case_12278.json (60729 chars, theories=L13_CITED_AUTHORITIES_VERIFY)
  [skip] Id 12280 is criminal jurisdiction ([Criminal]), not saved.
  [fetch] saved case_12287.json (24377 chars, theories=L13_CITED_AUTHORITIES_VERIFY)
  [fetch] saved case_12297.json (6376 chars, theories=L13_CITED_AUTHORITIES_VERIFY)
  [fetch] saved case_12311.json (15539 chars, theories=L13_CITED_AUTHORITIES_VERIFY)
  [fetch] saved case_12328.json (7519 chars, theories=L13_CITED_AUTHORITIES_VERIFY)
  [skip] Id 12339 is criminal jurisdiction ([Criminal]), not saved.
  [fetch] saved case_12347.json (11465 chars, theories=L13_CITED_AUTHORITIES_VERIFY)
  [skip] Id 12361 is criminal jurisdiction ([Criminal]), not saved.
  [fetch] saved case_12365.json (14380 chars, theories=L13_CITED_AUTHORITIES_VERIFY)
  [fetch] saved case_12377.json (11205 chars, theories=L13_CITED_AUTHORITIES_VERIFY)
  [fetch] saved case_12390.json (8687 chars, theories=L13_CITED_AUTHORITIES_VERIFY)
  [skip] Id 12403 is criminal jurisdiction (Criminal), not saved.
  [fetch] saved case_12409.json (9215 chars, theories=L13_CITED_AUTHORITIES_VERIFY)
  [skip] Id 12434 is criminal jurisdiction (Criminal), not saved.
  [fetch] saved case_12436.json (22960 chars, theories=L13_CITED_AUTHORITIES_VERIFY)
  [fetch] saved case_12453.json (9913 chars, theories=L13_CITED_AUTHORITIES_VERIFY)
  [fetch] saved case_12460.json (29745 chars, theories=L13_CITED_AUTHORITIES_VERIFY)
  [fetch] saved case_12469.json (228753 chars, theories=L13_CITED_AUTHORITIES_VERIFY)
  [fetch] saved case_12472.json (14430 chars, theories=L13_CITED_AUTHORITIES_VERIFY)
  [fetch] saved case_12479.json (11015 chars, theories=L13_CITED_AUTHORITIES_VERIFY)
  [fetch] saved case_12496.json (23632 chars, theories=L13_CITED_AUTHORITIES_VERIFY)
  [skip] Id 12505 is criminal jurisdiction (Criminal), not saved.
  [fetch] saved case_12526.json (17888 chars, theories=L13_CITED_AUTHORITIES_VERIFY)
  [fetch] saved case_12530.json (16519 chars, theories=L13_CITED_AUTHORITIES_VERIFY)
  progress: 650/1228 for this group
  [skip] Id 12531 is criminal jurisdiction ([Criminal]), not saved.
  [fetch] saved case_12560.json (8991 chars, theories=L13_CITED_AUTHORITIES_VERIFY)
  [fetch] saved case_12570.json (20671 chars, theories=L13_CITED_AUTHORITIES_VERIFY)
  [skip] Id 12588 is criminal jurisdiction (Criminal), not saved.
  [fetch] saved case_12599.json (46052 chars, theories=L13_CITED_AUTHORITIES_VERIFY)
  [fetch] saved case_12607.json (14949 chars, theories=L13_CITED_AUTHORITIES_VERIFY)
  [fetch] saved case_12621.json (1334 chars, theories=L13_CITED_AUTHORITIES_VERIFY)
  [fetch] saved case_12630.json (3024 chars, theories=L13_CITED_AUTHORITIES_VERIFY)
  [fetch] saved case_12642.json (20999 chars, theories=L13_CITED_AUTHORITIES_VERIFY)
  [fetch] saved case_12645.json (16335 chars, theories=L13_CITED_AUTHORITIES_VERIFY)
  [compact] wrote E:\Mahfoz\Latest Advocacy\Resource\Judgements_Appeal38_2026\batch_20.json (29 cases), removed 29 loose file(s)
  [fetch] saved case_12648.json (23694 chars, theories=L13_CITED_AUTHORITIES_VERIFY)
  [skip] Id 12672 is criminal jurisdiction (Criminal), not saved.
  [skip] Id 12675 is criminal jurisdiction ((Criminal Revisional Jurisdiction)), not saved.
  [skip] Id 12678 is criminal jurisdiction (CRIMINAL), not saved.
  [fetch] saved case_12688.json (30987 chars, theories=L13_CITED_AUTHORITIES_VERIFY)
  [fetch] saved case_12690.json (9042 chars, theories=L13_CITED_AUTHORITIES_VERIFY)
  [fetch] saved case_12706.json (15695 chars, theories=L13_CITED_AUTHORITIES_VERIFY)
  [fetch] saved case_12732.json (13228 chars, theories=L13_CITED_AUTHORITIES_VERIFY)
  [skip] Id 12738 is criminal jurisdiction (Criminal), not saved.
  [skip] Id 12743 is criminal jurisdiction (Criminal), not saved.
  [fetch] saved case_12744.json (24077 chars, theories=L13_CITED_AUTHORITIES_VERIFY)
  [fetch] saved case_12745.json (15279 chars, theories=L13_CITED_AUTHORITIES_VERIFY)
  [fetch] saved case_12757.json (11559 chars, theories=L13_CITED_AUTHORITIES_VERIFY)
  [fetch] saved case_12760.json (8500 chars, theories=L13_CITED_AUTHORITIES_VERIFY)
  [fetch] saved case_12767.json (16492 chars, theories=L13_CITED_AUTHORITIES_VERIFY)
  progress: 675/1228 for this group
  [fetch] saved case_12783.json (13373 chars, theories=L13_CITED_AUTHORITIES_VERIFY)
  [fetch] saved case_12978.json (13530 chars, theories=L13_CITED_AUTHORITIES_VERIFY)
  [fetch] saved case_13020.json (8325 chars, theories=L13_CITED_AUTHORITIES_VERIFY)
  [fetch] saved case_13062.json (19934 chars, theories=L13_CITED_AUTHORITIES_VERIFY)
  [fetch] saved case_13099.json (17577 chars, theories=L13_CITED_AUTHORITIES_VERIFY)
  [fetch] saved case_13195.json (10052 chars, theories=L13_CITED_AUTHORITIES_VERIFY)
  [fetch] saved case_13212.json (15419 chars, theories=L13_CITED_AUTHORITIES_VERIFY)
  [fetch] saved case_13233.json (29820 chars, theories=L13_CITED_AUTHORITIES_VERIFY)
  [skip] Id 13261 is criminal jurisdiction (Criminal), not saved.
  [fetch] saved case_13268.json (26194 chars, theories=L13_CITED_AUTHORITIES_VERIFY)
  [fetch] saved case_13295.json (28990 chars, theories=L13_CITED_AUTHORITIES_VERIFY)
  [fetch] saved case_13322.json (26905 chars, theories=L13_CITED_AUTHORITIES_VERIFY)
  [fetch] saved case_13336.json (123877 chars, theories=L13_CITED_AUTHORITIES_VERIFY)
  [fetch] saved case_13365.json (6991 chars, theories=L13_CITED_AUTHORITIES_VERIFY)
  [fetch] saved case_13414.json (18163 chars, theories=L13_CITED_AUTHORITIES_VERIFY)
  [skip] Id 13523 is criminal jurisdiction (Criminal), not saved.
  [skip] Id 13548 is criminal jurisdiction (Criminal), not saved.
  [fetch] saved case_13556.json (22463 chars, theories=L13_CITED_AUTHORITIES_VERIFY)
  [skip] Id 13559 is criminal jurisdiction (Criminal), not saved.
  [fetch] saved case_13560.json (36682 chars, theories=L13_CITED_AUTHORITIES_VERIFY)
  [skip] Id 13571 is criminal jurisdiction ((Criminal)), not saved.
  [fetch] saved case_13575.json (17013 chars, theories=L13_CITED_AUTHORITIES_VERIFY)
  [skip] Id 13599 is criminal jurisdiction (Criminal), not saved.
  [fetch] saved case_13622.json (14860 chars, theories=L13_CITED_AUTHORITIES_VERIFY)
  [fetch] saved case_13633.json (12179 chars, theories=L13_CITED_AUTHORITIES_VERIFY)
  progress: 700/1228 for this group
  [compact] wrote E:\Mahfoz\Latest Advocacy\Resource\Judgements_Appeal38_2026\batch_21.json (29 cases), removed 29 loose file(s)
  [fetch] saved case_13643.json (12534 chars, theories=L13_CITED_AUTHORITIES_VERIFY)
  [fetch] saved case_13647.json (10334 chars, theories=L13_CITED_AUTHORITIES_VERIFY)
  [fetch] saved case_13652.json (18596 chars, theories=L13_CITED_AUTHORITIES_VERIFY)
  [skip] Id 13696 is criminal jurisdiction (Criminal), not saved.
  [fetch] saved case_13754.json (18906 chars, theories=L13_CITED_AUTHORITIES_VERIFY)
  [fetch] saved case_13761.json (14723 chars, theories=L13_CITED_AUTHORITIES_VERIFY)
  [skip] Id 13764 is criminal jurisdiction (Criminal Revisional Jurisdiction), not saved.
  [fetch] saved case_13765.json (4569 chars, theories=L13_CITED_AUTHORITIES_VERIFY)
  [fetch] saved case_13767.json (6328 chars, theories=L13_CITED_AUTHORITIES_VERIFY)
  [fetch] saved case_13779.json (32299 chars, theories=L13_CITED_AUTHORITIES_VERIFY)
  [fetch] saved case_13796.json (39923 chars, theories=L13_CITED_AUTHORITIES_VERIFY)
  [fetch] saved case_13802.json (11146 chars, theories=L13_CITED_AUTHORITIES_VERIFY)
  [fetch] saved case_13808.json (73906 chars, theories=L13_CITED_AUTHORITIES_VERIFY)
  [fetch] saved case_13812.json (3048 chars, theories=L13_CITED_AUTHORITIES_VERIFY)
  [fetch] saved case_13872.json (15622 chars, theories=L13_CITED_AUTHORITIES_VERIFY)
  [skip] Id 13874 is criminal jurisdiction (Criminal Revision No. 31 of 2008), not saved.
  [fetch] saved case_13876.json (17614 chars, theories=L13_CITED_AUTHORITIES_VERIFY)
  [skip] Id 13883 is criminal jurisdiction ((Criminal Miscellaneous Jurisdiction)), not saved.
  [skip] Id 13890 is criminal jurisdiction ((Criminal Appellate Jurisdiction)), not saved.
  [skip] Id 13898 is criminal jurisdiction ((Chittagong Bench) (Criminal Miscellaneous Jurisdiction)), not saved.
  [skip] Id 13917 is criminal jurisdiction ((Dhaka) (Civil Revisional Jurisdiction)), not saved.
  [fetch] saved case_13937.json (16771 chars, theories=L13_CITED_AUTHORITIES_VERIFY)
  [fetch] saved case_13957.json (20274 chars, theories=L13_CITED_AUTHORITIES_VERIFY)
  [skip] Id 13962 is criminal jurisdiction ((CHITTAGONG BENCH) (Criminal Revisional Jurisdiction)), not saved.
  [fetch] saved case_13964.json (12561 chars, theories=L13_CITED_AUTHORITIES_VERIFY)
  progress: 725/1228 for this group
  [fetch] saved case_13974.json (22884 chars, theories=L13_CITED_AUTHORITIES_VERIFY)
  [fetch] saved case_13977.json (19375 chars, theories=L13_CITED_AUTHORITIES_VERIFY)
  [fetch] saved case_14003.json (30205 chars, theories=L13_CITED_AUTHORITIES_VERIFY)
  [fetch] saved case_14028.json (32575 chars, theories=L13_CITED_AUTHORITIES_VERIFY)
  [fetch] saved case_14039.json (28495 chars, theories=L13_CITED_AUTHORITIES_VERIFY)
  [fetch] saved case_14069.json (45727 chars, theories=L13_CITED_AUTHORITIES_VERIFY)
  [skip] Id 14144 is criminal jurisdiction (Criminal Appellate Jurisdiction), not saved.
  [skip] Id 14176 is criminal jurisdiction (Criminal Appeal Jurisdiction), not saved.
  [skip] Id 14198 is criminal jurisdiction ((Criminal Revisional Jurisdiction)), not saved.
  [fetch] saved case_14200.json (52371 chars, theories=L13_CITED_AUTHORITIES_VERIFY)
  [fetch] saved case_14204.json (18888 chars, theories=L13_CITED_AUTHORITIES_VERIFY)
  [fetch] saved case_14236.json (7701 chars, theories=L13_CITED_AUTHORITIES_VERIFY)
  [fetch] saved case_14273.json (12248 chars, theories=L13_CITED_AUTHORITIES_VERIFY)
  [skip] Id 14285 is criminal jurisdiction (Criminal Revisional Jurisdiction), not saved.
  [skip] Id 14294 is criminal jurisdiction (Criminal Revision), not saved.
  [compact] wrote E:\Mahfoz\Latest Advocacy\Resource\Judgements_Appeal38_2026\batch_22.json (27 cases), removed 27 loose file(s)
  [fetch] saved case_14353.json (13092 chars, theories=L13_CITED_AUTHORITIES_VERIFY)
  [fetch] saved case_14354.json (44578 chars, theories=L13_CITED_AUTHORITIES_VERIFY)
  [fetch] saved case_14358.json (20656 chars, theories=L13_CITED_AUTHORITIES_VERIFY)
  [fetch] saved case_14359.json (35919 chars, theories=L13_CITED_AUTHORITIES_VERIFY)
  [fetch] saved case_14362.json (15861 chars, theories=L13_CITED_AUTHORITIES_VERIFY)
  [fetch] saved case_14500.json (21509 chars, theories=L13_CITED_AUTHORITIES_VERIFY)
  [skip] Id 14538 is criminal jurisdiction (Criminal), not saved.
  [skip] Id 14568 is criminal jurisdiction (Criminal), not saved.
  [skip] Id 14571 is criminal jurisdiction (Criminal), not saved.
  [skip] Id 14590 is criminal jurisdiction (Criminal), not saved.
  progress: 750/1228 for this group
  [skip] Id 14593 is criminal jurisdiction (Criminal), not saved.
  [skip] Id 14598 is criminal jurisdiction (Criminal), not saved.
  [skip] Id 14612 is criminal jurisdiction (Criminal), not saved.
  [skip] Id 14654 is criminal jurisdiction ((Criminal Appellate Jurisdiction)), not saved.
  [fetch] saved case_14672.json (19089 chars, theories=L13_CITED_AUTHORITIES_VERIFY)
  [fetch] saved case_14675.json (35037 chars, theories=L13_CITED_AUTHORITIES_VERIFY)
  [fetch] saved case_14689.json (81603 chars, theories=L13_CITED_AUTHORITIES_VERIFY)
  [fetch] saved case_14693.json (50233 chars, theories=L13_CITED_AUTHORITIES_VERIFY)
  [skip] Id 14705 is criminal jurisdiction ((Criminal)), not saved.
  [skip] Id 14748 is criminal jurisdiction (Criminal Revision No. 811 of 1974), not saved.
  [fetch] saved case_14751.json (7983 chars, theories=L13_CITED_AUTHORITIES_VERIFY)
  [fetch] saved case_14759.json (13657 chars, theories=L13_CITED_AUTHORITIES_VERIFY)
  [skip] Id 14821 is criminal jurisdiction (Criminal Revision No. 1877 of 1974), not saved.
  [fetch] saved case_14825.json (8799 chars, theories=L13_CITED_AUTHORITIES_VERIFY)
  [skip] Id 14920 is criminal jurisdiction ((Criminal)), not saved.
  [skip] Id 14923 is criminal jurisdiction ((Criminal Appellate Jurisdiction)), not saved.
  [skip] Id 14949 is criminal jurisdiction ((Criminal Appellate Jurisdiction)), not saved.
  [fetch] saved case_14953.json (31356 chars, theories=L13_CITED_AUTHORITIES_VERIFY)
  [fetch] saved case_14954.json (80656 chars, theories=L13_CITED_AUTHORITIES_VERIFY)
  [fetch] saved case_14955.json (22195 chars, theories=L13_CITED_AUTHORITIES_VERIFY)
  [fetch] saved case_14956.json (22539 chars, theories=L13_CITED_AUTHORITIES_VERIFY)
  [skip] Id 14962 is criminal jurisdiction ((Criminal Miscellaneous Jurisdiction)), not saved.
  [fetch] saved case_14973.json (17252 chars, theories=L13_CITED_AUTHORITIES_VERIFY)
  [skip] Id 14976 is criminal jurisdiction ((Criminal Appellate Jurisdiction)), not saved.
  [fetch] saved case_14981.json (50214 chars, theories=L13_CITED_AUTHORITIES_VERIFY)
  progress: 775/1228 for this group
  [skip] Id 14997 is criminal jurisdiction ((Criminal Miscellaneous Jurisdiction)), not saved.
  [skip] Id 14999 is criminal jurisdiction ((Criminal Revisional Jurisdiction)), not saved.
  [skip] Id 15000 is criminal jurisdiction ((Criminal Miscellaneous Jurisdiction)), not saved.
  [fetch] saved case_15002.json (21275 chars, theories=L13_CITED_AUTHORITIES_VERIFY)
  [fetch] saved case_15010.json (18939 chars, theories=L13_CITED_AUTHORITIES_VERIFY)
  [compact] wrote E:\Mahfoz\Latest Advocacy\Resource\Judgements_Appeal38_2026\batch_23.json (21 cases), removed 21 loose file(s)
  [skip] Id 15022 is criminal jurisdiction ((Criminal Appellate Jurisdiction)), not saved.
  [fetch] saved case_15037.json (5147 chars, theories=L13_CITED_AUTHORITIES_VERIFY)
  [fetch] saved case_15050.json (17290 chars, theories=L13_CITED_AUTHORITIES_VERIFY)
  [skip] Id 15052 is criminal jurisdiction (Criminal Miscellaneous Case No. 36116 of 2014), not saved.
  [fetch] saved case_15053.json (10696 chars, theories=L13_CITED_AUTHORITIES_VERIFY)
  [fetch] saved case_15058.json (11967 chars, theories=L13_CITED_AUTHORITIES_VERIFY)
  [fetch] saved case_15069.json (15711 chars, theories=L13_CITED_AUTHORITIES_VERIFY)
  [skip] Id 15076 is criminal jurisdiction ((Criminal)), not saved.
  [fetch] saved case_15102.json (24650 chars, theories=L13_CITED_AUTHORITIES_VERIFY)
  [fetch] saved case_15108.json (8578 chars, theories=L13_CITED_AUTHORITIES_VERIFY)
  [skip] Id 15111 is criminal jurisdiction ((Criminal Miscellaneous Jurisdiction)), not saved.
  [fetch] saved case_15118.json (45358 chars, theories=L13_CITED_AUTHORITIES_VERIFY)
  [fetch] saved case_15124.json (27498 chars, theories=L13_CITED_AUTHORITIES_VERIFY)
  [fetch] saved case_15139.json (152199 chars, theories=L13_CITED_AUTHORITIES_VERIFY)
  [fetch] saved case_15141.json (59099 chars, theories=L13_CITED_AUTHORITIES_VERIFY)
  [fetch] saved case_15151.json (20387 chars, theories=L13_CITED_AUTHORITIES_VERIFY)
  [fetch] saved case_15160.json (124618 chars, theories=L13_CITED_AUTHORITIES_VERIFY)
  [fetch] saved case_15165.json (38957 chars, theories=L13_CITED_AUTHORITIES_VERIFY)
  [fetch] saved case_15166.json (31033 chars, theories=L13_CITED_AUTHORITIES_VERIFY)
  [fetch] saved case_15184.json (20781 chars, theories=L13_CITED_AUTHORITIES_VERIFY)
  progress: 800/1228 for this group
  [skip] Id 15207 is criminal jurisdiction ([Criminal]), not saved.
  [fetch] saved case_15216.json (16546 chars, theories=L13_CITED_AUTHORITIES_VERIFY)
  [fetch] saved case_15275.json (15616 chars, theories=L13_CITED_AUTHORITIES_VERIFY)
  [fetch] saved case_15289.json (23557 chars, theories=L13_CITED_AUTHORITIES_VERIFY)
  [fetch] saved case_15293.json (16378 chars, theories=L13_CITED_AUTHORITIES_VERIFY)
  [fetch] saved case_15294.json (16986 chars, theories=L13_CITED_AUTHORITIES_VERIFY)
  [fetch] saved case_15325.json (32317 chars, theories=L13_CITED_AUTHORITIES_VERIFY)
  [fetch] saved case_15339.json (7833 chars, theories=L13_CITED_AUTHORITIES_VERIFY)
  [fetch] saved case_15345.json (12388 chars, theories=L13_CITED_AUTHORITIES_VERIFY)
  [fetch] saved case_15350.json (308458 chars, theories=L13_CITED_AUTHORITIES_VERIFY)
  [fetch] saved case_15383.json (13793 chars, theories=L13_CITED_AUTHORITIES_VERIFY)
  [fetch] saved case_15385.json (26921 chars, theories=L13_CITED_AUTHORITIES_VERIFY)
  [fetch] saved case_15386.json (31278 chars, theories=L13_CITED_AUTHORITIES_VERIFY)
  [fetch] saved case_15410.json (25877 chars, theories=L13_CITED_AUTHORITIES_VERIFY)
  [fetch] saved case_15418.json (17269 chars, theories=L13_CITED_AUTHORITIES_VERIFY)
  [fetch] saved case_15433.json (15264 chars, theories=L13_CITED_AUTHORITIES_VERIFY)
  [skip] Id 15434 is criminal jurisdiction ((Criminal Appellate Jurisdiction)), not saved.
  [skip] Id 15453 is criminal jurisdiction ((Criminal Appellate Jurisdiction)), not saved.
  [fetch] saved case_15463.json (21445 chars, theories=L13_CITED_AUTHORITIES_VERIFY)
  [fetch] saved case_15481.json (30181 chars, theories=L13_CITED_AUTHORITIES_VERIFY)
  [compact] wrote E:\Mahfoz\Latest Advocacy\Resource\Judgements_Appeal38_2026\batch_24.json (33 cases), removed 33 loose file(s)
  [fetch] saved case_15486.json (62301 chars, theories=L13_CITED_AUTHORITIES_VERIFY)
  [skip] Id 15497 is criminal jurisdiction ((Criminal Miscellaneous Jurisdiction)), not saved.
  [fetch] saved case_15506.json (63443 chars, theories=L13_CITED_AUTHORITIES_VERIFY)
  [fetch] saved case_15510.json (12992 chars, theories=L13_CITED_AUTHORITIES_VERIFY)
  [fetch] saved case_15511.json (7786 chars, theories=L13_CITED_AUTHORITIES_VERIFY)
  progress: 825/1228 for this group
  [fetch] saved case_15516.json (27270 chars, theories=L13_CITED_AUTHORITIES_VERIFY)
  [fetch] saved case_15518.json (36830 chars, theories=L13_CITED_AUTHORITIES_VERIFY)
  [fetch] saved case_15523.json (18647 chars, theories=L13_CITED_AUTHORITIES_VERIFY)
  [skip] Id 15534 is criminal jurisdiction ((Criminal Miscellaneous Jurisdiction)), not saved.
  [fetch] saved case_15538.json (61724 chars, theories=L13_CITED_AUTHORITIES_VERIFY)
  [fetch] saved case_15547.json (25978 chars, theories=L13_CITED_AUTHORITIES_VERIFY)
  [fetch] saved case_15551.json (75211 chars, theories=L13_CITED_AUTHORITIES_VERIFY)
  [fetch] saved case_15563.json (25232 chars, theories=L13_CITED_AUTHORITIES_VERIFY)
  [fetch] saved case_15587.json (16133 chars, theories=L13_CITED_AUTHORITIES_VERIFY)
  [fetch] saved case_15600.json (14058 chars, theories=L13_CITED_AUTHORITIES_VERIFY)
  [fetch] saved case_15619.json (22888 chars, theories=L13_CITED_AUTHORITIES_VERIFY)
  [fetch] saved case_15628.json (20334 chars, theories=L13_CITED_AUTHORITIES_VERIFY)
  [fetch] saved case_15637.json (65940 chars, theories=L13_CITED_AUTHORITIES_VERIFY)
  [skip] Id 15642 is criminal jurisdiction ((Criminal Miscellaneous Jurisdiction)), not saved.
  [fetch] saved case_15677.json (14200 chars, theories=L13_CITED_AUTHORITIES_VERIFY)
  [skip] Id 15679 is criminal jurisdiction ((Criminal Appellate Jurisdiction)), not saved.
  [skip] Id 15682 is criminal jurisdiction ((Criminal Appellate Jurisdiction)), not saved.
  [fetch] saved case_15684.json (23858 chars, theories=L13_CITED_AUTHORITIES_VERIFY)
  [fetch] saved case_15730.json (14296 chars, theories=L13_CITED_AUTHORITIES_VERIFY)
  [skip] Id 15734 is criminal jurisdiction (Death Reference No.06 of 2006
with
Criminal Appeal No.208 of 2006
with
Criminal Appeal No.231 of 2006
with
Criminal Appeal No.447 of 2006
with
Criminal Appeal No.1157 of 2006
with
Jail Appeal No.87 of 2006
with
Jail Appeal No.88 of 2006
with
Jail Appeal No.89 of 2006), not saved.
  [skip] Id 15745 is criminal jurisdiction ((Criminal Appellate Jurisdiction)), not saved.
  [skip] Id 15748 is criminal jurisdiction ((Criminal Appellate Jurisdiction)), not saved.
  [fetch] saved case_15765.json (60936 chars, theories=L13_CITED_AUTHORITIES_VERIFY)
  [fetch] saved case_15766.json (24364 chars, theories=L13_CITED_AUTHORITIES_VERIFY)
  [fetch] saved case_15780.json (50487 chars, theories=L13_CITED_AUTHORITIES_VERIFY)
  progress: 850/1228 for this group
  [fetch] saved case_15782.json (14044 chars, theories=L13_CITED_AUTHORITIES_VERIFY)
  [skip] Id 15794 is criminal jurisdiction (Criminal Appellate Jurisdiction), not saved.
  [fetch] saved case_15816.json (12659 chars, theories=L13_CITED_AUTHORITIES_VERIFY)
  [fetch] saved case_15818.json (11740 chars, theories=L13_CITED_AUTHORITIES_VERIFY)
  [skip] Id 15844 is criminal jurisdiction ((Criminal) ), not saved.
  [fetch] saved case_15856.json (14620 chars, theories=L13_CITED_AUTHORITIES_VERIFY)
  [skip] Id 15901 is criminal jurisdiction ((Criminal Revisional Jurisdiction)), not saved.
  [skip] Id 15918 is criminal jurisdiction ((Criminal Miscellaneous Jurisdiction)), not saved.
  [skip] Id 15930 is criminal jurisdiction ((Criminal)), not saved.
  [skip] Id 15973 is criminal jurisdiction ((Criminal Appellate Jurisdiction)), not saved.
  [compact] wrote E:\Mahfoz\Latest Advocacy\Resource\Judgements_Appeal38_2026\batch_25.json (26 cases), removed 26 loose file(s)
  [skip] Id 15986 is criminal jurisdiction ((Criminal Miscellaneous Jurisdiction)), not saved.
  [fetch] saved case_15991.json (68701 chars, theories=L13_CITED_AUTHORITIES_VERIFY)
  [skip] Id 15995 is criminal jurisdiction ((Criminal Miscellaneous Jurisdiction)), not saved.
  [fetch] saved case_15999.json (23978 chars, theories=L13_CITED_AUTHORITIES_VERIFY)
  [fetch] saved case_16002.json (19011 chars, theories=L13_CITED_AUTHORITIES_VERIFY)
  [fetch] saved case_16022.json (13311 chars, theories=L13_CITED_AUTHORITIES_VERIFY)
  [fetch] saved case_16040.json (44305 chars, theories=L13_CITED_AUTHORITIES_VERIFY)
  [fetch] saved case_16051.json (31597 chars, theories=L13_CITED_AUTHORITIES_VERIFY)
  [fetch] saved case_16055.json (16581 chars, theories=L13_CITED_AUTHORITIES_VERIFY)
  [skip] Id 16058 is criminal jurisdiction ((Criminal Appellate Jurisdiction)), not saved.
  [skip] Id 16060 is criminal jurisdiction ((Criminal Miscellaneous Jurisdiction)), not saved.
  [fetch] saved case_16061.json (25589 chars, theories=L13_CITED_AUTHORITIES_VERIFY)
  [skip] Id 16068 is criminal jurisdiction ((Criminal Miscellaneous Jurisdiction)), not saved.
  [fetch] saved case_16071.json (36289 chars, theories=L13_CITED_AUTHORITIES_VERIFY)
  [skip] Id 16127 is criminal jurisdiction ((Criminal Miscellaneous Jurisdiction)), not saved.
  progress: 875/1228 for this group
  [skip] Id 16139 is criminal jurisdiction ((Criminal Miscellaneous Jurisdiction)), not saved.
  [fetch] saved case_16149.json (6175 chars, theories=L13_CITED_AUTHORITIES_VERIFY)
  [fetch] saved case_16155.json (13578 chars, theories=L13_CITED_AUTHORITIES_VERIFY)
  [skip] Id 16197 is criminal jurisdiction ((Civil)), not saved.
  [fetch] saved case_16237.json (13289 chars, theories=L13_CITED_AUTHORITIES_VERIFY)
  [fetch] saved case_16256.json (28598 chars, theories=L13_CITED_AUTHORITIES_VERIFY)
  [fetch] saved case_16332.json (26336 chars, theories=L13_CITED_AUTHORITIES_VERIFY)
  [fetch] saved case_16333.json (35477 chars, theories=L13_CITED_AUTHORITIES_VERIFY)
  [fetch] saved case_16336.json (54712 chars, theories=L13_CITED_AUTHORITIES_VERIFY)
  [skip] Id 16375 is criminal jurisdiction ((Criminal Revisional Jurisdiction)), not saved.
  [fetch] saved case_16381.json (11891 chars, theories=L13_CITED_AUTHORITIES_VERIFY)
  [fetch] saved case_16393.json (55545 chars, theories=L13_CITED_AUTHORITIES_VERIFY)
  [skip] Id 16398 is criminal jurisdiction ((Criminal Appellate Jurisdiction)), not saved.
  [skip] Id 16403 is criminal jurisdiction ((Criminal Miscellaneous Jurisdiction)), not saved.
  [fetch] saved case_16418.json (38040 chars, theories=L13_CITED_AUTHORITIES_VERIFY)
  [fetch] saved case_16421.json (18922 chars, theories=L13_CITED_AUTHORITIES_VERIFY)
  [fetch] saved case_16435.json (10183 chars, theories=L13_CITED_AUTHORITIES_VERIFY)
  [fetch] saved case_16446.json (20303 chars, theories=L13_CITED_AUTHORITIES_VERIFY)
  [fetch] saved case_16477.json (14514 chars, theories=L13_CITED_AUTHORITIES_VERIFY)
  [fetch] saved case_16493.json (22253 chars, theories=L13_CITED_AUTHORITIES_VERIFY)
  [skip] Id 16515 is criminal jurisdiction ((Criminal Appellate Jurisdiction)), not saved.
  [fetch] saved case_16518.json (23388 chars, theories=L13_CITED_AUTHORITIES_VERIFY)
  [skip] Id 16520 is criminal jurisdiction ((Criminal Miscellaneous Jurisdiction)), not saved.
  [skip] Id 16531 is criminal jurisdiction ((Criminal Miscellaneous Jurisdiction)), not saved.
  [fetch] saved case_16557.json (46871 chars, theories=L13_CITED_AUTHORITIES_VERIFY)
  progress: 900/1228 for this group
  [compact] wrote E:\Mahfoz\Latest Advocacy\Resource\Judgements_Appeal38_2026\batch_26.json (26 cases), removed 26 loose file(s)
  [skip] Id 16569 is criminal jurisdiction ((CRIMINAL)), not saved.
  [fetch] saved case_16581.json (12718 chars, theories=L13_CITED_AUTHORITIES_VERIFY)
  [fetch] saved case_16623.json (23509 chars, theories=L3_MISC_CASE_NO_TITLE_ADJUDICATION)
  [fetch] saved case_16624.json (19559 chars, theories=L2_MUTATION_NO_TITLE)
  [fetch] saved case_16625.json (23681 chars, theories=L3_MISC_CASE_NO_TITLE_ADJUDICATION)
  [fetch] saved case_16627.json (24955 chars, theories=L3_MISC_CASE_NO_TITLE_ADJUDICATION)
  [fetch] saved case_16641.json (14529 chars, theories=L3_MISC_CASE_NO_TITLE_ADJUDICATION)
  [fetch] saved case_16642.json (14566 chars, theories=L3_MISC_CASE_NO_TITLE_ADJUDICATION)
  [fetch] saved case_16665.json (9674 chars, theories=L3_MISC_CASE_NO_TITLE_ADJUDICATION)
  [skip] Id 16669 is criminal jurisdiction ((CRIMINAL)), not saved.
  [fetch] saved case_16673.json (16275 chars, theories=L2_MUTATION_NO_TITLE)
  [fetch] saved case_16675.json (18955 chars, theories=L3_MISC_CASE_NO_TITLE_ADJUDICATION)
  [fetch] saved case_16681.json (19371 chars, theories=L13_CITED_AUTHORITIES_VERIFY)
  [fetch] saved case_16685.json (45119 chars, theories=L3_MISC_CASE_NO_TITLE_ADJUDICATION)
  [fetch] saved case_16689.json (24311 chars, theories=L13_CITED_AUTHORITIES_VERIFY)
  [skip] Id 16690 is criminal jurisdiction ((Criminal Revisional Jurisdiction)), not saved.
  [skip] Id 16695 is criminal jurisdiction ((Criminal Revisional Jurisdiction)), not saved.
  [fetch] saved case_16699.json (12415 chars, theories=L13_CITED_AUTHORITIES_VERIFY)
  [fetch] saved case_16700.json (18995 chars, theories=L1_SA_KHATIAN_PRESUMPTION,L13_CITED_AUTHORITIES_VERIFY)
  [skip] Id 16702 is criminal jurisdiction ((Criminal Miscellaneous Jurisdiction)), not saved.
  [fetch] saved case_16705.json (16668 chars, theories=L3_MISC_CASE_NO_TITLE_ADJUDICATION,L13_CITED_AUTHORITIES_VERIFY)
  [skip] Id 16711 is criminal jurisdiction ((Criminal Appellate Jurisdiction)), not saved.
  [fetch] saved case_16713.json (15399 chars, theories=L3_MISC_CASE_NO_TITLE_ADJUDICATION)
  [fetch] saved case_16719.json (28737 chars, theories=L1_SA_KHATIAN_PRESUMPTION)
  [fetch] saved case_16722.json (34735 chars, theories=L13_CITED_AUTHORITIES_VERIFY)
  progress: 925/1228 for this group
  [skip] Id 16723 is criminal jurisdiction ((Criminal Miscellaneous Jurisdiction)), not saved.
  [fetch] saved case_16727.json (12638 chars, theories=L13_CITED_AUTHORITIES_VERIFY)
  [fetch] saved case_16732.json (12892 chars, theories=L13_CITED_AUTHORITIES_VERIFY)
  [fetch] saved case_16736.json (24267 chars, theories=L13_CITED_AUTHORITIES_VERIFY)
  [skip] Id 16738 is criminal jurisdiction ((Criminal Appellate Jurisdiction)), not saved.
  [fetch] saved case_16764.json (15257 chars, theories=L3_MISC_CASE_NO_TITLE_ADJUDICATION)
  [fetch] saved case_16769.json (17852 chars, theories=L13_CITED_AUTHORITIES_VERIFY)
  [fetch] saved case_16770.json (35007 chars, theories=L1_SA_KHATIAN_PRESUMPTION,L2_MUTATION_NO_TITLE)
  [skip] Id 16784 is criminal jurisdiction ((CRIMINAL)), not saved.
  [fetch] saved case_16791.json (41478 chars, theories=L13_CITED_AUTHORITIES_VERIFY)
  [fetch] saved case_16792.json (2299222 chars, theories=L1_SA_KHATIAN_PRESUMPTION,L2_MUTATION_NO_TITLE)
  [skip] Id 16797 is criminal jurisdiction ((Criminal Revisional Jurisdiction)), not saved.
  [skip] Id 16798 is criminal jurisdiction ((CRIMINAL)), not saved.
  [fetch] saved case_16806.json (24564 chars, theories=L13_CITED_AUTHORITIES_VERIFY)
  [fetch] saved case_16807.json (59590 chars, theories=L2_MUTATION_NO_TITLE)
  [compact] wrote E:\Mahfoz\Latest Advocacy\Resource\Judgements_Appeal38_2026\batch_27.json (29 cases), removed 29 loose file(s)
  [fetch] saved case_16818.json (28321 chars, theories=L13_CITED_AUTHORITIES_VERIFY)
  [fetch] saved case_16836.json (18868 chars, theories=L3_MISC_CASE_NO_TITLE_ADJUDICATION)
  [fetch] saved case_16837.json (14002 chars, theories=L3_MISC_CASE_NO_TITLE_ADJUDICATION,L13_CITED_AUTHORITIES_VERIFY)
  [fetch] saved case_16844.json (36285 chars, theories=L13_CITED_AUTHORITIES_VERIFY)
  [fetch] saved case_16846.json (20180 chars, theories=L3_MISC_CASE_NO_TITLE_ADJUDICATION)
  [skip] Id 16865 is criminal jurisdiction ((Criminal Miscellaneous Jurisdiction)), not saved.
  [fetch] saved case_16867.json (51370 chars, theories=L2_MUTATION_NO_TITLE)
  [skip] Id 16873 is criminal jurisdiction ((Criminal Miscellaneous Jurisdiction)), not saved.
  [fetch] saved case_16890.json (106352 chars, theories=L13_CITED_AUTHORITIES_VERIFY)
  [skip] Id 16891 is criminal jurisdiction ((Criminal Appellate Jurisdiction)), not saved.
  progress: 950/1228 for this group
  [fetch] saved case_16894.json (26505 chars, theories=L13_CITED_AUTHORITIES_VERIFY)
  [fetch] saved case_16901.json (15168 chars, theories=L1_SA_KHATIAN_PRESUMPTION,L2_MUTATION_NO_TITLE)
  [skip] Id 16907 is criminal jurisdiction ((Criminal Appellate Jurisdiction)), not saved.
  [skip] Id 16909 is criminal jurisdiction ((Criminal Miscellaneous Jurisdiction)), not saved.
  [fetch] saved case_16910.json (11790 chars, theories=L13_CITED_AUTHORITIES_VERIFY)
  [skip] Id 16917 is criminal jurisdiction ((Criminal Appellate Jurisdiction)), not saved.
  [fetch] saved case_16922.json (11749 chars, theories=L1_SA_KHATIAN_PRESUMPTION,L3_MISC_CASE_NO_TITLE_ADJUDICATION)
  [fetch] saved case_16951.json (52623 chars, theories=L3_MISC_CASE_NO_TITLE_ADJUDICATION)
  [fetch] saved case_16954.json (26229 chars, theories=L1_SA_KHATIAN_PRESUMPTION,L2_MUTATION_NO_TITLE)
  [fetch] saved case_16955.json (15342 chars, theories=L1_SA_KHATIAN_PRESUMPTION)
  [fetch] saved case_16957.json (26728 chars, theories=L3_MISC_CASE_NO_TITLE_ADJUDICATION)
  [skip] Id 16959 is criminal jurisdiction ((CRIMINAL)), not saved.
  [fetch] saved case_16966.json (38394 chars, theories=L13_CITED_AUTHORITIES_VERIFY)
  [fetch] saved case_16967.json (18712 chars, theories=L3_MISC_CASE_NO_TITLE_ADJUDICATION)
  [fetch] saved case_16969.json (49014 chars, theories=L3_MISC_CASE_NO_TITLE_ADJUDICATION,L13_CITED_AUTHORITIES_VERIFY)
  [fetch] saved case_16970.json (29265 chars, theories=L13_CITED_AUTHORITIES_VERIFY)
  [fetch] saved case_16973.json (53675 chars, theories=L2_MUTATION_NO_TITLE,L13_CITED_AUTHORITIES_VERIFY)
  [fetch] saved case_16974.json (37429 chars, theories=L3_MISC_CASE_NO_TITLE_ADJUDICATION)
  [fetch] saved case_16993.json (1050173 chars, theories=L1_SA_KHATIAN_PRESUMPTION,L2_MUTATION_NO_TITLE)
  [fetch] saved case_17002.json (22971 chars, theories=L3_MISC_CASE_NO_TITLE_ADJUDICATION)
  [fetch] saved case_17010.json (27873 chars, theories=L1_SA_KHATIAN_PRESUMPTION,L3_MISC_CASE_NO_TITLE_ADJUDICATION)
  [fetch] saved case_17011.json (30988 chars, theories=L3_MISC_CASE_NO_TITLE_ADJUDICATION)
  [fetch] saved case_17022.json (44472 chars, theories=L13_CITED_AUTHORITIES_VERIFY)
  [fetch] saved case_17025.json (12435 chars, theories=L13_CITED_AUTHORITIES_VERIFY)
  [fetch] saved case_17026.json (52607 chars, theories=L13_CITED_AUTHORITIES_VERIFY)
  progress: 975/1228 for this group
  [fetch] saved case_17029.json (13258 chars, theories=L13_CITED_AUTHORITIES_VERIFY)
  [fetch] saved case_17033.json (15708 chars, theories=L1_SA_KHATIAN_PRESUMPTION)
  [fetch] saved case_17042.json (18319 chars, theories=L2_MUTATION_NO_TITLE)
  [fetch] saved case_17043.json (54205 chars, theories=L2_MUTATION_NO_TITLE,L3_MISC_CASE_NO_TITLE_ADJUDICATION,L13_CITED_AUTHORITIES_VERIFY)
  [fetch] saved case_17045.json (7941 chars, theories=L13_CITED_AUTHORITIES_VERIFY)
  [compact] wrote E:\Mahfoz\Latest Advocacy\Resource\Judgements_Appeal38_2026\batch_28.json (33 cases), removed 33 loose file(s)
  [fetch] saved case_17047.json (41579 chars, theories=L13_CITED_AUTHORITIES_VERIFY)
  [fetch] saved case_17052.json (9497 chars, theories=L13_CITED_AUTHORITIES_VERIFY)
  [fetch] saved case_17054.json (31628 chars, theories=L3_MISC_CASE_NO_TITLE_ADJUDICATION,L13_CITED_AUTHORITIES_VERIFY)
  [fetch] saved case_17056.json (21133 chars, theories=L3_MISC_CASE_NO_TITLE_ADJUDICATION)
  [fetch] saved case_17057.json (17233 chars, theories=L13_CITED_AUTHORITIES_VERIFY)
  [skip] Id 17060 is criminal jurisdiction ((Criminal Miscellaneous Jurisdiction)), not saved.
  [fetch] saved case_17071.json (13831 chars, theories=L13_CITED_AUTHORITIES_VERIFY)
  [skip] Id 17078 is criminal jurisdiction ((Criminal Miscellaneous Jurisdiction)), not saved.
  [fetch] saved case_17084.json (28629 chars, theories=L13_CITED_AUTHORITIES_VERIFY)
  [fetch] saved case_17095.json (16689 chars, theories=L13_CITED_AUTHORITIES_VERIFY)
  [fetch] saved case_17101.json (73928 chars, theories=L1_SA_KHATIAN_PRESUMPTION,L13_CITED_AUTHORITIES_VERIFY)
  [fetch] saved case_17103.json (33004 chars, theories=L13_CITED_AUTHORITIES_VERIFY)
  [fetch] saved case_17105.json (30640 chars, theories=L1_SA_KHATIAN_PRESUMPTION)
  [fetch] saved case_17109.json (27599 chars, theories=L1_SA_KHATIAN_PRESUMPTION,L3_MISC_CASE_NO_TITLE_ADJUDICATION)
  [fetch] saved case_17113.json (18463 chars, theories=L13_CITED_AUTHORITIES_VERIFY)
  [fetch] saved case_17120.json (43740 chars, theories=L13_CITED_AUTHORITIES_VERIFY)
  [fetch] saved case_17125.json (28839 chars, theories=L13_CITED_AUTHORITIES_VERIFY)
  [fetch] saved case_17132.json (11021 chars, theories=L1_SA_KHATIAN_PRESUMPTION)
  [fetch] saved case_17151.json (25521 chars, theories=L13_CITED_AUTHORITIES_VERIFY)
  [fetch] saved case_17156.json (17811 chars, theories=L13_CITED_AUTHORITIES_VERIFY)
  progress: 1000/1228 for this group
  [skip] Id 17167 is criminal jurisdiction ((Criminal Appellate Jurisdiction)), not saved.
  [fetch] saved case_17168.json (15367 chars, theories=L13_CITED_AUTHORITIES_VERIFY)
  [skip] Id 17182 is criminal jurisdiction ((Criminal Miscellaneous Jurisdiction)), not saved.
  [fetch] saved case_17184.json (27867 chars, theories=L13_CITED_AUTHORITIES_VERIFY)
  [fetch] saved case_17187.json (44829 chars, theories=L13_CITED_AUTHORITIES_VERIFY)
  [fetch] saved case_17192.json (62133 chars, theories=L1_SA_KHATIAN_PRESUMPTION,L3_MISC_CASE_NO_TITLE_ADJUDICATION)
  [fetch] saved case_17194.json (19373 chars, theories=L13_CITED_AUTHORITIES_VERIFY)
  [fetch] saved case_17197.json (58788 chars, theories=L1_SA_KHATIAN_PRESUMPTION,L3_MISC_CASE_NO_TITLE_ADJUDICATION)
  [fetch] saved case_17203.json (15863 chars, theories=L3_MISC_CASE_NO_TITLE_ADJUDICATION,L13_CITED_AUTHORITIES_VERIFY)
  [fetch] saved case_17207.json (9854 chars, theories=L3_MISC_CASE_NO_TITLE_ADJUDICATION)
  [skip] Id 17211 is criminal jurisdiction ((Criminal Appellate Jurisdiction)), not saved.
  [fetch] saved case_17214.json (11445 chars, theories=L13_CITED_AUTHORITIES_VERIFY)
  [fetch] saved case_17215.json (7113 chars, theories=L1_SA_KHATIAN_PRESUMPTION,L13_CITED_AUTHORITIES_VERIFY)
  [fetch] saved case_17220.json (9838 chars, theories=L1_SA_KHATIAN_PRESUMPTION)
  [fetch] saved case_17221.json (22686 chars, theories=L13_CITED_AUTHORITIES_VERIFY)
  [fetch] saved case_17222.json (9247 chars, theories=L13_CITED_AUTHORITIES_VERIFY)
  [fetch] saved case_17228.json (26685 chars, theories=L13_CITED_AUTHORITIES_VERIFY)
  [fetch] saved case_17237.json (15967 chars, theories=L3_MISC_CASE_NO_TITLE_ADJUDICATION)
  [fetch] saved case_17239.json (15224 chars, theories=L13_CITED_AUTHORITIES_VERIFY)
  [fetch] saved case_17251.json (29328 chars, theories=L2_MUTATION_NO_TITLE)
  [compact] wrote E:\Mahfoz\Latest Advocacy\Resource\Judgements_Appeal38_2026\batch_29.json (35 cases), removed 35 loose file(s)
  [fetch] saved case_17255.json (22329 chars, theories=L13_CITED_AUTHORITIES_VERIFY)
  [fetch] saved case_17262.json (70195 chars, theories=L13_CITED_AUTHORITIES_VERIFY)
  [fetch] saved case_17266.json (18501 chars, theories=L3_MISC_CASE_NO_TITLE_ADJUDICATION)
  [fetch] saved case_17268.json (26766 chars, theories=L3_MISC_CASE_NO_TITLE_ADJUDICATION,L13_CITED_AUTHORITIES_VERIFY)
  [fetch] saved case_17278.json (65219 chars, theories=L13_CITED_AUTHORITIES_VERIFY)
  progress: 1025/1228 for this group
  [skip] Id 17286 is criminal jurisdiction ((Criminal Miscellaneous Jurisdiction)), not saved.
  [fetch] saved case_17290.json (25858 chars, theories=L3_MISC_CASE_NO_TITLE_ADJUDICATION)
  [fetch] saved case_17291.json (23851 chars, theories=L13_CITED_AUTHORITIES_VERIFY)
  [fetch] saved case_17293.json (24050 chars, theories=L3_MISC_CASE_NO_TITLE_ADJUDICATION)
  [skip] Id 17295 is criminal jurisdiction ((Criminal Appellate Jurisdiction)), not saved.
  [fetch] saved case_17298.json (28140 chars, theories=L13_CITED_AUTHORITIES_VERIFY)
  [fetch] saved case_17300.json (33858 chars, theories=L13_CITED_AUTHORITIES_VERIFY)
  [fetch] saved case_17301.json (28109 chars, theories=L3_MISC_CASE_NO_TITLE_ADJUDICATION)
  [fetch] saved case_17304.json (22225 chars, theories=L13_CITED_AUTHORITIES_VERIFY)
  [fetch] saved case_17307.json (25500 chars, theories=L2_MUTATION_NO_TITLE,L3_MISC_CASE_NO_TITLE_ADJUDICATION)
  [fetch] saved case_17321.json (26896 chars, theories=L1_SA_KHATIAN_PRESUMPTION)
  [fetch] saved case_17324.json (16907 chars, theories=L3_MISC_CASE_NO_TITLE_ADJUDICATION)
  [fetch] saved case_17341.json (28544 chars, theories=L1_SA_KHATIAN_PRESUMPTION)
  [fetch] saved case_17345.json (29487 chars, theories=L3_MISC_CASE_NO_TITLE_ADJUDICATION)
  [fetch] saved case_17348.json (19427 chars, theories=L1_SA_KHATIAN_PRESUMPTION)
  [fetch] saved case_17353.json (10219 chars, theories=L3_MISC_CASE_NO_TITLE_ADJUDICATION)
  [fetch] saved case_17379.json (19173 chars, theories=L13_CITED_AUTHORITIES_VERIFY)
  [fetch] saved case_17380.json (16585 chars, theories=L3_MISC_CASE_NO_TITLE_ADJUDICATION)
  [fetch] saved case_17404.json (10812 chars, theories=L1_SA_KHATIAN_PRESUMPTION)
  [fetch] saved case_17407.json (50865 chars, theories=L1_SA_KHATIAN_PRESUMPTION,L13_CITED_AUTHORITIES_VERIFY)
  [fetch] saved case_17409.json (13996 chars, theories=L13_CITED_AUTHORITIES_VERIFY)
  [fetch] saved case_17417.json (21492 chars, theories=L13_CITED_AUTHORITIES_VERIFY)
  [fetch] saved case_17420.json (45647 chars, theories=L3_MISC_CASE_NO_TITLE_ADJUDICATION,L13_CITED_AUTHORITIES_VERIFY)
  [fetch] saved case_17421.json (51751 chars, theories=L13_CITED_AUTHORITIES_VERIFY)
  [fetch] saved case_17428.json (34133 chars, theories=L13_CITED_AUTHORITIES_VERIFY)
  progress: 1050/1228 for this group
  [fetch] saved case_17431.json (14907 chars, theories=L2_MUTATION_NO_TITLE)
  [fetch] saved case_17432.json (236625 chars, theories=L13_CITED_AUTHORITIES_VERIFY)
  [fetch] saved case_17435.json (14368 chars, theories=L3_MISC_CASE_NO_TITLE_ADJUDICATION)
  [fetch] saved case_17445.json (21755 chars, theories=L13_CITED_AUTHORITIES_VERIFY)
  [fetch] saved case_17446.json (21548 chars, theories=L3_MISC_CASE_NO_TITLE_ADJUDICATION)
  [fetch] saved case_17448.json (35516 chars, theories=L3_MISC_CASE_NO_TITLE_ADJUDICATION)
  [fetch] saved case_17450.json (15069 chars, theories=L2_MUTATION_NO_TITLE)
  [fetch] saved case_17451.json (24384 chars, theories=L13_CITED_AUTHORITIES_VERIFY)
  [fetch] saved case_17453.json (10635 chars, theories=L13_CITED_AUTHORITIES_VERIFY)
  [fetch] saved case_17455.json (20008 chars, theories=L13_CITED_AUTHORITIES_VERIFY)
  [compact] wrote E:\Mahfoz\Latest Advocacy\Resource\Judgements_Appeal38_2026\batch_30.json (38 cases), removed 38 loose file(s)
  [fetch] saved case_17459.json (15713 chars, theories=L13_CITED_AUTHORITIES_VERIFY)
  [fetch] saved case_17461.json (7410 chars, theories=L13_CITED_AUTHORITIES_VERIFY)
  [fetch] saved case_17465.json (25200 chars, theories=L3_MISC_CASE_NO_TITLE_ADJUDICATION)
  [fetch] saved case_17467.json (15656 chars, theories=L3_MISC_CASE_NO_TITLE_ADJUDICATION)
  [fetch] saved case_17468.json (12244 chars, theories=L1_SA_KHATIAN_PRESUMPTION)
  [skip] Id 17477 is criminal jurisdiction ((Criminal Miscellaneous Jurisdiction)), not saved.
  [skip] Id 17479 is criminal jurisdiction ((Criminal Revisional Jurisdiction)), not saved.
  [fetch] saved case_17488.json (14006 chars, theories=L3_MISC_CASE_NO_TITLE_ADJUDICATION)
  [fetch] saved case_17489.json (16282 chars, theories=L1_SA_KHATIAN_PRESUMPTION)
  [fetch] saved case_17490.json (14482 chars, theories=L13_CITED_AUTHORITIES_VERIFY)
  [fetch] saved case_17491.json (58362 chars, theories=L13_CITED_AUTHORITIES_VERIFY)
  [fetch] saved case_17509.json (35861 chars, theories=L13_CITED_AUTHORITIES_VERIFY)
  [fetch] saved case_17513.json (9398 chars, theories=L1_SA_KHATIAN_PRESUMPTION,L3_MISC_CASE_NO_TITLE_ADJUDICATION)
  [skip] Id 17517 is criminal jurisdiction ((Criminal Revisional Jurisdiction)), not saved.
  [fetch] saved case_17520.json (17395 chars, theories=L3_MISC_CASE_NO_TITLE_ADJUDICATION)
  progress: 1075/1228 for this group
  [fetch] saved case_17521.json (7218 chars, theories=L1_SA_KHATIAN_PRESUMPTION)
  [fetch] saved case_17528.json (18310 chars, theories=L13_CITED_AUTHORITIES_VERIFY)
  [fetch] saved case_17536.json (19106 chars, theories=L3_MISC_CASE_NO_TITLE_ADJUDICATION)
  [fetch] saved case_17537.json (18443 chars, theories=L3_MISC_CASE_NO_TITLE_ADJUDICATION)
  [fetch] saved case_17549.json (27658 chars, theories=L13_CITED_AUTHORITIES_VERIFY)
  [fetch] saved case_17551.json (30304 chars, theories=L13_CITED_AUTHORITIES_VERIFY)
  [fetch] saved case_17552.json (26995 chars, theories=L3_MISC_CASE_NO_TITLE_ADJUDICATION,L13_CITED_AUTHORITIES_VERIFY)
  [skip] Id 17558 is criminal jurisdiction ((CRIMINAL)), not saved.
  [fetch] saved case_17560.json (13868 chars, theories=L3_MISC_CASE_NO_TITLE_ADJUDICATION)
  [fetch] saved case_17563.json (20395 chars, theories=L13_CITED_AUTHORITIES_VERIFY)
  [fetch] saved case_17566.json (26302 chars, theories=L3_MISC_CASE_NO_TITLE_ADJUDICATION)
  [fetch] saved case_17568.json (6460608 chars, theories=L2_MUTATION_NO_TITLE)
  [fetch] saved case_17569.json (40366 chars, theories=L13_CITED_AUTHORITIES_VERIFY)
  [fetch] saved case_17573.json (20796 chars, theories=L2_MUTATION_NO_TITLE)
  [fetch] saved case_17574.json (16479 chars, theories=L1_SA_KHATIAN_PRESUMPTION)
  [fetch] saved case_17578.json (31163 chars, theories=L2_MUTATION_NO_TITLE,L3_MISC_CASE_NO_TITLE_ADJUDICATION)
  [skip] Id 17584 is criminal jurisdiction ((Criminal Miscellaneous Jurisdiction)), not saved.
  [fetch] saved case_17585.json (10973 chars, theories=L13_CITED_AUTHORITIES_VERIFY)
  [fetch] saved case_17586.json (35959 chars, theories=L1_SA_KHATIAN_PRESUMPTION,L2_MUTATION_NO_TITLE)
  [fetch] saved case_17599.json (29465 chars, theories=L3_MISC_CASE_NO_TITLE_ADJUDICATION)
  [fetch] saved case_17602.json (9915 chars, theories=L13_CITED_AUTHORITIES_VERIFY)
  [skip] Id 17606 is criminal jurisdiction ((Criminal Miscellaneous Jurisdiction)), not saved.
  [fetch] saved case_17611.json (26623 chars, theories=L2_MUTATION_NO_TITLE,L3_MISC_CASE_NO_TITLE_ADJUDICATION)
  [fetch] saved case_17612.json (10650 chars, theories=L13_CITED_AUTHORITIES_VERIFY)
  [fetch] saved case_17616.json (17222 chars, theories=L3_MISC_CASE_NO_TITLE_ADJUDICATION,L13_CITED_AUTHORITIES_VERIFY)
  progress: 1100/1228 for this group
  [compact] wrote E:\Mahfoz\Latest Advocacy\Resource\Judgements_Appeal38_2026\batch_31.json (34 cases), removed 34 loose file(s)
  [fetch] saved case_17622.json (11707 chars, theories=L3_MISC_CASE_NO_TITLE_ADJUDICATION)
  [skip] Id 17630 is criminal jurisdiction ((Criminal Miscellaneous Jurisdiction)), not saved.
  [skip] Id 17633 is criminal jurisdiction ((Criminal Miscellaneous Jurisdiction)), not saved.
  [fetch] saved case_17654.json (28094 chars, theories=L3_MISC_CASE_NO_TITLE_ADJUDICATION)
  [fetch] saved case_17658.json (21162 chars, theories=L1_SA_KHATIAN_PRESUMPTION,L2_MUTATION_NO_TITLE)
  [fetch] saved case_17665.json (125237 chars, theories=L1_SA_KHATIAN_PRESUMPTION,L13_CITED_AUTHORITIES_VERIFY)
  [skip] Id 17666 is criminal jurisdiction ((Criminal Miscellaneous Jurisdiction)), not saved.
  [fetch] saved case_17680.json (42686 chars, theories=L3_MISC_CASE_NO_TITLE_ADJUDICATION)
  [fetch] saved case_17683.json (33993 chars, theories=L13_CITED_AUTHORITIES_VERIFY)
  [fetch] saved case_17686.json (20120 chars, theories=L13_CITED_AUTHORITIES_VERIFY)
  [fetch] saved case_17695.json (10905 chars, theories=L2_MUTATION_NO_TITLE)
  [fetch] saved case_17702.json (37972 chars, theories=L2_MUTATION_NO_TITLE,L3_MISC_CASE_NO_TITLE_ADJUDICATION,L13_CITED_AUTHORITIES_VERIFY)
  [fetch] saved case_17704.json (21904 chars, theories=L3_MISC_CASE_NO_TITLE_ADJUDICATION)
  [fetch] saved case_17711.json (17237 chars, theories=L1_SA_KHATIAN_PRESUMPTION)
  [fetch] saved case_17712.json (6126 chars, theories=L1_SA_KHATIAN_PRESUMPTION)
  [fetch] saved case_17713.json (18638 chars, theories=L3_MISC_CASE_NO_TITLE_ADJUDICATION)
  [fetch] saved case_17714.json (26599 chars, theories=L13_CITED_AUTHORITIES_VERIFY)
  [fetch] saved case_17717.json (8953 chars, theories=L13_CITED_AUTHORITIES_VERIFY)
  [fetch] saved case_17733.json (12174 chars, theories=L13_CITED_AUTHORITIES_VERIFY)
  [fetch] saved case_17734.json (15507 chars, theories=L3_MISC_CASE_NO_TITLE_ADJUDICATION)
  [fetch] saved case_17751.json (41166 chars, theories=L2_MUTATION_NO_TITLE,L3_MISC_CASE_NO_TITLE_ADJUDICATION,L13_CITED_AUTHORITIES_VERIFY)
  [fetch] saved case_17753.json (21133 chars, theories=L3_MISC_CASE_NO_TITLE_ADJUDICATION)
  [fetch] saved case_17755.json (164074 chars, theories=L13_CITED_AUTHORITIES_VERIFY)
  [fetch] saved case_17756.json (12820 chars, theories=L13_CITED_AUTHORITIES_VERIFY)
  [fetch] saved case_17757.json (18751 chars, theories=L3_MISC_CASE_NO_TITLE_ADJUDICATION)
  progress: 1125/1228 for this group
  [fetch] saved case_17768.json (19231 chars, theories=L1_SA_KHATIAN_PRESUMPTION,L13_CITED_AUTHORITIES_VERIFY)
  [fetch] saved case_17769.json (68115 chars, theories=L3_MISC_CASE_NO_TITLE_ADJUDICATION,L13_CITED_AUTHORITIES_VERIFY)
  [fetch] saved case_17771.json (13536 chars, theories=L3_MISC_CASE_NO_TITLE_ADJUDICATION)
  [fetch] saved case_17797.json (35237 chars, theories=L1_SA_KHATIAN_PRESUMPTION,L3_MISC_CASE_NO_TITLE_ADJUDICATION)
  [fetch] saved case_17798.json (30344 chars, theories=L2_MUTATION_NO_TITLE,L3_MISC_CASE_NO_TITLE_ADJUDICATION,L13_CITED_AUTHORITIES_VERIFY)
  [fetch] saved case_17801.json (23076 chars, theories=L13_CITED_AUTHORITIES_VERIFY)
  [fetch] saved case_17806.json (20271 chars, theories=L3_MISC_CASE_NO_TITLE_ADJUDICATION)
  [fetch] saved case_17813.json (20620 chars, theories=L3_MISC_CASE_NO_TITLE_ADJUDICATION)
  [fetch] saved case_17818.json (11986 chars, theories=L13_CITED_AUTHORITIES_VERIFY)
  [fetch] saved case_17819.json (24048 chars, theories=L3_MISC_CASE_NO_TITLE_ADJUDICATION)
  [fetch] saved case_17821.json (10091 chars, theories=L1_SA_KHATIAN_PRESUMPTION)
  [fetch] saved case_17824.json (7997 chars, theories=L13_CITED_AUTHORITIES_VERIFY)
  [fetch] saved case_17839.json (25023 chars, theories=L3_MISC_CASE_NO_TITLE_ADJUDICATION)
  [fetch] saved case_17857.json (1640383 chars, theories=L1_SA_KHATIAN_PRESUMPTION,L2_MUTATION_NO_TITLE)
  [skip] Id 17859 is criminal jurisdiction ((Criminal)), not saved.
  [compact] wrote E:\Mahfoz\Latest Advocacy\Resource\Judgements_Appeal38_2026\batch_32.json (36 cases), removed 36 loose file(s)
  [fetch] saved case_17864.json (82191 chars, theories=L13_CITED_AUTHORITIES_VERIFY)
  [fetch] saved case_17865.json (29905 chars, theories=L2_MUTATION_NO_TITLE)
  [fetch] saved case_17867.json (28096 chars, theories=L13_CITED_AUTHORITIES_VERIFY)
  [fetch] saved case_17868.json (26693 chars, theories=L13_CITED_AUTHORITIES_VERIFY)
  [fetch] saved case_17872.json (9352 chars, theories=L3_MISC_CASE_NO_TITLE_ADJUDICATION)
  [fetch] saved case_17876.json (15003 chars, theories=L1_SA_KHATIAN_PRESUMPTION)
  [fetch] saved case_17888.json (10522 chars, theories=L13_CITED_AUTHORITIES_VERIFY)
  [fetch] saved case_17905.json (29871 chars, theories=L1_SA_KHATIAN_PRESUMPTION,L2_MUTATION_NO_TITLE)
  [fetch] saved case_17908.json (26517 chars, theories=L1_SA_KHATIAN_PRESUMPTION,L3_MISC_CASE_NO_TITLE_ADJUDICATION)
  [fetch] saved case_17911.json (29849 chars, theories=L13_CITED_AUTHORITIES_VERIFY)
  progress: 1150/1228 for this group
  [fetch] saved case_17914.json (17563 chars, theories=L1_SA_KHATIAN_PRESUMPTION)
  [skip] Id 17920 is criminal jurisdiction ((Criminal Appellate Jurisdiction)), not saved.
  [fetch] saved case_17922.json (18118 chars, theories=L3_MISC_CASE_NO_TITLE_ADJUDICATION)
  [fetch] saved case_17925.json (16326 chars, theories=L1_SA_KHATIAN_PRESUMPTION)
  [skip] Id 17935 is criminal jurisdiction ((Criminal Appellate Jurisdiction)), not saved.
  [fetch] saved case_17950.json (20688 chars, theories=L3_MISC_CASE_NO_TITLE_ADJUDICATION)
  [fetch] saved case_17964.json (18347 chars, theories=L1_SA_KHATIAN_PRESUMPTION,L3_MISC_CASE_NO_TITLE_ADJUDICATION)
  [fetch] saved case_17967.json (28894 chars, theories=L3_MISC_CASE_NO_TITLE_ADJUDICATION)
  [fetch] saved case_17970.json (15573 chars, theories=L3_MISC_CASE_NO_TITLE_ADJUDICATION)
  [fetch] saved case_17971.json (14551 chars, theories=L3_MISC_CASE_NO_TITLE_ADJUDICATION)
  [fetch] saved case_17974.json (28303 chars, theories=L13_CITED_AUTHORITIES_VERIFY)
  [fetch] saved case_17979.json (19789 chars, theories=L3_MISC_CASE_NO_TITLE_ADJUDICATION,L13_CITED_AUTHORITIES_VERIFY)
  [fetch] saved case_17980.json (22895 chars, theories=L1_SA_KHATIAN_PRESUMPTION)
  [skip] Id 17986 is criminal jurisdiction ((Criminal Appellate Jurisdiction)), not saved.
  [fetch] saved case_17987.json (27379 chars, theories=L13_CITED_AUTHORITIES_VERIFY)
  [fetch] saved case_17993.json (19457 chars, theories=L3_MISC_CASE_NO_TITLE_ADJUDICATION)
  [fetch] saved case_17995.json (38693 chars, theories=L1_SA_KHATIAN_PRESUMPTION,L3_MISC_CASE_NO_TITLE_ADJUDICATION,L13_CITED_AUTHORITIES_VERIFY)
  [skip] Id 18010 is criminal jurisdiction ((Criminal Appellate Jurisdiction)), not saved.
  [fetch] saved case_18015.json (17856 chars, theories=L3_MISC_CASE_NO_TITLE_ADJUDICATION)
  [fetch] saved case_18017.json (89968 chars, theories=L13_CITED_AUTHORITIES_VERIFY)
  [fetch] saved case_18019.json (21127 chars, theories=L1_SA_KHATIAN_PRESUMPTION)
  [fetch] saved case_18027.json (18764 chars, theories=L13_CITED_AUTHORITIES_VERIFY)
  [fetch] saved case_18029.json (23557 chars, theories=L1_SA_KHATIAN_PRESUMPTION,L3_MISC_CASE_NO_TITLE_ADJUDICATION)
  [fetch] saved case_18030.json (11180 chars, theories=L3_MISC_CASE_NO_TITLE_ADJUDICATION,L13_CITED_AUTHORITIES_VERIFY)
  [fetch] saved case_18034.json (26025 chars, theories=L13_CITED_AUTHORITIES_VERIFY)
  progress: 1175/1228 for this group
  [fetch] saved case_18035.json (25494 chars, theories=L1_SA_KHATIAN_PRESUMPTION,L3_MISC_CASE_NO_TITLE_ADJUDICATION,L13_CITED_AUTHORITIES_VERIFY)
  [fetch] saved case_18037.json (31094 chars, theories=L13_CITED_AUTHORITIES_VERIFY)
  [fetch] saved case_18039.json (18569 chars, theories=L3_MISC_CASE_NO_TITLE_ADJUDICATION)
  [fetch] saved case_18042.json (13954 chars, theories=L2_MUTATION_NO_TITLE)
  [fetch] saved case_18045.json (28193 chars, theories=L3_MISC_CASE_NO_TITLE_ADJUDICATION)
  [compact] wrote E:\Mahfoz\Latest Advocacy\Resource\Judgements_Appeal38_2026\batch_33.json (36 cases), removed 36 loose file(s)
  [fetch] saved case_18046.json (17004 chars, theories=L3_MISC_CASE_NO_TITLE_ADJUDICATION,L13_CITED_AUTHORITIES_VERIFY)
  [fetch] saved case_18047.json (20294 chars, theories=L1_SA_KHATIAN_PRESUMPTION,L13_CITED_AUTHORITIES_VERIFY)
  [fetch] saved case_18049.json (17300 chars, theories=L2_MUTATION_NO_TITLE)
  [fetch] saved case_18050.json (25014 chars, theories=L13_CITED_AUTHORITIES_VERIFY)
  [fetch] saved case_18052.json (33011 chars, theories=L13_CITED_AUTHORITIES_VERIFY)
  [fetch] saved case_18054.json (23181 chars, theories=L13_CITED_AUTHORITIES_VERIFY)
  [fetch] saved case_18055.json (27819 chars, theories=L3_MISC_CASE_NO_TITLE_ADJUDICATION)
  [fetch] saved case_18062.json (26904 chars, theories=L3_MISC_CASE_NO_TITLE_ADJUDICATION)
  [skip] Id 18063 is criminal jurisdiction ((Criminal Revisional Jurisdiction)), not saved.
  [fetch] saved case_18065.json (65196 chars, theories=L13_CITED_AUTHORITIES_VERIFY)
  [fetch] saved case_18067.json (17254 chars, theories=L13_CITED_AUTHORITIES_VERIFY)
  [fetch] saved case_18074.json (18320 chars, theories=L13_CITED_AUTHORITIES_VERIFY)
  [fetch] saved case_18075.json (12120 chars, theories=L13_CITED_AUTHORITIES_VERIFY)
  [fetch] saved case_18077.json (9081 chars, theories=L3_MISC_CASE_NO_TITLE_ADJUDICATION)
  [fetch] saved case_18086.json (47232 chars, theories=L13_CITED_AUTHORITIES_VERIFY)
  [skip] Id 18101 is criminal jurisdiction ((Criminal Revisional Jurisdiction)), not saved.
  [skip] Id 18102 is criminal jurisdiction ((Criminal Appellate Jurisdiction)), not saved.
  [fetch] saved case_18108.json (10324 chars, theories=L13_CITED_AUTHORITIES_VERIFY)
  [fetch] saved case_18124.json (245227 chars, theories=L13_CITED_AUTHORITIES_VERIFY)
  [fetch] saved case_18126.json (22877 chars, theories=L13_CITED_AUTHORITIES_VERIFY)
  progress: 1200/1228 for this group
  [fetch] saved case_18136.json (18284 chars, theories=L3_MISC_CASE_NO_TITLE_ADJUDICATION)
  [fetch] saved case_18141.json (26147 chars, theories=L3_MISC_CASE_NO_TITLE_ADJUDICATION,L13_CITED_AUTHORITIES_VERIFY)
  [fetch] saved case_18145.json (22060 chars, theories=L1_SA_KHATIAN_PRESUMPTION,L2_MUTATION_NO_TITLE,L3_MISC_CASE_NO_TITLE_ADJUDICATION)
  [fetch] saved case_18147.json (22319 chars, theories=L3_MISC_CASE_NO_TITLE_ADJUDICATION)
  [fetch] saved case_18162.json (41476 chars, theories=L1_SA_KHATIAN_PRESUMPTION,L2_MUTATION_NO_TITLE,L3_MISC_CASE_NO_TITLE_ADJUDICATION,L13_CITED_AUTHORITIES_VERIFY)
  [skip] Id 18164 is criminal jurisdiction ((Criminal Miscellaneous Jurisdiction)), not saved.
  [fetch] saved case_18168.json (17295 chars, theories=L13_CITED_AUTHORITIES_VERIFY)
  [fetch] saved case_18179.json (41774 chars, theories=L1_SA_KHATIAN_PRESUMPTION,L3_MISC_CASE_NO_TITLE_ADJUDICATION)
  [fetch] saved case_18182.json (21992 chars, theories=L3_MISC_CASE_NO_TITLE_ADJUDICATION,L13_CITED_AUTHORITIES_VERIFY)
  [fetch] saved case_18186.json (16444 chars, theories=L13_CITED_AUTHORITIES_VERIFY)
  [fetch] saved case_18190.json (33503 chars, theories=L13_CITED_AUTHORITIES_VERIFY)
  [skip] Id 18195 is criminal jurisdiction ((Criminal Appellate Jurisdiction)), not saved.
  [fetch] saved case_18203.json (15331 chars, theories=L13_CITED_AUTHORITIES_VERIFY)
  [fetch] saved case_19195.json (33666 chars, theories=L13_CITED_AUTHORITIES_VERIFY)
  [skip] Id 19196 is criminal jurisdiction ((Criminal)), not saved.
  [fetch] saved case_19197.json (12950 chars, theories=L3_MISC_CASE_NO_TITLE_ADJUDICATION)
  [fetch] saved case_19199.json (38088 chars, theories=L13_CITED_AUTHORITIES_VERIFY)
  [fetch] saved case_19200.json (19109 chars, theories=L13_CITED_AUTHORITIES_VERIFY)
  [fetch] saved case_19203.json (19104 chars, theories=L13_CITED_AUTHORITIES_VERIFY)
  [fetch] saved case_19206.json (23057 chars, theories=L3_MISC_CASE_NO_TITLE_ADJUDICATION)
  [compact] wrote E:\Mahfoz\Latest Advocacy\Resource\Judgements_Appeal38_2026\batch_34.json (34 cases), removed 34 loose file(s)
  [fetch] saved case_19207.json (29135 chars, theories=L3_MISC_CASE_NO_TITLE_ADJUDICATION)
  [fetch] saved case_19209.json (10858 chars, theories=L13_CITED_AUTHORITIES_VERIFY)
  [fetch] saved case_19216.json (30016 chars, theories=L3_MISC_CASE_NO_TITLE_ADJUDICATION)
  [fetch] saved case_19220.json (21397 chars, theories=L1_SA_KHATIAN_PRESUMPTION)
  [skip] Id 19226 is criminal jurisdiction ((Criminal Miscellaneous Jurisdiction)), not saved.
  progress: 1225/1228 for this group
  [fetch] saved case_19227.json (30953 chars, theories=L1_SA_KHATIAN_PRESUMPTION,L3_MISC_CASE_NO_TITLE_ADJUDICATION,L13_CITED_AUTHORITIES_VERIFY)
  [fetch] saved case_19233.json (113300 chars, theories=L1_SA_KHATIAN_PRESUMPTION,L13_CITED_AUTHORITIES_VERIFY)
  [fetch] saved case_19238.json (14703 chars, theories=L1_SA_KHATIAN_PRESUMPTION)

--- Theory: L8_LST_JURISDICTION_BAR ---
  [discover] L8_LST_JURISDICTION_BAR :: "land survey tribunal jurisdiction" page 1 -> 20 items, candidates so far: 1918
  [discover] L8_LST_JURISDICTION_BAR :: "land survey tribunal jurisdiction" page 2 -> 20 items, candidates so far: 1931
  [discover] L8_LST_JURISDICTION_BAR :: "land survey tribunal jurisdiction" page 3 -> 20 items, candidates so far: 1944
  [discover] L8_LST_JURISDICTION_BAR :: "land survey tribunal jurisdiction" page 4 -> 20 items, candidates so far: 1959
  [discover] L8_LST_JURISDICTION_BAR :: "land survey tribunal jurisdiction" page 5 -> 20 items, candidates so far: 1972
  [discover] L8_LST_JURISDICTION_BAR :: "land survey tribunal jurisdiction" page 6 -> 20 items, candidates so far: 1987
  [discover] L8_LST_JURISDICTION_BAR :: "land survey tribunal jurisdiction" page 7 -> 20 items, candidates so far: 1997
  [discover] L8_LST_JURISDICTION_BAR :: "land survey tribunal jurisdiction" page 8 -> 20 items, candidates so far: 2006
  [discover] L8_LST_JURISDICTION_BAR :: "land survey tribunal jurisdiction" page 9 -> 20 items, candidates so far: 2016
  [discover] L8_LST_JURISDICTION_BAR :: "land survey tribunal jurisdiction" page 10 -> 20 items, candidates so far: 2032
  [discover] L8_LST_JURISDICTION_BAR :: "land survey tribunal jurisdiction" page 11 -> 20 items, candidates so far: 2045
  [discover] L8_LST_JURISDICTION_BAR :: "land survey tribunal jurisdiction" page 12 -> 20 items, candidates so far: 2060
  [discover] L8_LST_JURISDICTION_BAR :: "land survey tribunal jurisdiction" page 13 -> 20 items, candidates so far: 2073
  [discover] L8_LST_JURISDICTION_BAR :: "land survey tribunal jurisdiction" page 14 -> 20 items, candidates so far: 2091
  [discover] L8_LST_JURISDICTION_BAR :: "land survey tribunal jurisdiction" page 15 -> 20 items, candidates so far: 2107
  [discover] L8_LST_JURISDICTION_BAR :: "land survey tribunal jurisdiction" page 16 -> 20 items, candidates so far: 2123
  [discover] L8_LST_JURISDICTION_BAR :: "land survey tribunal jurisdiction" page 17 -> 20 items, candidates so far: 2142
  [discover] L8_LST_JURISDICTION_BAR :: "land survey tribunal jurisdiction" page 18 -> 20 items, candidates so far: 2159
  [discover] L8_LST_JURISDICTION_BAR :: "land survey tribunal jurisdiction" page 19 -> 5 items, candidates so far: 2163
  [discover] L8_LST_JURISDICTION_BAR :: "section 145A state acquisition tenancy act" page 1 -> 20 items, candidates so far: 2171
  [discover] L8_LST_JURISDICTION_BAR :: "section 145A state acquisition tenancy act" page 2 -> 20 items, candidates so far: 2181
  [discover] L8_LST_JURISDICTION_BAR :: "section 145A state acquisition tenancy act" page 3 -> 20 items, candidates so far: 2189
  [discover] L8_LST_JURISDICTION_BAR :: "section 145A state acquisition tenancy act" page 4 -> 20 items, candidates so far: 2197
  [discover] L8_LST_JURISDICTION_BAR :: "section 145A state acquisition tenancy act" page 5 -> 20 items, candidates so far: 2211
  [discover] L8_LST_JURISDICTION_BAR :: "section 145A state acquisition tenancy act" page 6 -> 20 items, candidates so far: 2227
  [discover] L8_LST_JURISDICTION_BAR :: "section 145A state acquisition tenancy act" page 7 -> 20 items, candidates so far: 2245
  [discover] L8_LST_JURISDICTION_BAR :: "section 145A state acquisition tenancy act" page 8 -> 15 items, candidates so far: 2258
  [discover] L8_LST_JURISDICTION_BAR :: "section 145F civil court jurisdiction barred" page 1 -> 20 items, candidates so far: 2264
  [discover] L8_LST_JURISDICTION_BAR :: "section 145F civil court jurisdiction barred" page 2 -> 17 items, candidates so far: 2269
  [discover] L8_LST_JURISDICTION_BAR :: "last revised record of rights suit tribunal" page 1 -> 20 items, candidates so far: 2269
  [discover] L8_LST_JURISDICTION_BAR :: "last revised record of rights suit tribunal" page 2 -> 20 items, candidates so far: 2271
  [discover] L8_LST_JURISDICTION_BAR :: "last revised record of rights suit tribunal" page 3 -> 20 items, candidates so far: 2274
  [discover] L8_LST_JURISDICTION_BAR :: "last revised record of rights suit tribunal" page 4 -> 20 items, candidates so far: 2277
  [discover] L8_LST_JURISDICTION_BAR :: "last revised record of rights suit tribunal" page 5 -> 20 items, candidates so far: 2280
  [discover] L8_LST_JURISDICTION_BAR :: "last revised record of rights suit tribunal" page 6 -> 20 items, candidates so far: 2287
  [discover] L8_LST_JURISDICTION_BAR :: "last revised record of rights suit tribunal" page 7 -> 16 items, candidates so far: 2291
  [discover] L8_LST_JURISDICTION_BAR :: "civil court bars jurisdiction survey tribunal" page 1 -> 20 items, candidates so far: 2292
  [discover] L8_LST_JURISDICTION_BAR :: "civil court bars jurisdiction survey tribunal" page 2 -> 20 items, candidates so far: 2292
  [discover] L8_LST_JURISDICTION_BAR :: "civil court bars jurisdiction survey tribunal" page 3 -> 16 items, candidates so far: 2294
  [discover] L8_LST_JURISDICTION_BAR :: "ভূমি জরিপ ট্রাইব্যুনাল এখতিয়ার" page 1 -> 20 items, candidates so far: 2302
  [discover] L8_LST_JURISDICTION_BAR :: "ভূমি জরিপ ট্রাইব্যুনাল এখতিয়ার" page 2 -> 3 items, candidates so far: 2303
  [discover] L8_LST_JURISDICTION_BAR :: "১৪৫ক ধারা" page 1 -> 13 items, candidates so far: 2304
  [discover] L8_LST_JURISDICTION_BAR :: "১৪৫চ ধারা দেওয়ানী আদালতের এখতিয়ার রহিত" page 1 -> 20 items, candidates so far: 2308
  [discover] L8_LST_JURISDICTION_BAR :: "১৪৫চ ধারা দেওয়ানী আদালতের এখতিয়ার রহিত" page 2 -> 15 items, candidates so far: 2315
  [discover] L8_LST_JURISDICTION_BAR :: "সর্বশেষ সংশোধিত রেকর্ড অব রাইটস মামলা" page 1 -> 20 items, candidates so far: 2317
  [discover] L8_LST_JURISDICTION_BAR :: "সর্বশেষ সংশোধিত রেকর্ড অব রাইটস মামলা" page 2 -> 7 items, candidates so far: 2319
  [retrieve] L8_LST_JURISDICTION_BAR discovery done, 410 case(s) awaiting full text...
  [skip] Id 73 is criminal jurisdiction (Criminal Revisional Jurisdiction), not saved.
  [skip] Id 128 is criminal jurisdiction (Criminal Revisional Jurisdiction), not saved.
  [skip] Id 285 is criminal jurisdiction ((Criminal Revisional Jurisdiction)), not saved.
  [fetch] saved case_315.json (17781 chars, theories=L8_LST_JURISDICTION_BAR)
  [skip] Id 362 is criminal jurisdiction (Criminal Miscellaneous Jurisdiction), not saved.
  [fetch] saved case_466.json (55522 chars, theories=L8_LST_JURISDICTION_BAR)
  [fetch] saved case_562.json (43933 chars, theories=L8_LST_JURISDICTION_BAR)
  [skip] Id 638 is criminal jurisdiction (Criminal), not saved.
  [fetch] saved case_655.json (16521 chars, theories=L8_LST_JURISDICTION_BAR)
  [fetch] saved case_656.json (53543 chars, theories=L8_LST_JURISDICTION_BAR)
  [fetch] saved case_716.json (34687 chars, theories=L8_LST_JURISDICTION_BAR)
  [fetch] saved case_734.json (19850 chars, theories=L8_LST_JURISDICTION_BAR)
  [fetch] saved case_756.json (34504 chars, theories=L8_LST_JURISDICTION_BAR)
  [skip] Id 806 is criminal jurisdiction (Criminal), not saved.
  [skip] Id 869 is criminal jurisdiction (Criminal), not saved.
  [fetch] saved case_904.json (36125 chars, theories=L8_LST_JURISDICTION_BAR)
  [fetch] saved case_930.json (18336 chars, theories=L8_LST_JURISDICTION_BAR)
  [fetch] saved case_946.json (22677 chars, theories=L8_LST_JURISDICTION_BAR)
  [fetch] saved case_973.json (203168 chars, theories=L8_LST_JURISDICTION_BAR)
  [fetch] saved case_975.json (31128 chars, theories=L8_LST_JURISDICTION_BAR)
  [compact] wrote E:\Mahfoz\Latest Advocacy\Resource\Judgements_Appeal38_2026\batch_35.json (20 cases), removed 20 loose file(s)
  [skip] Id 1000 is criminal jurisdiction ((Criminal)), not saved.
  [fetch] saved case_1009.json (18472 chars, theories=L8_LST_JURISDICTION_BAR)
  [fetch] saved case_1017.json (75962 chars, theories=L8_LST_JURISDICTION_BAR)
  [fetch] saved case_1084.json (16048 chars, theories=L8_LST_JURISDICTION_BAR)
  [fetch] saved case_1086.json (18758 chars, theories=L8_LST_JURISDICTION_BAR)
  progress: 25/410 for this group
  [fetch] saved case_1109.json (11449 chars, theories=L8_LST_JURISDICTION_BAR)
  [fetch] saved case_1144.json (15991 chars, theories=L8_LST_JURISDICTION_BAR)
  [fetch] saved case_1180.json (19571 chars, theories=L8_LST_JURISDICTION_BAR)
  [fetch] saved case_1196.json (15433 chars, theories=L8_LST_JURISDICTION_BAR)
  [fetch] saved case_1218.json (61837 chars, theories=L8_LST_JURISDICTION_BAR)
  [fetch] saved case_1236.json (61011 chars, theories=L8_LST_JURISDICTION_BAR)
  [fetch] saved case_1244.json (41496 chars, theories=L8_LST_JURISDICTION_BAR)
  [fetch] saved case_1300.json (16604 chars, theories=L8_LST_JURISDICTION_BAR)
  [fetch] saved case_1402.json (25754 chars, theories=L8_LST_JURISDICTION_BAR)
  [fetch] saved case_1434.json (80019 chars, theories=L8_LST_JURISDICTION_BAR)
  [fetch] saved case_1467.json (29370 chars, theories=L8_LST_JURISDICTION_BAR)
  [fetch] saved case_1487.json (11594 chars, theories=L8_LST_JURISDICTION_BAR)
  [fetch] saved case_1513.json (30263 chars, theories=L8_LST_JURISDICTION_BAR)
  [fetch] saved case_1550.json (15836 chars, theories=L8_LST_JURISDICTION_BAR)
  [fetch] saved case_1590.json (46312 chars, theories=L8_LST_JURISDICTION_BAR)
  [skip] Id 1639 is criminal jurisdiction ((Criminal Appellate Jurisdiction)), not saved.
  [fetch] saved case_1685.json (10733 chars, theories=L8_LST_JURISDICTION_BAR)
  [fetch] saved case_1693.json (9557 chars, theories=L8_LST_JURISDICTION_BAR)
  [fetch] saved case_1709.json (26266 chars, theories=L8_LST_JURISDICTION_BAR)
  [fetch] saved case_1770.json (17447 chars, theories=L8_LST_JURISDICTION_BAR)
  [fetch] saved case_1793.json (31351 chars, theories=L8_LST_JURISDICTION_BAR)
  [fetch] saved case_1836.json (23525 chars, theories=L8_LST_JURISDICTION_BAR)
  [fetch] saved case_1885.json (19050 chars, theories=L8_LST_JURISDICTION_BAR)
  [fetch] saved case_1917.json (26378 chars, theories=L8_LST_JURISDICTION_BAR)
  [fetch] saved case_1940.json (36485 chars, theories=L8_LST_JURISDICTION_BAR)
  progress: 50/410 for this group
  [fetch] saved case_2096.json (24158 chars, theories=L8_LST_JURISDICTION_BAR)
  [skip] Id 2099 is criminal jurisdiction ((Criminal Appellate Jurisdiction)), not saved.
  [fetch] saved case_2113.json (21290 chars, theories=L8_LST_JURISDICTION_BAR)
  [skip] Id 2125 is criminal jurisdiction ((Criminal Appellate Jurisdiction)), not saved.
  [fetch] saved case_2146.json (17287 chars, theories=L8_LST_JURISDICTION_BAR)
  [fetch] saved case_2178.json (14221 chars, theories=L8_LST_JURISDICTION_BAR)
  [fetch] saved case_2210.json (31236 chars, theories=L8_LST_JURISDICTION_BAR)
  [skip] Id 2223 is criminal jurisdiction ((Criminal Revisional Jurisdiction)), not saved.
  [skip] Id 2260 is criminal jurisdiction ((Criminal Appellate Jurisdiction)), not saved.
  [fetch] saved case_2268.json (15952 chars, theories=L8_LST_JURISDICTION_BAR)
  [compact] wrote E:\Mahfoz\Latest Advocacy\Resource\Judgements_Appeal38_2026\batch_36.json (34 cases), removed 34 loose file(s)
  [skip] Id 2276 is criminal jurisdiction ((Criminal Miscellaneous Jurisdiction)), not saved.
  [fetch] saved case_2296.json (39322 chars, theories=L8_LST_JURISDICTION_BAR)
  [skip] Id 2369 is criminal jurisdiction ((Criminal Appellant Jurisdiction)), not saved.
  [fetch] saved case_2376.json (13109 chars, theories=L8_LST_JURISDICTION_BAR)
  [fetch] saved case_2380.json (16726 chars, theories=L8_LST_JURISDICTION_BAR)
  [fetch] saved case_2439.json (20156 chars, theories=L8_LST_JURISDICTION_BAR)
  [skip] Id 2451 is criminal jurisdiction ((Criminal Appellate Jurisdiction)), not saved.
  [fetch] saved case_2521.json (7711 chars, theories=L8_LST_JURISDICTION_BAR)
  [fetch] saved case_2665.json (11119 chars, theories=L8_LST_JURISDICTION_BAR)
  [fetch] saved case_2690.json (14987 chars, theories=L8_LST_JURISDICTION_BAR)
  [fetch] saved case_2695.json (13557 chars, theories=L8_LST_JURISDICTION_BAR)
  [skip] Id 2723 is criminal jurisdiction ((Criminal)), not saved.
  [fetch] saved case_2871.json (16517 chars, theories=L8_LST_JURISDICTION_BAR)
  [fetch] saved case_2938.json (57646 chars, theories=L8_LST_JURISDICTION_BAR)
  [fetch] saved case_2950.json (16775 chars, theories=L8_LST_JURISDICTION_BAR)
  progress: 75/410 for this group
  [fetch] saved case_2951.json (25185 chars, theories=L8_LST_JURISDICTION_BAR)
  [fetch] saved case_3001.json (13826 chars, theories=L8_LST_JURISDICTION_BAR)
  [fetch] saved case_3124.json (13670 chars, theories=L8_LST_JURISDICTION_BAR)
  [fetch] saved case_3176.json (25091 chars, theories=L8_LST_JURISDICTION_BAR)
  [fetch] saved case_3297.json (19126 chars, theories=L8_LST_JURISDICTION_BAR)
  [fetch] saved case_3340.json (36514 chars, theories=L8_LST_JURISDICTION_BAR)
  [fetch] saved case_3343.json (16131 chars, theories=L8_LST_JURISDICTION_BAR)
  [fetch] saved case_3369.json (14944 chars, theories=L8_LST_JURISDICTION_BAR)
  [fetch] saved case_3385.json (60739 chars, theories=L8_LST_JURISDICTION_BAR)
  [fetch] saved case_3593.json (51979 chars, theories=L8_LST_JURISDICTION_BAR)
  [fetch] saved case_3683.json (19665 chars, theories=L8_LST_JURISDICTION_BAR)
  [fetch] saved case_3863.json (24071 chars, theories=L8_LST_JURISDICTION_BAR)
  [fetch] saved case_3889.json (87309 chars, theories=L8_LST_JURISDICTION_BAR)
  [fetch] saved case_3918.json (27704 chars, theories=L8_LST_JURISDICTION_BAR)
  [skip] Id 3959 is criminal jurisdiction ((Criminal Revisional Jurisdiction)), not saved.
  [fetch] saved case_3999.json (12503 chars, theories=L8_LST_JURISDICTION_BAR)
  [fetch] saved case_4014.json (30702 chars, theories=L8_LST_JURISDICTION_BAR)
  [fetch] saved case_4044.json (11941 chars, theories=L8_LST_JURISDICTION_BAR)
  [fetch] saved case_4065.json (34056 chars, theories=L8_LST_JURISDICTION_BAR)
  [fetch] saved case_4067.json (55738 chars, theories=L8_LST_JURISDICTION_BAR)
  [fetch] saved case_4081.json (15390 chars, theories=L8_LST_JURISDICTION_BAR)
  [fetch] saved case_4109.json (36656 chars, theories=L8_LST_JURISDICTION_BAR)
  [fetch] saved case_4167.json (12576 chars, theories=L8_LST_JURISDICTION_BAR)
  [fetch] saved case_4170.json (8838 chars, theories=L8_LST_JURISDICTION_BAR)
  [fetch] saved case_4180.json (23764 chars, theories=L8_LST_JURISDICTION_BAR)
  progress: 100/410 for this group
  [compact] wrote E:\Mahfoz\Latest Advocacy\Resource\Judgements_Appeal38_2026\batch_37.json (35 cases), removed 35 loose file(s)
  [fetch] saved case_4230.json (18117 chars, theories=L8_LST_JURISDICTION_BAR)
  [fetch] saved case_4309.json (100538 chars, theories=L8_LST_JURISDICTION_BAR)
  [fetch] saved case_4416.json (12720 chars, theories=L8_LST_JURISDICTION_BAR)
  [skip] Id 4481 is criminal jurisdiction ((Criminal Appellate Jurisdiction)), not saved.
  [fetch] saved case_4513.json (53839 chars, theories=L8_LST_JURISDICTION_BAR)
  [fetch] saved case_4597.json (33948 chars, theories=L8_LST_JURISDICTION_BAR)
  [fetch] saved case_4652.json (26846 chars, theories=L8_LST_JURISDICTION_BAR)
  [fetch] saved case_4697.json (26178 chars, theories=L8_LST_JURISDICTION_BAR)
  [fetch] saved case_4720.json (13412 chars, theories=L8_LST_JURISDICTION_BAR)
  [skip] Id 4736 is criminal jurisdiction ((Criminal Miscellaneous Jurisdiction)), not saved.
  [fetch] saved case_4743.json (11810 chars, theories=L8_LST_JURISDICTION_BAR)
  [fetch] saved case_4749.json (19219 chars, theories=L8_LST_JURISDICTION_BAR)
  [fetch] saved case_4795.json (38871 chars, theories=L8_LST_JURISDICTION_BAR)
  [fetch] saved case_4804.json (9448 chars, theories=L8_LST_JURISDICTION_BAR)
  [fetch] saved case_4808.json (16324 chars, theories=L8_LST_JURISDICTION_BAR)
  [fetch] saved case_4812.json (76427 chars, theories=L8_LST_JURISDICTION_BAR)
  [fetch] saved case_4815.json (24335 chars, theories=L8_LST_JURISDICTION_BAR)
  [fetch] saved case_4838.json (17231 chars, theories=L8_LST_JURISDICTION_BAR)
  [fetch] saved case_4841.json (7046 chars, theories=L8_LST_JURISDICTION_BAR)
  [fetch] saved case_4879.json (27954 chars, theories=L8_LST_JURISDICTION_BAR)
  [fetch] saved case_4965.json (24017 chars, theories=L8_LST_JURISDICTION_BAR)
  [fetch] saved case_4980.json (39002 chars, theories=L8_LST_JURISDICTION_BAR)
  [fetch] saved case_4991.json (15551 chars, theories=L8_LST_JURISDICTION_BAR)
  [fetch] saved case_5070.json (21528 chars, theories=L8_LST_JURISDICTION_BAR)
  [fetch] saved case_5092.json (35159 chars, theories=L8_LST_JURISDICTION_BAR)
  progress: 125/410 for this group
  [fetch] saved case_5117.json (11751 chars, theories=L8_LST_JURISDICTION_BAR)
  [fetch] saved case_5176.json (18880 chars, theories=L8_LST_JURISDICTION_BAR)
  [fetch] saved case_5241.json (33229 chars, theories=L8_LST_JURISDICTION_BAR)
  [fetch] saved case_5275.json (60901 chars, theories=L8_LST_JURISDICTION_BAR)
  [fetch] saved case_5290.json (32404 chars, theories=L8_LST_JURISDICTION_BAR)
  [fetch] saved case_5301.json (24313 chars, theories=L8_LST_JURISDICTION_BAR)
  [skip] Id 5310 is criminal jurisdiction ((Criminal)), not saved.
  [fetch] saved case_5315.json (17518 chars, theories=L8_LST_JURISDICTION_BAR)
  [fetch] saved case_5335.json (22335 chars, theories=L8_LST_JURISDICTION_BAR)
  [fetch] saved case_5369.json (11107 chars, theories=L8_LST_JURISDICTION_BAR)
  [fetch] saved case_5377.json (19277 chars, theories=L8_LST_JURISDICTION_BAR)
  [fetch] saved case_5445.json (32391 chars, theories=L8_LST_JURISDICTION_BAR)
  [fetch] saved case_5447.json (116130 chars, theories=L8_LST_JURISDICTION_BAR)
  [skip] Id 5534 is criminal jurisdiction ((Criminal)), not saved.
  [fetch] saved case_5571.json (12370 chars, theories=L8_LST_JURISDICTION_BAR)
  [compact] wrote E:\Mahfoz\Latest Advocacy\Resource\Judgements_Appeal38_2026\batch_38.json (36 cases), removed 36 loose file(s)
  [fetch] saved case_5596.json (19660 chars, theories=L8_LST_JURISDICTION_BAR)
  [fetch] saved case_5604.json (47009 chars, theories=L8_LST_JURISDICTION_BAR)
  [skip] Id 5627 is criminal jurisdiction ((Criminal)), not saved.
  [skip] Id 5687 is criminal jurisdiction ((Criminal)), not saved.
  [fetch] saved case_5706.json (10922 chars, theories=L8_LST_JURISDICTION_BAR)
  [fetch] saved case_5736.json (8778 chars, theories=L8_LST_JURISDICTION_BAR)
  [fetch] saved case_5745.json (45781 chars, theories=L8_LST_JURISDICTION_BAR)
  [fetch] saved case_5787.json (8884 chars, theories=L8_LST_JURISDICTION_BAR)
  [fetch] saved case_5877.json (10653 chars, theories=L8_LST_JURISDICTION_BAR)
  [fetch] saved case_5883.json (8573 chars, theories=L8_LST_JURISDICTION_BAR)
  progress: 150/410 for this group
  [fetch] saved case_5895.json (31270 chars, theories=L8_LST_JURISDICTION_BAR)
  [fetch] saved case_5904.json (11637 chars, theories=L8_LST_JURISDICTION_BAR)
  [fetch] saved case_5906.json (9121 chars, theories=L8_LST_JURISDICTION_BAR)
  [skip] Id 5933 is criminal jurisdiction ((Criminal)), not saved.
  [fetch] saved case_5960.json (18820 chars, theories=L8_LST_JURISDICTION_BAR)
  [fetch] saved case_6012.json (3354 chars, theories=L8_LST_JURISDICTION_BAR)
  [fetch] saved case_6111.json (8176 chars, theories=L8_LST_JURISDICTION_BAR)
  [fetch] saved case_6127.json (13687 chars, theories=L8_LST_JURISDICTION_BAR)
  [fetch] saved case_6146.json (40362 chars, theories=L8_LST_JURISDICTION_BAR)
  [fetch] saved case_6169.json (19040 chars, theories=L8_LST_JURISDICTION_BAR)
  [fetch] saved case_6178.json (8952 chars, theories=L8_LST_JURISDICTION_BAR)
  [fetch] saved case_6217.json (31250 chars, theories=L8_LST_JURISDICTION_BAR)
  [fetch] saved case_6223.json (33968 chars, theories=L8_LST_JURISDICTION_BAR)
  [fetch] saved case_6274.json (12081 chars, theories=L8_LST_JURISDICTION_BAR)
  [fetch] saved case_6275.json (10752 chars, theories=L8_LST_JURISDICTION_BAR)
  [fetch] saved case_6289.json (11097 chars, theories=L8_LST_JURISDICTION_BAR)
  [fetch] saved case_6369.json (14477 chars, theories=L8_LST_JURISDICTION_BAR)
  [fetch] saved case_6387.json (80536 chars, theories=L8_LST_JURISDICTION_BAR)
  [fetch] saved case_6503.json (10646 chars, theories=L8_LST_JURISDICTION_BAR)
  [fetch] saved case_6512.json (24065 chars, theories=L8_LST_JURISDICTION_BAR)
  [fetch] saved case_6550.json (19759 chars, theories=L8_LST_JURISDICTION_BAR)
  [fetch] saved case_6559.json (11722 chars, theories=L8_LST_JURISDICTION_BAR)
  [fetch] saved case_6593.json (21792 chars, theories=L8_LST_JURISDICTION_BAR)
  [fetch] saved case_6719.json (20233 chars, theories=L8_LST_JURISDICTION_BAR)
  [fetch] saved case_6757.json (12170 chars, theories=L8_LST_JURISDICTION_BAR)
  progress: 175/410 for this group
  [fetch] saved case_6776.json (20237 chars, theories=L8_LST_JURISDICTION_BAR)
  [fetch] saved case_6813.json (57809 chars, theories=L8_LST_JURISDICTION_BAR)
  [fetch] saved case_6814.json (47629 chars, theories=L8_LST_JURISDICTION_BAR)
  [fetch] saved case_6844.json (32818 chars, theories=L8_LST_JURISDICTION_BAR)
  [fetch] saved case_6970.json (20057 chars, theories=L8_LST_JURISDICTION_BAR)
  [compact] wrote E:\Mahfoz\Latest Advocacy\Resource\Judgements_Appeal38_2026\batch_39.json (37 cases), removed 37 loose file(s)
  [fetch] saved case_6996.json (40820 chars, theories=L8_LST_JURISDICTION_BAR)
  [fetch] saved case_7010.json (9980 chars, theories=L8_LST_JURISDICTION_BAR)
  [fetch] saved case_7102.json (57623 chars, theories=L8_LST_JURISDICTION_BAR)
  [fetch] saved case_7175.json (36172 chars, theories=L8_LST_JURISDICTION_BAR)
  [skip] Id 7239 is criminal jurisdiction ((Criminal Appellate Jurisdiction)), not saved.
  [fetch] saved case_7253.json (18009 chars, theories=L8_LST_JURISDICTION_BAR)
  [fetch] saved case_7275.json (13824 chars, theories=L8_LST_JURISDICTION_BAR)
  [fetch] saved case_7330.json (28682 chars, theories=L8_LST_JURISDICTION_BAR)
  [fetch] saved case_7455.json (9708 chars, theories=L8_LST_JURISDICTION_BAR)
  [fetch] saved case_7461.json (13553 chars, theories=L8_LST_JURISDICTION_BAR)
  [fetch] saved case_7499.json (13415 chars, theories=L8_LST_JURISDICTION_BAR)
  [fetch] saved case_7526.json (27891 chars, theories=L8_LST_JURISDICTION_BAR)
  [fetch] saved case_7643.json (22364 chars, theories=L8_LST_JURISDICTION_BAR)
  [fetch] saved case_7686.json (23840 chars, theories=L8_LST_JURISDICTION_BAR)
  [fetch] saved case_7774.json (27999 chars, theories=L8_LST_JURISDICTION_BAR)
  [skip] Id 7867 is criminal jurisdiction ((Criminal Appellate Jurisdiction)), not saved.
  [fetch] saved case_7870.json (13324 chars, theories=L8_LST_JURISDICTION_BAR)
  [fetch] saved case_7896.json (11913 chars, theories=L8_LST_JURISDICTION_BAR)
  [fetch] saved case_7907.json (26365 chars, theories=L8_LST_JURISDICTION_BAR)
  [skip] Id 7948 is criminal jurisdiction ((Criminal Appellate Jurisdiction)), not saved.
  progress: 200/410 for this group
  [fetch] saved case_8040.json (29098 chars, theories=L8_LST_JURISDICTION_BAR)
  [fetch] saved case_8048.json (8968 chars, theories=L8_LST_JURISDICTION_BAR)
  [fetch] saved case_8138.json (47442 chars, theories=L8_LST_JURISDICTION_BAR)
  [fetch] saved case_8144.json (30503 chars, theories=L8_LST_JURISDICTION_BAR)
  [fetch] saved case_8179.json (14893 chars, theories=L8_LST_JURISDICTION_BAR)
  [skip] Id 8238 is criminal jurisdiction ((Criminal Appellant Jurisdiction)), not saved.
  [fetch] saved case_8242.json (72160 chars, theories=L8_LST_JURISDICTION_BAR)
  [fetch] saved case_8251.json (42775 chars, theories=L8_LST_JURISDICTION_BAR)
  [fetch] saved case_8253.json (28257 chars, theories=L8_LST_JURISDICTION_BAR)
  [fetch] saved case_8332.json (21416 chars, theories=L8_LST_JURISDICTION_BAR)
  [fetch] saved case_8390.json (11861 chars, theories=L8_LST_JURISDICTION_BAR)
  [skip] Id 8392 is criminal jurisdiction ((Criminal)), not saved.
  [fetch] saved case_8395.json (22817 chars, theories=L8_LST_JURISDICTION_BAR)
  [fetch] saved case_8454.json (21052 chars, theories=L8_LST_JURISDICTION_BAR)
  [fetch] saved case_8466.json (20372 chars, theories=L8_LST_JURISDICTION_BAR)
  [fetch] saved case_8628.json (16362 chars, theories=L8_LST_JURISDICTION_BAR)
  [fetch] saved case_8643.json (15882 chars, theories=L8_LST_JURISDICTION_BAR)
  [fetch] saved case_8651.json (28869 chars, theories=L8_LST_JURISDICTION_BAR)
  [fetch] saved case_8770.json (46488 chars, theories=L8_LST_JURISDICTION_BAR)
  [fetch] saved case_8781.json (42185 chars, theories=L8_LST_JURISDICTION_BAR)
  [compact] wrote E:\Mahfoz\Latest Advocacy\Resource\Judgements_Appeal38_2026\batch_40.json (35 cases), removed 35 loose file(s)
  [fetch] saved case_8849.json (12392 chars, theories=L8_LST_JURISDICTION_BAR)
  [fetch] saved case_8928.json (9377 chars, theories=L8_LST_JURISDICTION_BAR)
  [fetch] saved case_8930.json (30240 chars, theories=L8_LST_JURISDICTION_BAR)
  [fetch] saved case_9055.json (68380 chars, theories=L8_LST_JURISDICTION_BAR)
  [fetch] saved case_9068.json (33624 chars, theories=L8_LST_JURISDICTION_BAR)
  progress: 225/410 for this group
  [fetch] saved case_9075.json (11959 chars, theories=L8_LST_JURISDICTION_BAR)
  [fetch] saved case_9086.json (23130 chars, theories=L8_LST_JURISDICTION_BAR)
  [fetch] saved case_9297.json (29733 chars, theories=L8_LST_JURISDICTION_BAR)
  [fetch] saved case_9426.json (44858 chars, theories=L8_LST_JURISDICTION_BAR)
  [fetch] saved case_9466.json (7017 chars, theories=L8_LST_JURISDICTION_BAR)
  [fetch] saved case_9536.json (24142 chars, theories=L8_LST_JURISDICTION_BAR)
  [fetch] saved case_9549.json (78329 chars, theories=L8_LST_JURISDICTION_BAR)
  [fetch] saved case_9595.json (35415 chars, theories=L8_LST_JURISDICTION_BAR)
  [fetch] saved case_9630.json (9876 chars, theories=L8_LST_JURISDICTION_BAR)
  [fetch] saved case_9632.json (34961 chars, theories=L8_LST_JURISDICTION_BAR)
  [fetch] saved case_9725.json (17548 chars, theories=L8_LST_JURISDICTION_BAR)
  [fetch] saved case_9786.json (15337 chars, theories=L8_LST_JURISDICTION_BAR)
  [fetch] saved case_9788.json (17702 chars, theories=L8_LST_JURISDICTION_BAR)
  [fetch] saved case_9810.json (10715 chars, theories=L8_LST_JURISDICTION_BAR)
  [fetch] saved case_9968.json (84728 chars, theories=L8_LST_JURISDICTION_BAR)
  [compact] wrote E:\Mahfoz\Latest Advocacy\Resource\Judgements_Appeal38_2026\batch_41.json (20 cases), removed 20 loose file(s)
  [skip] Id 10273 is criminal jurisdiction ((Criminal Appellate Jurisdiction)), not saved.
  [fetch] saved case_10278.json (55226 chars, theories=L8_LST_JURISDICTION_BAR)
  [fetch] saved case_10309.json (28103 chars, theories=L8_LST_JURISDICTION_BAR)
  [fetch] saved case_10331.json (27078 chars, theories=L8_LST_JURISDICTION_BAR)
  [fetch] saved case_10439.json (20282 chars, theories=L8_LST_JURISDICTION_BAR)
  [fetch] saved case_10450.json (15085 chars, theories=L8_LST_JURISDICTION_BAR)
  [fetch] saved case_10537.json (39247 chars, theories=L8_LST_JURISDICTION_BAR)
  [fetch] saved case_10777.json (23720 chars, theories=L8_LST_JURISDICTION_BAR)
  [fetch] saved case_10957.json (17861 chars, theories=L8_LST_JURISDICTION_BAR)
  [fetch] saved case_11085.json (4770 chars, theories=L8_LST_JURISDICTION_BAR)
  progress: 250/410 for this group
  [fetch] saved case_11096.json (7543 chars, theories=L8_LST_JURISDICTION_BAR)
  [fetch] saved case_11268.json (38830 chars, theories=L8_LST_JURISDICTION_BAR)
  [fetch] saved case_11304.json (23789 chars, theories=L8_LST_JURISDICTION_BAR)
  [fetch] saved case_11627.json (17231 chars, theories=L8_LST_JURISDICTION_BAR)
  [fetch] saved case_11744.json (7139 chars, theories=L8_LST_JURISDICTION_BAR)
  [fetch] saved case_11770.json (12807 chars, theories=L8_LST_JURISDICTION_BAR)
  [fetch] saved case_11945.json (58303 chars, theories=L8_LST_JURISDICTION_BAR)
  [skip] Id 11994 is criminal jurisdiction (Criminal), not saved.
  [fetch] saved case_12003.json (3132 chars, theories=L8_LST_JURISDICTION_BAR)
  [fetch] saved case_12098.json (39591 chars, theories=L8_LST_JURISDICTION_BAR)
  [fetch] saved case_12104.json (19109 chars, theories=L8_LST_JURISDICTION_BAR)
  [fetch] saved case_12128.json (15356 chars, theories=L8_LST_JURISDICTION_BAR)
  [fetch] saved case_12181.json (22896 chars, theories=L8_LST_JURISDICTION_BAR)
  [fetch] saved case_12226.json (13797 chars, theories=L8_LST_JURISDICTION_BAR)
  [fetch] saved case_12284.json (14962 chars, theories=L8_LST_JURISDICTION_BAR)
  [fetch] saved case_12301.json (19395 chars, theories=L8_LST_JURISDICTION_BAR)
  [fetch] saved case_12381.json (29018 chars, theories=L8_LST_JURISDICTION_BAR)
  [fetch] saved case_12487.json (10545 chars, theories=L8_LST_JURISDICTION_BAR)
  [fetch] saved case_12552.json (25014 chars, theories=L8_LST_JURISDICTION_BAR)
  [fetch] saved case_12569.json (46546 chars, theories=L8_LST_JURISDICTION_BAR)
  [fetch] saved case_12649.json (13937 chars, theories=L8_LST_JURISDICTION_BAR)
  [fetch] saved case_12747.json (7510 chars, theories=L8_LST_JURISDICTION_BAR)
  [fetch] saved case_12897.json (38646 chars, theories=L8_LST_JURISDICTION_BAR)
  [fetch] saved case_13031.json (52559 chars, theories=L8_LST_JURISDICTION_BAR)
  [fetch] saved case_13346.json (20294 chars, theories=L8_LST_JURISDICTION_BAR)
  progress: 275/410 for this group
  [fetch] saved case_13352.json (51825 chars, theories=L8_LST_JURISDICTION_BAR)
  [skip] Id 13378 is criminal jurisdiction (Criminal), not saved.
  [skip] Id 13405 is criminal jurisdiction (Criminal), not saved.
  [fetch] saved case_13428.json (11953 chars, theories=L8_LST_JURISDICTION_BAR)
  [fetch] saved case_13474.json (34199 chars, theories=L8_LST_JURISDICTION_BAR)
  [compact] wrote E:\Mahfoz\Latest Advocacy\Resource\Judgements_Appeal38_2026\batch_42.json (36 cases), removed 36 loose file(s)
  [fetch] saved case_13512.json (12212 chars, theories=L8_LST_JURISDICTION_BAR)
  [fetch] saved case_13595.json (6426 chars, theories=L8_LST_JURISDICTION_BAR)
  [fetch] saved case_13682.json (14625 chars, theories=L8_LST_JURISDICTION_BAR)
  [skip] Id 13707 is criminal jurisdiction (Criminal), not saved.
  [fetch] saved case_13809.json (23592 chars, theories=L8_LST_JURISDICTION_BAR)
  [fetch] saved case_13903.json (16007 chars, theories=L8_LST_JURISDICTION_BAR)
  [skip] Id 13938 is criminal jurisdiction ((Chittagong Bench) (Criminal Revisional Jurisdiction)), not saved.
  [skip] Id 13952 is criminal jurisdiction ((Criminal)), not saved.
  [fetch] saved case_13970.json (16757 chars, theories=L8_LST_JURISDICTION_BAR)
  [fetch] saved case_13996.json (4877 chars, theories=L8_LST_JURISDICTION_BAR)
  [skip] Id 14000 is criminal jurisdiction ((Dhaka)  (Criminal Appellate Jurisdiction)), not saved.
  [skip] Id 14014 is criminal jurisdiction ((Criminal)), not saved.
  [fetch] saved case_14029.json (26038 chars, theories=L8_LST_JURISDICTION_BAR)
  [fetch] saved case_14040.json (54427 chars, theories=L8_LST_JURISDICTION_BAR)
  [fetch] saved case_14044.json (30251 chars, theories=L8_LST_JURISDICTION_BAR)
  [fetch] saved case_14046.json (25849 chars, theories=L8_LST_JURISDICTION_BAR)
  [fetch] saved case_14070.json (39411 chars, theories=L8_LST_JURISDICTION_BAR)
  [fetch] saved case_14128.json (61643 chars, theories=L8_LST_JURISDICTION_BAR)
  [fetch] saved case_14132.json (29397 chars, theories=L8_LST_JURISDICTION_BAR)
  [skip] Id 14150 is criminal jurisdiction (Criminal Revisional Jurisdiction), not saved.
  progress: 300/410 for this group
  [fetch] saved case_14165.json (11232 chars, theories=L8_LST_JURISDICTION_BAR)
  [skip] Id 14188 is criminal jurisdiction ((Criminal Appellate Jurisdiction)), not saved.
  [fetch] saved case_14201.json (34127 chars, theories=L8_LST_JURISDICTION_BAR)
  [fetch] saved case_14239.json (15889 chars, theories=L8_LST_JURISDICTION_BAR)
  [fetch] saved case_14242.json (13544 chars, theories=L8_LST_JURISDICTION_BAR)
  [skip] Id 14292 is criminal jurisdiction (Criminal), not saved.
  [skip] Id 14324 is criminal jurisdiction (Criminal Appeal Jurisdiction), not saved.
  [skip] Id 14330 is criminal jurisdiction ((Criminal)), not saved.
  [fetch] saved case_14391.json (65966 chars, theories=L8_LST_JURISDICTION_BAR)
  [fetch] saved case_14684.json (62409 chars, theories=L8_LST_JURISDICTION_BAR)
  [fetch] saved case_14727.json (10244 chars, theories=L8_LST_JURISDICTION_BAR)
  [fetch] saved case_14753.json (11463 chars, theories=L8_LST_JURISDICTION_BAR)
  [fetch] saved case_14770.json (16897 chars, theories=L8_LST_JURISDICTION_BAR)
  [fetch] saved case_14793.json (13149 chars, theories=L8_LST_JURISDICTION_BAR)
  [skip] Id 14835 is criminal jurisdiction (Criminal Revision 287 of 1983.), not saved.
  [fetch] saved case_14861.json (32852 chars, theories=L8_LST_JURISDICTION_BAR)
  [fetch] saved case_14879.json (35507 chars, theories=L8_LST_JURISDICTION_BAR)
  [fetch] saved case_14936.json (6300 chars, theories=L8_LST_JURISDICTION_BAR)
  [fetch] saved case_14938.json (109057 chars, theories=L8_LST_JURISDICTION_BAR)
  [fetch] saved case_14947.json (9711 chars, theories=L8_LST_JURISDICTION_BAR)
  [compact] wrote E:\Mahfoz\Latest Advocacy\Resource\Judgements_Appeal38_2026\batch_43.json (29 cases), removed 29 loose file(s)
  [fetch] saved case_14969.json (39834 chars, theories=L8_LST_JURISDICTION_BAR)
  [fetch] saved case_15021.json (55928 chars, theories=L8_LST_JURISDICTION_BAR)
  [fetch] saved case_15067.json (12617 chars, theories=L8_LST_JURISDICTION_BAR)
  [fetch] saved case_15096.json (16021 chars, theories=L8_LST_JURISDICTION_BAR)
  [fetch] saved case_15105.json (77385 chars, theories=L8_LST_JURISDICTION_BAR)
  progress: 325/410 for this group
  [fetch] saved case_15171.json (43148 chars, theories=L8_LST_JURISDICTION_BAR)
  [fetch] saved case_15258.json (13907 chars, theories=L8_LST_JURISDICTION_BAR)
  [skip] Id 15281 is criminal jurisdiction (Criminal), not saved.
  [skip] Id 15341 is criminal jurisdiction ((Criminal Appellate Jurisdiction)), not saved.
  [fetch] saved case_15368.json (15945 chars, theories=L8_LST_JURISDICTION_BAR)
  [fetch] saved case_15370.json (16547 chars, theories=L8_LST_JURISDICTION_BAR)
  [fetch] saved case_15372.json (19530 chars, theories=L8_LST_JURISDICTION_BAR)
  [fetch] saved case_15389.json (10088 chars, theories=L8_LST_JURISDICTION_BAR)
  [fetch] saved case_15400.json (60928 chars, theories=L8_LST_JURISDICTION_BAR)
  [fetch] saved case_15535.json (11815 chars, theories=L8_LST_JURISDICTION_BAR)
  [fetch] saved case_15643.json (8910 chars, theories=L8_LST_JURISDICTION_BAR)
  [fetch] saved case_15651.json (11619 chars, theories=L8_LST_JURISDICTION_BAR)
  [fetch] saved case_15675.json (51892 chars, theories=L8_LST_JURISDICTION_BAR)
  [fetch] saved case_15781.json (297144 chars, theories=L8_LST_JURISDICTION_BAR)
  [fetch] saved case_15821.json (17363 chars, theories=L8_LST_JURISDICTION_BAR)
  [fetch] saved case_15822.json (21720 chars, theories=L8_LST_JURISDICTION_BAR)
  [skip] Id 15874 is criminal jurisdiction ((Criminal Appellate Jurisdiction)), not saved.
  [fetch] saved case_15907.json (25125 chars, theories=L8_LST_JURISDICTION_BAR)
  [skip] Id 15948 is criminal jurisdiction ((Criminal Appellate Jurisdiction)), not saved.
  [fetch] saved case_15988.json (13247 chars, theories=L8_LST_JURISDICTION_BAR)
  [skip] Id 16000 is criminal jurisdiction ((Criminal Appellate Jurisdiction)), not saved.
  [fetch] saved case_16025.json (30600 chars, theories=L8_LST_JURISDICTION_BAR)
  [fetch] saved case_16035.json (21578 chars, theories=L8_LST_JURISDICTION_BAR)
  [fetch] saved case_16098.json (87379 chars, theories=L8_LST_JURISDICTION_BAR)
  [fetch] saved case_16117.json (37086 chars, theories=L8_LST_JURISDICTION_BAR)
  progress: 350/410 for this group
  [skip] Id 16128 is criminal jurisdiction ((Criminal Miscellaneous Jurisdiction)), not saved.
  [skip] Id 16147 is criminal jurisdiction ((Criminal Revisional Jurisdiction)), not saved.
  [skip] Id 16150 is criminal jurisdiction ((Criminal Appellate Jurisdiction)), not saved.
  [fetch] saved case_16214.json (18227 chars, theories=L8_LST_JURISDICTION_BAR)
  [fetch] saved case_16234.json (54435 chars, theories=L8_LST_JURISDICTION_BAR)
  [fetch] saved case_16245.json (14872 chars, theories=L8_LST_JURISDICTION_BAR)
  [fetch] saved case_16292.json (15769 chars, theories=L8_LST_JURISDICTION_BAR)
  [skip] Id 16406 is criminal jurisdiction ((Criminal Miscellaneous Jurisdiction)), not saved.
  [fetch] saved case_16483.json (19833 chars, theories=L8_LST_JURISDICTION_BAR)
  [fetch] saved case_16499.json (10639 chars, theories=L8_LST_JURISDICTION_BAR)
  [compact] wrote E:\Mahfoz\Latest Advocacy\Resource\Judgements_Appeal38_2026\batch_44.json (31 cases), removed 31 loose file(s)
  [fetch] saved case_16519.json (21777 chars, theories=L8_LST_JURISDICTION_BAR)
  [fetch] saved case_16564.json (28025 chars, theories=L8_LST_JURISDICTION_BAR)
  [fetch] saved case_16600.json (140160 chars, theories=L8_LST_JURISDICTION_BAR)
  [fetch] saved case_16604.json (13751 chars, theories=L8_LST_JURISDICTION_BAR)
  [fetch] saved case_16688.json (6563 chars, theories=L8_LST_JURISDICTION_BAR)
  [fetch] saved case_16706.json (29792 chars, theories=L8_LST_JURISDICTION_BAR)
  [fetch] saved case_16740.json (15131 chars, theories=L8_LST_JURISDICTION_BAR)
  [fetch] saved case_16751.json (94030 chars, theories=L8_LST_JURISDICTION_BAR)
  [fetch] saved case_16758.json (31347 chars, theories=L8_LST_JURISDICTION_BAR)
  [fetch] saved case_16800.json (15221 chars, theories=L8_LST_JURISDICTION_BAR)
  [fetch] saved case_16803.json (21754 chars, theories=L8_LST_JURISDICTION_BAR)
  [fetch] saved case_16965.json (38260 chars, theories=L8_LST_JURISDICTION_BAR)
  [skip] Id 17021 is criminal jurisdiction ((CRIMINAL)), not saved.
  [fetch] saved case_17081.json (56792 chars, theories=L8_LST_JURISDICTION_BAR)
  [fetch] saved case_17122.json (12061 chars, theories=L8_LST_JURISDICTION_BAR)
  progress: 375/410 for this group
  [fetch] saved case_17157.json (30632 chars, theories=L8_LST_JURISDICTION_BAR)
  [skip] Id 17171 is criminal jurisdiction ((Criminal Miscellaneous Jurisdiction)), not saved.
  [fetch] saved case_17200.json (26635 chars, theories=L8_LST_JURISDICTION_BAR)
  [fetch] saved case_17235.json (43547 chars, theories=L8_LST_JURISDICTION_BAR)
  [fetch] saved case_17269.json (7797 chars, theories=L8_LST_JURISDICTION_BAR)
  [fetch] saved case_17277.json (13325 chars, theories=L8_LST_JURISDICTION_BAR)
  [fetch] saved case_17325.json (48745 chars, theories=L8_LST_JURISDICTION_BAR)
  [fetch] saved case_17327.json (12660 chars, theories=L8_LST_JURISDICTION_BAR)
  [fetch] saved case_17384.json (42413 chars, theories=L8_LST_JURISDICTION_BAR)
  [fetch] saved case_17405.json (11848 chars, theories=L8_LST_JURISDICTION_BAR)
  [fetch] saved case_17501.json (58333 chars, theories=L8_LST_JURISDICTION_BAR)
  [fetch] saved case_17503.json (2072 chars, theories=L8_LST_JURISDICTION_BAR)
  [fetch] saved case_17595.json (42086 chars, theories=L8_LST_JURISDICTION_BAR)
  [fetch] saved case_17614.json (18825 chars, theories=L8_LST_JURISDICTION_BAR)
  [fetch] saved case_17651.json (16698 chars, theories=L8_LST_JURISDICTION_BAR)
  [fetch] saved case_17758.json (39570 chars, theories=L8_LST_JURISDICTION_BAR)
  [fetch] saved case_17889.json (4719 chars, theories=L8_LST_JURISDICTION_BAR)
  [fetch] saved case_17892.json (87435 chars, theories=L8_LST_JURISDICTION_BAR)
  [fetch] saved case_17900.json (40121 chars, theories=L8_LST_JURISDICTION_BAR)
  [skip] Id 17907 is criminal jurisdiction ((Criminal Revisional Jurisdiction)), not saved.
  [fetch] saved case_17940.json (5386 chars, theories=L8_LST_JURISDICTION_BAR)
  [fetch] saved case_17978.json (21356 chars, theories=L8_LST_JURISDICTION_BAR)
  [fetch] saved case_17991.json (60157 chars, theories=L8_LST_JURISDICTION_BAR)
  [fetch] saved case_17996.json (18294 chars, theories=L8_LST_JURISDICTION_BAR)
  [fetch] saved case_18023.json (32795 chars, theories=L8_LST_JURISDICTION_BAR)
  progress: 400/410 for this group
  [compact] wrote E:\Mahfoz\Latest Advocacy\Resource\Judgements_Appeal38_2026\batch_45.json (37 cases), removed 37 loose file(s)
  [fetch] saved case_18038.json (57331 chars, theories=L8_LST_JURISDICTION_BAR)
  [fetch] saved case_18071.json (44983 chars, theories=L8_LST_JURISDICTION_BAR)
  [skip] Id 18091 is criminal jurisdiction ((Criminal Appellate Jurisdiction)), not saved.
  [fetch] saved case_18107.json (53007 chars, theories=L8_LST_JURISDICTION_BAR)
  [fetch] saved case_18121.json (90811 chars, theories=L8_LST_JURISDICTION_BAR)
  [skip] Id 18127 is criminal jurisdiction ((Criminal Appellate Jurisdiction)), not saved.
  [skip] Id 18187 is criminal jurisdiction ((Criminal)), not saved.
  [fetch] saved case_18205.json (6451 chars, theories=L8_LST_JURISDICTION_BAR)
  [fetch] saved case_19205.json (54693 chars, theories=L8_LST_JURISDICTION_BAR)
  [fetch] saved case_19211.json (26840 chars, theories=L8_LST_JURISDICTION_BAR)

--- Theory: L9_COMPROMISE_CODEFENDANT_EFFECT ---
  [discover] L9_COMPROMISE_CODEFENDANT_EFFECT :: "solenama compromise decree partition" page 1 -> 20 items, candidates so far: 2329
  [discover] L9_COMPROMISE_CODEFENDANT_EFFECT :: "solenama compromise decree partition" page 2 -> 20 items, candidates so far: 2342
  [discover] L9_COMPROMISE_CODEFENDANT_EFFECT :: "solenama compromise decree partition" page 3 -> 20 items, candidates so far: 2351
  [discover] L9_COMPROMISE_CODEFENDANT_EFFECT :: "solenama compromise decree partition" page 4 -> 20 items, candidates so far: 2364
  [discover] L9_COMPROMISE_CODEFENDANT_EFFECT :: "solenama compromise decree partition" page 5 -> 20 items, candidates so far: 2381
  [discover] L9_COMPROMISE_CODEFENDANT_EFFECT :: "solenama compromise decree partition" page 6 -> 20 items, candidates so far: 2399
  [discover] L9_COMPROMISE_CODEFENDANT_EFFECT :: "solenama compromise decree partition" page 7 -> 13 items, candidates so far: 2409
  [discover] L9_COMPROMISE_CODEFENDANT_EFFECT :: "compromise petition one defendant effect on others" page 1 -> 20 items, candidates so far: 2410
  [discover] L9_COMPROMISE_CODEFENDANT_EFFECT :: "compromise petition one defendant effect on others" page 2 -> 20 items, candidates so far: 2414
  [discover] L9_COMPROMISE_CODEFENDANT_EFFECT :: "compromise petition one defendant effect on others" page 3 -> 20 items, candidates so far: 2419
  [discover] L9_COMPROMISE_CODEFENDANT_EFFECT :: "compromise petition one defendant effect on others" page 4 -> 20 items, candidates so far: 2426
  [discover] L9_COMPROMISE_CODEFENDANT_EFFECT :: "compromise petition one defendant effect on others" page 5 -> 20 items, candidates so far: 2432
  [discover] L9_COMPROMISE_CODEFENDANT_EFFECT :: "compromise petition one defendant effect on others" page 6 -> 17 items, candidates so far: 2443
  [discover] L9_COMPROMISE_CODEFENDANT_EFFECT :: "admission by one defendant not binding co-defendants" page 1 -> 20 items, candidates so far: 2449
  [discover] L9_COMPROMISE_CODEFENDANT_EFFECT :: "admission by one defendant not binding co-defendants" page 2 -> 20 items, candidates so far: 2457
  [discover] L9_COMPROMISE_CODEFENDANT_EFFECT :: "admission by one defendant not binding co-defendants" page 3 -> 20 items, candidates so far: 2462
  [discover] L9_COMPROMISE_CODEFENDANT_EFFECT :: "admission by one defendant not binding co-defendants" page 4 -> 20 items, candidates so far: 2466
  [discover] L9_COMPROMISE_CODEFENDANT_EFFECT :: "admission by one defendant not binding co-defendants" page 5 -> 20 items, candidates so far: 2475
  [discover] L9_COMPROMISE_CODEFENDANT_EFFECT :: "admission by one defendant not binding co-defendants" page 6 -> 20 items, candidates so far: 2485
  [discover] L9_COMPROMISE_CODEFENDANT_EFFECT :: "admission by one defendant not binding co-defendants" page 7 -> 20 items, candidates so far: 2497
  [discover] L9_COMPROMISE_CODEFENDANT_EFFECT :: "admission by one defendant not binding co-defendants" page 8 -> 20 items, candidates so far: 2509
  [discover] L9_COMPROMISE_CODEFENDANT_EFFECT :: "admission by one defendant not binding co-defendants" page 9 -> 20 items, candidates so far: 2518
  [discover] L9_COMPROMISE_CODEFENDANT_EFFECT :: "admission by one defendant not binding co-defendants" page 10 -> 20 items, candidates so far: 2532
  [discover] L9_COMPROMISE_CODEFENDANT_EFFECT :: "admission by one defendant not binding co-defendants" page 11 -> 20 items, candidates so far: 2543
  [discover] L9_COMPROMISE_CODEFENDANT_EFFECT :: "admission by one defendant not binding co-defendants" page 12 -> 20 items, candidates so far: 2555
  [discover] L9_COMPROMISE_CODEFENDANT_EFFECT :: "admission by one defendant not binding co-defendants" page 13 -> 20 items, candidates so far: 2562
  [discover] L9_COMPROMISE_CODEFENDANT_EFFECT :: "admission by one defendant not binding co-defendants" page 14 -> 19 items, candidates so far: 2570
  [discover] L9_COMPROMISE_CODEFENDANT_EFFECT :: "consent decree partition suit binding" page 1 -> 20 items, candidates so far: 2570
  [discover] L9_COMPROMISE_CODEFENDANT_EFFECT :: "consent decree partition suit binding" page 2 -> 20 items, candidates so far: 2570
  [discover] L9_COMPROMISE_CODEFENDANT_EFFECT :: "consent decree partition suit binding" page 3 -> 20 items, candidates so far: 2571
  [discover] L9_COMPROMISE_CODEFENDANT_EFFECT :: "consent decree partition suit binding" page 4 -> 20 items, candidates so far: 2574
  [discover] L9_COMPROMISE_CODEFENDANT_EFFECT :: "consent decree partition suit binding" page 5 -> 20 items, candidates so far: 2577
  [discover] L9_COMPROMISE_CODEFENDANT_EFFECT :: "consent decree partition suit binding" page 6 -> 20 items, candidates so far: 2578
  [discover] L9_COMPROMISE_CODEFENDANT_EFFECT :: "consent decree partition suit binding" page 7 -> 20 items, candidates so far: 2583
  [discover] L9_COMPROMISE_CODEFENDANT_EFFECT :: "consent decree partition suit binding" page 8 -> 20 items, candidates so far: 2588
  [discover] L9_COMPROMISE_CODEFENDANT_EFFECT :: "consent decree partition suit binding" page 9 -> 20 items, candidates so far: 2595
  [discover] L9_COMPROMISE_CODEFENDANT_EFFECT :: "consent decree partition suit binding" page 10 -> 20 items, candidates so far: 2608
  [discover] L9_COMPROMISE_CODEFENDANT_EFFECT :: "consent decree partition suit binding" page 11 -> 20 items, candidates so far: 2613
  [discover] L9_COMPROMISE_CODEFENDANT_EFFECT :: "consent decree partition suit binding" page 12 -> 20 items, candidates so far: 2618
  [discover] L9_COMPROMISE_CODEFENDANT_EFFECT :: "consent decree partition suit binding" page 13 -> 20 items, candidates so far: 2624
  [discover] L9_COMPROMISE_CODEFENDANT_EFFECT :: "consent decree partition suit binding" page 14 -> 20 items, candidates so far: 2633
  [discover] L9_COMPROMISE_CODEFENDANT_EFFECT :: "consent decree partition suit binding" page 15 -> 20 items, candidates so far: 2638
  [discover] L9_COMPROMISE_CODEFENDANT_EFFECT :: "consent decree partition suit binding" page 16 -> 20 items, candidates so far: 2646
  [discover] L9_COMPROMISE_CODEFENDANT_EFFECT :: "consent decree partition suit binding" page 17 -> 20 items, candidates so far: 2653
  [discover] L9_COMPROMISE_CODEFENDANT_EFFECT :: "consent decree partition suit binding" page 18 -> 20 items, candidates so far: 2660
  [discover] L9_COMPROMISE_CODEFENDANT_EFFECT :: "consent decree partition suit binding" page 19 -> 11 items, candidates so far: 2662
  [discover] L9_COMPROMISE_CODEFENDANT_EFFECT :: "সোলেনামা আপোষ মীমাংসা বাটোয়ারা" page 1 -> 5 items, candidates so far: 2663
  [discover] L9_COMPROMISE_CODEFENDANT_EFFECT :: "একজন বিবাদীর স্বীকৃতি অন্যান্যদের বাধ্যকর নয়" page 1 -> 7 items, candidates so far: 2665
  [retrieve] L9_COMPROMISE_CODEFENDANT_EFFECT discovery done, 346 case(s) awaiting full text...
  [skip] Id 71 is criminal jurisdiction (Criminal Appellate Jurisdiction), not saved.
  [fetch] saved case_126.json (31834 chars, theories=L9_COMPROMISE_CODEFENDANT_EFFECT)
  [fetch] saved case_145.json (29298 chars, theories=L9_COMPROMISE_CODEFENDANT_EFFECT)
  [fetch] saved case_185.json (17031 chars, theories=L9_COMPROMISE_CODEFENDANT_EFFECT)
  [fetch] saved case_221.json (195545 chars, theories=L9_COMPROMISE_CODEFENDANT_EFFECT)
  [fetch] saved case_281.json (21934 chars, theories=L9_COMPROMISE_CODEFENDANT_EFFECT)
  [fetch] saved case_284.json (16828 chars, theories=L9_COMPROMISE_CODEFENDANT_EFFECT)
  [fetch] saved case_346.json (12827 chars, theories=L9_COMPROMISE_CODEFENDANT_EFFECT)
  [fetch] saved case_400.json (34142 chars, theories=L9_COMPROMISE_CODEFENDANT_EFFECT)
  [fetch] saved case_444.json (21214 chars, theories=L9_COMPROMISE_CODEFENDANT_EFFECT)
  [skip] Id 448 is criminal jurisdiction (Civil), not saved.
  [fetch] saved case_474.json (30277 chars, theories=L9_COMPROMISE_CODEFENDANT_EFFECT)
  [fetch] saved case_480.json (18166 chars, theories=L9_COMPROMISE_CODEFENDANT_EFFECT)
  [fetch] saved case_585.json (17898 chars, theories=L9_COMPROMISE_CODEFENDANT_EFFECT)
  [fetch] saved case_592.json (11001 chars, theories=L9_COMPROMISE_CODEFENDANT_EFFECT)
  [fetch] saved case_609.json (21915 chars, theories=L9_COMPROMISE_CODEFENDANT_EFFECT)
  [skip] Id 613 is criminal jurisdiction (Criminal), not saved.
  [fetch] saved case_707.json (30039 chars, theories=L9_COMPROMISE_CODEFENDANT_EFFECT)
  [skip] Id 781 is criminal jurisdiction (Criminal), not saved.
  [fetch] saved case_794.json (22283 chars, theories=L9_COMPROMISE_CODEFENDANT_EFFECT)
  [compact] wrote E:\Mahfoz\Latest Advocacy\Resource\Judgements_Appeal38_2026\batch_46.json (23 cases), removed 23 loose file(s)
  [fetch] saved case_801.json (31468 chars, theories=L9_COMPROMISE_CODEFENDANT_EFFECT)
  [fetch] saved case_833.json (68252 chars, theories=L9_COMPROMISE_CODEFENDANT_EFFECT)
  [fetch] saved case_859.json (27031 chars, theories=L9_COMPROMISE_CODEFENDANT_EFFECT)
  [fetch] saved case_928.json (15887 chars, theories=L9_COMPROMISE_CODEFENDANT_EFFECT)
  [fetch] saved case_949.json (62479 chars, theories=L9_COMPROMISE_CODEFENDANT_EFFECT)
  progress: 25/346 for this group
  [fetch] saved case_980.json (47461 chars, theories=L9_COMPROMISE_CODEFENDANT_EFFECT)
  [fetch] saved case_989.json (14888 chars, theories=L9_COMPROMISE_CODEFENDANT_EFFECT)
  [skip] Id 1028 is criminal jurisdiction ((Criminal)), not saved.
  [fetch] saved case_1029.json (7204 chars, theories=L9_COMPROMISE_CODEFENDANT_EFFECT)
  [fetch] saved case_1034.json (25871 chars, theories=L9_COMPROMISE_CODEFENDANT_EFFECT)
  [fetch] saved case_1078.json (11580 chars, theories=L9_COMPROMISE_CODEFENDANT_EFFECT)
  [skip] Id 1120 is criminal jurisdiction ((Criminal)), not saved.
  [fetch] saved case_1190.json (20190 chars, theories=L9_COMPROMISE_CODEFENDANT_EFFECT)
  [fetch] saved case_1206.json (17911 chars, theories=L9_COMPROMISE_CODEFENDANT_EFFECT)
  [fetch] saved case_1214.json (16163 chars, theories=L9_COMPROMISE_CODEFENDANT_EFFECT)
  [fetch] saved case_1221.json (31472 chars, theories=L9_COMPROMISE_CODEFENDANT_EFFECT)
  [fetch] saved case_1253.json (38405 chars, theories=L9_COMPROMISE_CODEFENDANT_EFFECT)
  [fetch] saved case_1330.json (29646 chars, theories=L9_COMPROMISE_CODEFENDANT_EFFECT)
  [fetch] saved case_1347.json (16029 chars, theories=L9_COMPROMISE_CODEFENDANT_EFFECT)
  [fetch] saved case_1390.json (23839 chars, theories=L9_COMPROMISE_CODEFENDANT_EFFECT)
  [fetch] saved case_1575.json (19149 chars, theories=L9_COMPROMISE_CODEFENDANT_EFFECT)
  [fetch] saved case_1589.json (23398 chars, theories=L9_COMPROMISE_CODEFENDANT_EFFECT)
  [fetch] saved case_1601.json (26426 chars, theories=L9_COMPROMISE_CODEFENDANT_EFFECT)
  [fetch] saved case_1618.json (13979 chars, theories=L9_COMPROMISE_CODEFENDANT_EFFECT)
  [fetch] saved case_1650.json (18027 chars, theories=L9_COMPROMISE_CODEFENDANT_EFFECT)
  [fetch] saved case_1661.json (11186 chars, theories=L9_COMPROMISE_CODEFENDANT_EFFECT)
  [fetch] saved case_1814.json (6129 chars, theories=L9_COMPROMISE_CODEFENDANT_EFFECT)
  [fetch] saved case_1869.json (19739 chars, theories=L9_COMPROMISE_CODEFENDANT_EFFECT)
  [fetch] saved case_1879.json (11318 chars, theories=L9_COMPROMISE_CODEFENDANT_EFFECT)
  [fetch] saved case_1966.json (7670 chars, theories=L9_COMPROMISE_CODEFENDANT_EFFECT)
  progress: 50/346 for this group
  [fetch] saved case_2130.json (12990 chars, theories=L9_COMPROMISE_CODEFENDANT_EFFECT)
  [fetch] saved case_2342.json (47947 chars, theories=L9_COMPROMISE_CODEFENDANT_EFFECT)
  [fetch] saved case_2350.json (20376 chars, theories=L9_COMPROMISE_CODEFENDANT_EFFECT)
  [fetch] saved case_2392.json (14428 chars, theories=L9_COMPROMISE_CODEFENDANT_EFFECT)
  [fetch] saved case_2525.json (9244 chars, theories=L9_COMPROMISE_CODEFENDANT_EFFECT)
  [fetch] saved case_2581.json (22285 chars, theories=L9_COMPROMISE_CODEFENDANT_EFFECT)
  [fetch] saved case_2583.json (15257 chars, theories=L9_COMPROMISE_CODEFENDANT_EFFECT)
  [fetch] saved case_2682.json (12234 chars, theories=L9_COMPROMISE_CODEFENDANT_EFFECT)
  [fetch] saved case_2694.json (30377 chars, theories=L9_COMPROMISE_CODEFENDANT_EFFECT)
  [fetch] saved case_2806.json (55840 chars, theories=L9_COMPROMISE_CODEFENDANT_EFFECT)
  [compact] wrote E:\Mahfoz\Latest Advocacy\Resource\Judgements_Appeal38_2026\batch_47.json (38 cases), removed 38 loose file(s)
  [fetch] saved case_2833.json (15737 chars, theories=L9_COMPROMISE_CODEFENDANT_EFFECT)
  [fetch] saved case_2853.json (9777 chars, theories=L9_COMPROMISE_CODEFENDANT_EFFECT)
  [fetch] saved case_2919.json (25723 chars, theories=L9_COMPROMISE_CODEFENDANT_EFFECT)
  [fetch] saved case_2928.json (21829 chars, theories=L9_COMPROMISE_CODEFENDANT_EFFECT)
  [fetch] saved case_3016.json (34812 chars, theories=L9_COMPROMISE_CODEFENDANT_EFFECT)
  [fetch] saved case_3056.json (18331 chars, theories=L9_COMPROMISE_CODEFENDANT_EFFECT)
  [fetch] saved case_3059.json (15217 chars, theories=L9_COMPROMISE_CODEFENDANT_EFFECT)
  [fetch] saved case_3221.json (24120 chars, theories=L9_COMPROMISE_CODEFENDANT_EFFECT)
  [fetch] saved case_3243.json (13725 chars, theories=L9_COMPROMISE_CODEFENDANT_EFFECT)
  [fetch] saved case_3290.json (7095 chars, theories=L9_COMPROMISE_CODEFENDANT_EFFECT)
  [fetch] saved case_3301.json (20437 chars, theories=L9_COMPROMISE_CODEFENDANT_EFFECT)
  [fetch] saved case_3321.json (35093 chars, theories=L9_COMPROMISE_CODEFENDANT_EFFECT)
  [fetch] saved case_3328.json (13339 chars, theories=L9_COMPROMISE_CODEFENDANT_EFFECT)
  [fetch] saved case_3399.json (19804 chars, theories=L9_COMPROMISE_CODEFENDANT_EFFECT)
  [fetch] saved case_3506.json (23718 chars, theories=L9_COMPROMISE_CODEFENDANT_EFFECT)
  progress: 75/346 for this group
  [fetch] saved case_3559.json (6768 chars, theories=L9_COMPROMISE_CODEFENDANT_EFFECT)
  [fetch] saved case_3619.json (25100 chars, theories=L9_COMPROMISE_CODEFENDANT_EFFECT)
  [fetch] saved case_3631.json (8359 chars, theories=L9_COMPROMISE_CODEFENDANT_EFFECT)
  [fetch] saved case_3714.json (22556 chars, theories=L9_COMPROMISE_CODEFENDANT_EFFECT)
  [fetch] saved case_3728.json (29914 chars, theories=L9_COMPROMISE_CODEFENDANT_EFFECT)
  [compact] wrote E:\Mahfoz\Latest Advocacy\Resource\Judgements_Appeal38_2026\batch_48.json (20 cases), removed 20 loose file(s)
  [fetch] saved case_3916.json (8228 chars, theories=L9_COMPROMISE_CODEFENDANT_EFFECT)
  [fetch] saved case_4084.json (19122 chars, theories=L9_COMPROMISE_CODEFENDANT_EFFECT)
  [fetch] saved case_4111.json (6707 chars, theories=L9_COMPROMISE_CODEFENDANT_EFFECT)
  [fetch] saved case_4139.json (30361 chars, theories=L9_COMPROMISE_CODEFENDANT_EFFECT)
  [fetch] saved case_4159.json (8057 chars, theories=L9_COMPROMISE_CODEFENDANT_EFFECT)
  [fetch] saved case_4324.json (15045 chars, theories=L9_COMPROMISE_CODEFENDANT_EFFECT)
  [fetch] saved case_4437.json (29477 chars, theories=L9_COMPROMISE_CODEFENDANT_EFFECT)
  [fetch] saved case_4494.json (13987 chars, theories=L9_COMPROMISE_CODEFENDANT_EFFECT)
  [fetch] saved case_4524.json (21474 chars, theories=L9_COMPROMISE_CODEFENDANT_EFFECT)
  [fetch] saved case_4578.json (16984 chars, theories=L9_COMPROMISE_CODEFENDANT_EFFECT)
  [fetch] saved case_4672.json (27662 chars, theories=L9_COMPROMISE_CODEFENDANT_EFFECT)
  [fetch] saved case_4673.json (6360 chars, theories=L9_COMPROMISE_CODEFENDANT_EFFECT)
  [fetch] saved case_4682.json (21597 chars, theories=L9_COMPROMISE_CODEFENDANT_EFFECT)
  [fetch] saved case_4746.json (12514 chars, theories=L9_COMPROMISE_CODEFENDANT_EFFECT)
  [fetch] saved case_4756.json (18613 chars, theories=L9_COMPROMISE_CODEFENDANT_EFFECT)
  [fetch] saved case_4758.json (22653 chars, theories=L9_COMPROMISE_CODEFENDANT_EFFECT)
  [fetch] saved case_4826.json (27468 chars, theories=L9_COMPROMISE_CODEFENDANT_EFFECT)
  [fetch] saved case_4948.json (15923 chars, theories=L9_COMPROMISE_CODEFENDANT_EFFECT)
  [fetch] saved case_4988.json (94297 chars, theories=L9_COMPROMISE_CODEFENDANT_EFFECT)
  [fetch] saved case_5019.json (20857 chars, theories=L9_COMPROMISE_CODEFENDANT_EFFECT)
  progress: 100/346 for this group
  [compact] wrote E:\Mahfoz\Latest Advocacy\Resource\Judgements_Appeal38_2026\batch_49.json (20 cases), removed 20 loose file(s)
  [fetch] saved case_5035.json (45039 chars, theories=L9_COMPROMISE_CODEFENDANT_EFFECT)
  [fetch] saved case_5042.json (19622 chars, theories=L9_COMPROMISE_CODEFENDANT_EFFECT)
  [fetch] saved case_5060.json (26259 chars, theories=L9_COMPROMISE_CODEFENDANT_EFFECT)
  [fetch] saved case_5115.json (9836 chars, theories=L9_COMPROMISE_CODEFENDANT_EFFECT)
  [fetch] saved case_5118.json (33351 chars, theories=L9_COMPROMISE_CODEFENDANT_EFFECT)
  [fetch] saved case_5122.json (14900 chars, theories=L9_COMPROMISE_CODEFENDANT_EFFECT)
  [fetch] saved case_5130.json (21404 chars, theories=L9_COMPROMISE_CODEFENDANT_EFFECT)
  [fetch] saved case_5169.json (12722 chars, theories=L9_COMPROMISE_CODEFENDANT_EFFECT)
  [fetch] saved case_5220.json (18189 chars, theories=L9_COMPROMISE_CODEFENDANT_EFFECT)
  [fetch] saved case_5248.json (17734 chars, theories=L9_COMPROMISE_CODEFENDANT_EFFECT)
  [fetch] saved case_5260.json (20467 chars, theories=L9_COMPROMISE_CODEFENDANT_EFFECT)
  [fetch] saved case_5261.json (18743 chars, theories=L9_COMPROMISE_CODEFENDANT_EFFECT)
  [fetch] saved case_5305.json (20994 chars, theories=L9_COMPROMISE_CODEFENDANT_EFFECT)
  [fetch] saved case_5306.json (14625 chars, theories=L9_COMPROMISE_CODEFENDANT_EFFECT)
  [fetch] saved case_5451.json (13692 chars, theories=L9_COMPROMISE_CODEFENDANT_EFFECT)
  [fetch] saved case_5488.json (117639 chars, theories=L9_COMPROMISE_CODEFENDANT_EFFECT)
  [skip] Id 5506 is criminal jurisdiction ((Criminal Revision Jurisdiction)), not saved.
  [fetch] saved case_5615.json (26196 chars, theories=L9_COMPROMISE_CODEFENDANT_EFFECT)
  [fetch] saved case_5657.json (6799 chars, theories=L9_COMPROMISE_CODEFENDANT_EFFECT)
  [fetch] saved case_5668.json (16548 chars, theories=L9_COMPROMISE_CODEFENDANT_EFFECT)
  [fetch] saved case_5679.json (19602 chars, theories=L9_COMPROMISE_CODEFENDANT_EFFECT)
  [fetch] saved case_5827.json (23311 chars, theories=L9_COMPROMISE_CODEFENDANT_EFFECT)
  [fetch] saved case_5846.json (3358 chars, theories=L9_COMPROMISE_CODEFENDANT_EFFECT)
  [fetch] saved case_5879.json (49411 chars, theories=L9_COMPROMISE_CODEFENDANT_EFFECT)
  [fetch] saved case_5907.json (19266 chars, theories=L9_COMPROMISE_CODEFENDANT_EFFECT)
  progress: 125/346 for this group
  [fetch] saved case_5920.json (15915 chars, theories=L9_COMPROMISE_CODEFENDANT_EFFECT)
  [fetch] saved case_5969.json (76936 chars, theories=L9_COMPROMISE_CODEFENDANT_EFFECT)
  [fetch] saved case_6082.json (33188 chars, theories=L9_COMPROMISE_CODEFENDANT_EFFECT)
  [fetch] saved case_6148.json (15340 chars, theories=L9_COMPROMISE_CODEFENDANT_EFFECT)
  [fetch] saved case_6166.json (16284 chars, theories=L9_COMPROMISE_CODEFENDANT_EFFECT)
  [fetch] saved case_6189.json (13418 chars, theories=L9_COMPROMISE_CODEFENDANT_EFFECT)
  [fetch] saved case_6225.json (13448 chars, theories=L9_COMPROMISE_CODEFENDANT_EFFECT)
  [fetch] saved case_6327.json (22292 chars, theories=L9_COMPROMISE_CODEFENDANT_EFFECT)
  [fetch] saved case_6360.json (50633 chars, theories=L9_COMPROMISE_CODEFENDANT_EFFECT)
  [fetch] saved case_6449.json (14824 chars, theories=L9_COMPROMISE_CODEFENDANT_EFFECT)
  [fetch] saved case_6464.json (22173 chars, theories=L9_COMPROMISE_CODEFENDANT_EFFECT)
  [fetch] saved case_6484.json (20378 chars, theories=L9_COMPROMISE_CODEFENDANT_EFFECT)
  [fetch] saved case_6538.json (5146 chars, theories=L9_COMPROMISE_CODEFENDANT_EFFECT)
  [fetch] saved case_6683.json (10009 chars, theories=L9_COMPROMISE_CODEFENDANT_EFFECT)
  [fetch] saved case_6791.json (15569 chars, theories=L9_COMPROMISE_CODEFENDANT_EFFECT)
  [compact] wrote E:\Mahfoz\Latest Advocacy\Resource\Judgements_Appeal38_2026\batch_50.json (39 cases), removed 39 loose file(s)
  [fetch] saved case_6845.json (8165 chars, theories=L9_COMPROMISE_CODEFENDANT_EFFECT)
  [fetch] saved case_6849.json (9131 chars, theories=L9_COMPROMISE_CODEFENDANT_EFFECT)
  [fetch] saved case_6869.json (15616 chars, theories=L9_COMPROMISE_CODEFENDANT_EFFECT)
  [fetch] saved case_6888.json (13446 chars, theories=L9_COMPROMISE_CODEFENDANT_EFFECT)
  [fetch] saved case_6902.json (39185 chars, theories=L9_COMPROMISE_CODEFENDANT_EFFECT)
  [fetch] saved case_6906.json (25373 chars, theories=L9_COMPROMISE_CODEFENDANT_EFFECT)
  [fetch] saved case_6933.json (22661 chars, theories=L9_COMPROMISE_CODEFENDANT_EFFECT)
  [fetch] saved case_6935.json (13693 chars, theories=L9_COMPROMISE_CODEFENDANT_EFFECT)
  [fetch] saved case_6942.json (19236 chars, theories=L9_COMPROMISE_CODEFENDANT_EFFECT)
  [fetch] saved case_7062.json (19126 chars, theories=L9_COMPROMISE_CODEFENDANT_EFFECT)
  progress: 150/346 for this group
  [fetch] saved case_7074.json (18152 chars, theories=L9_COMPROMISE_CODEFENDANT_EFFECT)
  [fetch] saved case_7133.json (19174 chars, theories=L9_COMPROMISE_CODEFENDANT_EFFECT)
  [fetch] saved case_7199.json (12346 chars, theories=L9_COMPROMISE_CODEFENDANT_EFFECT)
  [fetch] saved case_7225.json (21169 chars, theories=L9_COMPROMISE_CODEFENDANT_EFFECT)
  [fetch] saved case_7247.json (24506 chars, theories=L9_COMPROMISE_CODEFENDANT_EFFECT)
  [fetch] saved case_7286.json (29161 chars, theories=L9_COMPROMISE_CODEFENDANT_EFFECT)
  [fetch] saved case_7312.json (32391 chars, theories=L9_COMPROMISE_CODEFENDANT_EFFECT)
  [fetch] saved case_7358.json (39275 chars, theories=L9_COMPROMISE_CODEFENDANT_EFFECT)
  [fetch] saved case_7399.json (28989 chars, theories=L9_COMPROMISE_CODEFENDANT_EFFECT)
  [fetch] saved case_7459.json (20295 chars, theories=L9_COMPROMISE_CODEFENDANT_EFFECT)
  [compact] wrote E:\Mahfoz\Latest Advocacy\Resource\Judgements_Appeal38_2026\batch_51.json (20 cases), removed 20 loose file(s)
  [fetch] saved case_7481.json (25689 chars, theories=L9_COMPROMISE_CODEFENDANT_EFFECT)
  [fetch] saved case_7642.json (14629 chars, theories=L9_COMPROMISE_CODEFENDANT_EFFECT)
  [fetch] saved case_7669.json (11511 chars, theories=L9_COMPROMISE_CODEFENDANT_EFFECT)
  [fetch] saved case_7761.json (18118 chars, theories=L9_COMPROMISE_CODEFENDANT_EFFECT)
  [fetch] saved case_7768.json (20037 chars, theories=L9_COMPROMISE_CODEFENDANT_EFFECT)
  [fetch] saved case_7791.json (16204 chars, theories=L9_COMPROMISE_CODEFENDANT_EFFECT)
  [fetch] saved case_7814.json (25142 chars, theories=L9_COMPROMISE_CODEFENDANT_EFFECT)
  [fetch] saved case_7850.json (27416 chars, theories=L9_COMPROMISE_CODEFENDANT_EFFECT)
  [fetch] saved case_7856.json (32727 chars, theories=L9_COMPROMISE_CODEFENDANT_EFFECT)
  [fetch] saved case_7876.json (4941 chars, theories=L9_COMPROMISE_CODEFENDANT_EFFECT)
  [fetch] saved case_7903.json (17550 chars, theories=L9_COMPROMISE_CODEFENDANT_EFFECT)
  [fetch] saved case_7928.json (29392 chars, theories=L9_COMPROMISE_CODEFENDANT_EFFECT)
  [fetch] saved case_7933.json (29921 chars, theories=L9_COMPROMISE_CODEFENDANT_EFFECT)
  [fetch] saved case_7988.json (28402 chars, theories=L9_COMPROMISE_CODEFENDANT_EFFECT)
  [fetch] saved case_8220.json (11417 chars, theories=L9_COMPROMISE_CODEFENDANT_EFFECT)
  progress: 175/346 for this group
  [fetch] saved case_8231.json (43389 chars, theories=L9_COMPROMISE_CODEFENDANT_EFFECT)
  [fetch] saved case_8406.json (17209 chars, theories=L9_COMPROMISE_CODEFENDANT_EFFECT)
  [fetch] saved case_8495.json (17850 chars, theories=L9_COMPROMISE_CODEFENDANT_EFFECT)
  [fetch] saved case_8524.json (17277 chars, theories=L9_COMPROMISE_CODEFENDANT_EFFECT)
  [fetch] saved case_8554.json (45658 chars, theories=L9_COMPROMISE_CODEFENDANT_EFFECT)
  [compact] wrote E:\Mahfoz\Latest Advocacy\Resource\Judgements_Appeal38_2026\batch_52.json (20 cases), removed 20 loose file(s)
  [fetch] saved case_8602.json (18285 chars, theories=L9_COMPROMISE_CODEFENDANT_EFFECT)
  [fetch] saved case_8691.json (25495 chars, theories=L9_COMPROMISE_CODEFENDANT_EFFECT)
  [fetch] saved case_8724.json (19822 chars, theories=L9_COMPROMISE_CODEFENDANT_EFFECT)
  [fetch] saved case_8728.json (20198 chars, theories=L9_COMPROMISE_CODEFENDANT_EFFECT)
  [fetch] saved case_8730.json (21604 chars, theories=L9_COMPROMISE_CODEFENDANT_EFFECT)
  [fetch] saved case_8752.json (22018 chars, theories=L9_COMPROMISE_CODEFENDANT_EFFECT)
  [fetch] saved case_8765.json (59761 chars, theories=L9_COMPROMISE_CODEFENDANT_EFFECT)
  [fetch] saved case_8791.json (27511 chars, theories=L9_COMPROMISE_CODEFENDANT_EFFECT)
  [fetch] saved case_8811.json (22112 chars, theories=L9_COMPROMISE_CODEFENDANT_EFFECT)
  [fetch] saved case_8831.json (9857 chars, theories=L9_COMPROMISE_CODEFENDANT_EFFECT)
  [fetch] saved case_8878.json (18592 chars, theories=L9_COMPROMISE_CODEFENDANT_EFFECT)
  [fetch] saved case_8910.json (30990 chars, theories=L9_COMPROMISE_CODEFENDANT_EFFECT)
  [fetch] saved case_8934.json (25628 chars, theories=L9_COMPROMISE_CODEFENDANT_EFFECT)
  [fetch] saved case_8947.json (31731 chars, theories=L9_COMPROMISE_CODEFENDANT_EFFECT)
  [fetch] saved case_8948.json (14663 chars, theories=L9_COMPROMISE_CODEFENDANT_EFFECT)
  [fetch] saved case_8966.json (31533 chars, theories=L9_COMPROMISE_CODEFENDANT_EFFECT)
  [fetch] saved case_9053.json (4904 chars, theories=L9_COMPROMISE_CODEFENDANT_EFFECT)
  [fetch] saved case_9139.json (20747 chars, theories=L9_COMPROMISE_CODEFENDANT_EFFECT)
  [fetch] saved case_9155.json (10418 chars, theories=L9_COMPROMISE_CODEFENDANT_EFFECT)
  [fetch] saved case_9165.json (31418 chars, theories=L9_COMPROMISE_CODEFENDANT_EFFECT)
  progress: 200/346 for this group
  [compact] wrote E:\Mahfoz\Latest Advocacy\Resource\Judgements_Appeal38_2026\batch_53.json (20 cases), removed 20 loose file(s)
  [fetch] saved case_9201.json (18495 chars, theories=L9_COMPROMISE_CODEFENDANT_EFFECT)
  [fetch] saved case_9224.json (8605 chars, theories=L9_COMPROMISE_CODEFENDANT_EFFECT)
  [fetch] saved case_9352.json (7844 chars, theories=L9_COMPROMISE_CODEFENDANT_EFFECT)
  [fetch] saved case_9369.json (3233 chars, theories=L9_COMPROMISE_CODEFENDANT_EFFECT)
  [fetch] saved case_9438.json (21604 chars, theories=L9_COMPROMISE_CODEFENDANT_EFFECT)
  [fetch] saved case_9445.json (10219 chars, theories=L9_COMPROMISE_CODEFENDANT_EFFECT)
  [fetch] saved case_9453.json (15553 chars, theories=L9_COMPROMISE_CODEFENDANT_EFFECT)
  [fetch] saved case_9494.json (10546 chars, theories=L9_COMPROMISE_CODEFENDANT_EFFECT)
  [fetch] saved case_9498.json (12905 chars, theories=L9_COMPROMISE_CODEFENDANT_EFFECT)
  [fetch] saved case_9507.json (43425 chars, theories=L9_COMPROMISE_CODEFENDANT_EFFECT)
  [skip] Id 9585 is criminal jurisdiction ((Criminal Revisional Jurisdiction)), not saved.
  [fetch] saved case_9667.json (20580 chars, theories=L9_COMPROMISE_CODEFENDANT_EFFECT)
  [fetch] saved case_9699.json (17756 chars, theories=L9_COMPROMISE_CODEFENDANT_EFFECT)
  [fetch] saved case_9731.json (25646 chars, theories=L9_COMPROMISE_CODEFENDANT_EFFECT)
  [fetch] saved case_9839.json (48239 chars, theories=L9_COMPROMISE_CODEFENDANT_EFFECT)
  [fetch] saved case_9853.json (34096 chars, theories=L9_COMPROMISE_CODEFENDANT_EFFECT)
  [fetch] saved case_9916.json (16333 chars, theories=L9_COMPROMISE_CODEFENDANT_EFFECT)
  [fetch] saved case_9990.json (18874 chars, theories=L9_COMPROMISE_CODEFENDANT_EFFECT)
  [fetch] saved case_10086.json (10615 chars, theories=L9_COMPROMISE_CODEFENDANT_EFFECT)
  [fetch] saved case_10236.json (15123 chars, theories=L9_COMPROMISE_CODEFENDANT_EFFECT)
  [fetch] saved case_10251.json (41089 chars, theories=L9_COMPROMISE_CODEFENDANT_EFFECT)
  [fetch] saved case_10254.json (10254 chars, theories=L9_COMPROMISE_CODEFENDANT_EFFECT)
  [fetch] saved case_10304.json (26197 chars, theories=L9_COMPROMISE_CODEFENDANT_EFFECT)
  [fetch] saved case_10415.json (16518 chars, theories=L9_COMPROMISE_CODEFENDANT_EFFECT)
  [fetch] saved case_10447.json (5520 chars, theories=L9_COMPROMISE_CODEFENDANT_EFFECT)
  progress: 225/346 for this group
  [fetch] saved case_10535.json (34351 chars, theories=L9_COMPROMISE_CODEFENDANT_EFFECT)
  [fetch] saved case_10542.json (11265 chars, theories=L9_COMPROMISE_CODEFENDANT_EFFECT)
  [fetch] saved case_10609.json (31046 chars, theories=L9_COMPROMISE_CODEFENDANT_EFFECT)
  [fetch] saved case_10695.json (44755 chars, theories=L9_COMPROMISE_CODEFENDANT_EFFECT)
  [fetch] saved case_10752.json (13183 chars, theories=L9_COMPROMISE_CODEFENDANT_EFFECT)
  [fetch] saved case_10760.json (18491 chars, theories=L9_COMPROMISE_CODEFENDANT_EFFECT)
  [fetch] saved case_10771.json (5584 chars, theories=L9_COMPROMISE_CODEFENDANT_EFFECT)
  [fetch] saved case_10779.json (21968 chars, theories=L9_COMPROMISE_CODEFENDANT_EFFECT)
  [fetch] saved case_10813.json (4743 chars, theories=L9_COMPROMISE_CODEFENDANT_EFFECT)
  [fetch] saved case_10854.json (17095 chars, theories=L9_COMPROMISE_CODEFENDANT_EFFECT)
  [fetch] saved case_10885.json (6657 chars, theories=L9_COMPROMISE_CODEFENDANT_EFFECT)
  [fetch] saved case_10950.json (8725 chars, theories=L9_COMPROMISE_CODEFENDANT_EFFECT)
  [fetch] saved case_10987.json (18317 chars, theories=L9_COMPROMISE_CODEFENDANT_EFFECT)
  [fetch] saved case_11038.json (14395 chars, theories=L9_COMPROMISE_CODEFENDANT_EFFECT)
  [fetch] saved case_11137.json (12300 chars, theories=L9_COMPROMISE_CODEFENDANT_EFFECT)
  [compact] wrote E:\Mahfoz\Latest Advocacy\Resource\Judgements_Appeal38_2026\batch_54.json (39 cases), removed 39 loose file(s)
  [fetch] saved case_11153.json (18695 chars, theories=L9_COMPROMISE_CODEFENDANT_EFFECT)
  [fetch] saved case_11158.json (31035 chars, theories=L9_COMPROMISE_CODEFENDANT_EFFECT)
  [fetch] saved case_11227.json (10467 chars, theories=L9_COMPROMISE_CODEFENDANT_EFFECT)
  [fetch] saved case_11251.json (13358 chars, theories=L9_COMPROMISE_CODEFENDANT_EFFECT)
  [fetch] saved case_11382.json (8723 chars, theories=L9_COMPROMISE_CODEFENDANT_EFFECT)
  [fetch] saved case_11471.json (37651 chars, theories=L9_COMPROMISE_CODEFENDANT_EFFECT)
  [fetch] saved case_11477.json (10691 chars, theories=L9_COMPROMISE_CODEFENDANT_EFFECT)
  [fetch] saved case_11490.json (17194 chars, theories=L9_COMPROMISE_CODEFENDANT_EFFECT)
  [fetch] saved case_11552.json (20917 chars, theories=L9_COMPROMISE_CODEFENDANT_EFFECT)
  [fetch] saved case_11641.json (7063 chars, theories=L9_COMPROMISE_CODEFENDANT_EFFECT)
  progress: 250/346 for this group
  [fetch] saved case_11673.json (17803 chars, theories=L9_COMPROMISE_CODEFENDANT_EFFECT)
  [fetch] saved case_11695.json (9051 chars, theories=L9_COMPROMISE_CODEFENDANT_EFFECT)
  [fetch] saved case_11724.json (29166 chars, theories=L9_COMPROMISE_CODEFENDANT_EFFECT)
  [fetch] saved case_11726.json (16784 chars, theories=L9_COMPROMISE_CODEFENDANT_EFFECT)
  [fetch] saved case_11758.json (12379 chars, theories=L9_COMPROMISE_CODEFENDANT_EFFECT)
  [fetch] saved case_11760.json (13122 chars, theories=L9_COMPROMISE_CODEFENDANT_EFFECT)
  [fetch] saved case_11856.json (11745 chars, theories=L9_COMPROMISE_CODEFENDANT_EFFECT)
  [fetch] saved case_11929.json (14603 chars, theories=L9_COMPROMISE_CODEFENDANT_EFFECT)
  [fetch] saved case_12202.json (26535 chars, theories=L9_COMPROMISE_CODEFENDANT_EFFECT)
  [fetch] saved case_12259.json (10531 chars, theories=L9_COMPROMISE_CODEFENDANT_EFFECT)
  [compact] wrote E:\Mahfoz\Latest Advocacy\Resource\Judgements_Appeal38_2026\batch_55.json (20 cases), removed 20 loose file(s)
  [fetch] saved case_12362.json (27296 chars, theories=L9_COMPROMISE_CODEFENDANT_EFFECT)
  [fetch] saved case_12415.json (11716 chars, theories=L9_COMPROMISE_CODEFENDANT_EFFECT)
  [fetch] saved case_12499.json (12023 chars, theories=L9_COMPROMISE_CODEFENDANT_EFFECT)
  [fetch] saved case_12612.json (8216 chars, theories=L9_COMPROMISE_CODEFENDANT_EFFECT)
  [fetch] saved case_12653.json (23408 chars, theories=L9_COMPROMISE_CODEFENDANT_EFFECT)
  [fetch] saved case_12707.json (12484 chars, theories=L9_COMPROMISE_CODEFENDANT_EFFECT)
  [fetch] saved case_12719.json (13947 chars, theories=L9_COMPROMISE_CODEFENDANT_EFFECT)
  [fetch] saved case_12727.json (10819 chars, theories=L9_COMPROMISE_CODEFENDANT_EFFECT)
  [fetch] saved case_12988.json (17306 chars, theories=L9_COMPROMISE_CODEFENDANT_EFFECT)
  [fetch] saved case_13021.json (21234 chars, theories=L9_COMPROMISE_CODEFENDANT_EFFECT)
  [fetch] saved case_13028.json (21793 chars, theories=L9_COMPROMISE_CODEFENDANT_EFFECT)
  [fetch] saved case_13088.json (12239 chars, theories=L9_COMPROMISE_CODEFENDANT_EFFECT)
  [fetch] saved case_13104.json (11691 chars, theories=L9_COMPROMISE_CODEFENDANT_EFFECT)
  [fetch] saved case_13294.json (24211 chars, theories=L9_COMPROMISE_CODEFENDANT_EFFECT)
  [fetch] saved case_13424.json (7294 chars, theories=L9_COMPROMISE_CODEFENDANT_EFFECT)
  progress: 275/346 for this group
  [fetch] saved case_13496.json (12963 chars, theories=L9_COMPROMISE_CODEFENDANT_EFFECT)
  [fetch] saved case_13605.json (26314 chars, theories=L9_COMPROMISE_CODEFENDANT_EFFECT)
  [fetch] saved case_13609.json (18342 chars, theories=L9_COMPROMISE_CODEFENDANT_EFFECT)
  [fetch] saved case_13635.json (26224 chars, theories=L9_COMPROMISE_CODEFENDANT_EFFECT)
  [fetch] saved case_13676.json (16128 chars, theories=L9_COMPROMISE_CODEFENDANT_EFFECT)
  [compact] wrote E:\Mahfoz\Latest Advocacy\Resource\Judgements_Appeal38_2026\batch_56.json (20 cases), removed 20 loose file(s)
  [fetch] saved case_13689.json (8381 chars, theories=L9_COMPROMISE_CODEFENDANT_EFFECT)
  [fetch] saved case_13848.json (10494 chars, theories=L9_COMPROMISE_CODEFENDANT_EFFECT)
  [fetch] saved case_13856.json (28224 chars, theories=L9_COMPROMISE_CODEFENDANT_EFFECT)
  [fetch] saved case_13889.json (23944 chars, theories=L9_COMPROMISE_CODEFENDANT_EFFECT)
  [fetch] saved case_13953.json (31349 chars, theories=L9_COMPROMISE_CODEFENDANT_EFFECT)
  [fetch] saved case_13986.json (29246 chars, theories=L9_COMPROMISE_CODEFENDANT_EFFECT)
  [fetch] saved case_13990.json (10922 chars, theories=L9_COMPROMISE_CODEFENDANT_EFFECT)
  [fetch] saved case_14122.json (16435 chars, theories=L9_COMPROMISE_CODEFENDANT_EFFECT)
  [fetch] saved case_14164.json (36291 chars, theories=L9_COMPROMISE_CODEFENDANT_EFFECT)
  [fetch] saved case_14192.json (12482 chars, theories=L9_COMPROMISE_CODEFENDANT_EFFECT)
  [fetch] saved case_14301.json (46010 chars, theories=L9_COMPROMISE_CODEFENDANT_EFFECT)
  [fetch] saved case_14310.json (58309 chars, theories=L9_COMPROMISE_CODEFENDANT_EFFECT)
  [fetch] saved case_14401.json (43852 chars, theories=L9_COMPROMISE_CODEFENDANT_EFFECT)
  [fetch] saved case_14516.json (17074 chars, theories=L9_COMPROMISE_CODEFENDANT_EFFECT)
  [fetch] saved case_14633.json (37217 chars, theories=L9_COMPROMISE_CODEFENDANT_EFFECT)
  [fetch] saved case_14645.json (23082 chars, theories=L9_COMPROMISE_CODEFENDANT_EFFECT)
  [fetch] saved case_14888.json (10172 chars, theories=L9_COMPROMISE_CODEFENDANT_EFFECT)
  [fetch] saved case_14919.json (10706 chars, theories=L9_COMPROMISE_CODEFENDANT_EFFECT)
  [fetch] saved case_14937.json (47689 chars, theories=L9_COMPROMISE_CODEFENDANT_EFFECT)
  [fetch] saved case_15051.json (31236 chars, theories=L9_COMPROMISE_CODEFENDANT_EFFECT)
  progress: 300/346 for this group
  [compact] wrote E:\Mahfoz\Latest Advocacy\Resource\Judgements_Appeal38_2026\batch_57.json (20 cases), removed 20 loose file(s)
  [fetch] saved case_15114.json (30805 chars, theories=L9_COMPROMISE_CODEFENDANT_EFFECT)
  [fetch] saved case_15253.json (18564 chars, theories=L9_COMPROMISE_CODEFENDANT_EFFECT)
  [fetch] saved case_15292.json (19543 chars, theories=L9_COMPROMISE_CODEFENDANT_EFFECT)
  [fetch] saved case_15321.json (28550 chars, theories=L9_COMPROMISE_CODEFENDANT_EFFECT)
  [fetch] saved case_15496.json (37045 chars, theories=L9_COMPROMISE_CODEFENDANT_EFFECT)
  [fetch] saved case_15544.json (37122 chars, theories=L9_COMPROMISE_CODEFENDANT_EFFECT)
  [fetch] saved case_15585.json (39193 chars, theories=L9_COMPROMISE_CODEFENDANT_EFFECT)
  [fetch] saved case_15589.json (12983 chars, theories=L9_COMPROMISE_CODEFENDANT_EFFECT)
  [fetch] saved case_15652.json (20706 chars, theories=L9_COMPROMISE_CODEFENDANT_EFFECT)
  [fetch] saved case_15704.json (15006 chars, theories=L9_COMPROMISE_CODEFENDANT_EFFECT)
  [fetch] saved case_15728.json (27621 chars, theories=L9_COMPROMISE_CODEFENDANT_EFFECT)
  [fetch] saved case_15814.json (16331 chars, theories=L9_COMPROMISE_CODEFENDANT_EFFECT)
  [fetch] saved case_15951.json (57054 chars, theories=L9_COMPROMISE_CODEFENDANT_EFFECT)
  [fetch] saved case_15974.json (15744 chars, theories=L9_COMPROMISE_CODEFENDANT_EFFECT)
  [fetch] saved case_16064.json (24645 chars, theories=L9_COMPROMISE_CODEFENDANT_EFFECT)
  [fetch] saved case_16152.json (26263 chars, theories=L9_COMPROMISE_CODEFENDANT_EFFECT)
  [fetch] saved case_16209.json (27654 chars, theories=L9_COMPROMISE_CODEFENDANT_EFFECT)
  [fetch] saved case_16231.json (45638 chars, theories=L9_COMPROMISE_CODEFENDANT_EFFECT)
  [fetch] saved case_16244.json (13938 chars, theories=L9_COMPROMISE_CODEFENDANT_EFFECT)
  [fetch] saved case_16298.json (18959 chars, theories=L9_COMPROMISE_CODEFENDANT_EFFECT)
  [compact] wrote E:\Mahfoz\Latest Advocacy\Resource\Judgements_Appeal38_2026\batch_58.json (20 cases), removed 20 loose file(s)
  [fetch] saved case_16495.json (18727 chars, theories=L9_COMPROMISE_CODEFENDANT_EFFECT)
  [fetch] saved case_16586.json (55003 chars, theories=L9_COMPROMISE_CODEFENDANT_EFFECT)
  [fetch] saved case_16679.json (13284 chars, theories=L9_COMPROMISE_CODEFENDANT_EFFECT)
  [fetch] saved case_16743.json (18696 chars, theories=L9_COMPROMISE_CODEFENDANT_EFFECT)
  [fetch] saved case_16849.json (16575 chars, theories=L9_COMPROMISE_CODEFENDANT_EFFECT)
  progress: 325/346 for this group
  [fetch] saved case_17032.json (32746 chars, theories=L9_COMPROMISE_CODEFENDANT_EFFECT)
  [fetch] saved case_17051.json (15461 chars, theories=L9_COMPROMISE_CODEFENDANT_EFFECT)
  [fetch] saved case_17068.json (33330 chars, theories=L9_COMPROMISE_CODEFENDANT_EFFECT)
  [fetch] saved case_17094.json (20403 chars, theories=L9_COMPROMISE_CODEFENDANT_EFFECT)
  [fetch] saved case_17227.json (16585 chars, theories=L9_COMPROMISE_CODEFENDANT_EFFECT)
  [fetch] saved case_17481.json (92023 chars, theories=L9_COMPROMISE_CODEFENDANT_EFFECT)
  [fetch] saved case_17641.json (31703 chars, theories=L9_COMPROMISE_CODEFENDANT_EFFECT)
  [skip] Id 17652 is criminal jurisdiction ((Criminal Appellate Jurisdiction)), not saved.
  [fetch] saved case_17698.json (17824 chars, theories=L9_COMPROMISE_CODEFENDANT_EFFECT)
  [fetch] saved case_17710.json (20955 chars, theories=L9_COMPROMISE_CODEFENDANT_EFFECT)
  [fetch] saved case_17718.json (15213 chars, theories=L9_COMPROMISE_CODEFENDANT_EFFECT)
  [fetch] saved case_17720.json (8482 chars, theories=L9_COMPROMISE_CODEFENDANT_EFFECT)
  [fetch] saved case_17762.json (62800 chars, theories=L9_COMPROMISE_CODEFENDANT_EFFECT)
  [fetch] saved case_17910.json (25196 chars, theories=L9_COMPROMISE_CODEFENDANT_EFFECT)
  [fetch] saved case_17916.json (9409 chars, theories=L9_COMPROMISE_CODEFENDANT_EFFECT)
  [fetch] saved case_17947.json (10130 chars, theories=L9_COMPROMISE_CODEFENDANT_EFFECT)
  [fetch] saved case_17972.json (47321 chars, theories=L9_COMPROMISE_CODEFENDANT_EFFECT)
  [fetch] saved case_18083.json (20086 chars, theories=L9_COMPROMISE_CODEFENDANT_EFFECT)
  [fetch] saved case_18098.json (15156 chars, theories=L9_COMPROMISE_CODEFENDANT_EFFECT)
  [fetch] saved case_18189.json (13550 chars, theories=L9_COMPROMISE_CODEFENDANT_EFFECT)
  [fetch] saved case_19210.json (27218 chars, theories=L9_COMPROMISE_CODEFENDANT_EFFECT)
  [compact] wrote E:\Mahfoz\Latest Advocacy\Resource\Judgements_Appeal38_2026\batch_59.json (25 cases), removed 25 loose file(s)

--- Theory: L10_APPROBATE_REPROBATE_ESTOPPEL ---
  [discover] L10_APPROBATE_REPROBATE_ESTOPPEL :: "approbate and reprobate" page 1 -> 20 items, candidates so far: 2681
  [discover] L10_APPROBATE_REPROBATE_ESTOPPEL :: "approbate and reprobate" page 2 -> 20 items, candidates so far: 2693
  [discover] L10_APPROBATE_REPROBATE_ESTOPPEL :: "approbate and reprobate" page 3 -> 5 items, candidates so far: 2695
  [discover] L10_APPROBATE_REPROBATE_ESTOPPEL :: "party cannot blow hot and cold" page 1 -> 20 items, candidates so far: 2708
  [discover] L10_APPROBATE_REPROBATE_ESTOPPEL :: "party cannot blow hot and cold" page 2 -> 20 items, candidates so far: 2722
  [discover] L10_APPROBATE_REPROBATE_ESTOPPEL :: "party cannot blow hot and cold" page 3 -> 20 items, candidates so far: 2737
  [discover] L10_APPROBATE_REPROBATE_ESTOPPEL :: "party cannot blow hot and cold" page 4 -> 15 items, candidates so far: 2751
  [discover] L10_APPROBATE_REPROBATE_ESTOPPEL :: "estoppel inconsistent stand own document" page 1 -> 19 items, candidates so far: 2758
  [discover] L10_APPROBATE_REPROBATE_ESTOPPEL :: "registered deed contradicts own case" page 1 -> 20 items, candidates so far: 2764
  [discover] L10_APPROBATE_REPROBATE_ESTOPPEL :: "registered deed contradicts own case" page 2 -> 20 items, candidates so far: 2773
  [discover] L10_APPROBATE_REPROBATE_ESTOPPEL :: "registered deed contradicts own case" page 3 -> 20 items, candidates so far: 2782
  [discover] L10_APPROBATE_REPROBATE_ESTOPPEL :: "registered deed contradicts own case" page 4 -> 20 items, candidates so far: 2786
  [discover] L10_APPROBATE_REPROBATE_ESTOPPEL :: "registered deed contradicts own case" page 5 -> 20 items, candidates so far: 2799
  [discover] L10_APPROBATE_REPROBATE_ESTOPPEL :: "registered deed contradicts own case" page 6 -> 20 items, candidates so far: 2811
  [discover] L10_APPROBATE_REPROBATE_ESTOPPEL :: "নিজের দলিলের সঙ্গে অসামঞ্জস্যপূর্ণ দাবি" page 1 -> 2 items, candidates so far: 2811
  [discover] L10_APPROBATE_REPROBATE_ESTOPPEL :: "একই সঙ্গে দুই বিপরীত অবস্থান গ্রহণ করা যায় না" page 1 -> 16 items, candidates so far: 2812
  [retrieve] L10_APPROBATE_REPROBATE_ESTOPPEL discovery done, 147 case(s) awaiting full text...
  [fetch] saved case_2.json (61425 chars, theories=L10_APPROBATE_REPROBATE_ESTOPPEL)
  [skip] Id 32 is criminal jurisdiction ((Criminal)), not saved.
  [fetch] saved case_53.json (16074 chars, theories=L10_APPROBATE_REPROBATE_ESTOPPEL)
  [fetch] saved case_63.json (167773 chars, theories=L10_APPROBATE_REPROBATE_ESTOPPEL)
  [fetch] saved case_90.json (17900 chars, theories=L10_APPROBATE_REPROBATE_ESTOPPEL)
  [fetch] saved case_339.json (16726 chars, theories=L10_APPROBATE_REPROBATE_ESTOPPEL)
  [fetch] saved case_458.json (30360 chars, theories=L10_APPROBATE_REPROBATE_ESTOPPEL)
  [fetch] saved case_619.json (69546 chars, theories=L10_APPROBATE_REPROBATE_ESTOPPEL)
  [fetch] saved case_766.json (22919 chars, theories=L10_APPROBATE_REPROBATE_ESTOPPEL)
  [fetch] saved case_786.json (41419 chars, theories=L10_APPROBATE_REPROBATE_ESTOPPEL)
  [fetch] saved case_929.json (111041 chars, theories=L10_APPROBATE_REPROBATE_ESTOPPEL)
  [fetch] saved case_1048.json (18700 chars, theories=L10_APPROBATE_REPROBATE_ESTOPPEL)
  [fetch] saved case_1057.json (27727 chars, theories=L10_APPROBATE_REPROBATE_ESTOPPEL)
  [fetch] saved case_1448.json (12171 chars, theories=L10_APPROBATE_REPROBATE_ESTOPPEL)
  [skip] Id 1579 is criminal jurisdiction ((Criminal Appellate Jurisdiction)), not saved.
  [skip] Id 1624 is criminal jurisdiction ((Criminal Revisional Jurisdiction)), not saved.
  [fetch] saved case_1658.json (12548 chars, theories=L10_APPROBATE_REPROBATE_ESTOPPEL)
  [fetch] saved case_1671.json (12710 chars, theories=L10_APPROBATE_REPROBATE_ESTOPPEL)
  [fetch] saved case_1752.json (45919 chars, theories=L10_APPROBATE_REPROBATE_ESTOPPEL)
  [fetch] saved case_1763.json (24804 chars, theories=L10_APPROBATE_REPROBATE_ESTOPPEL)
  [skip] Id 1932 is criminal jurisdiction ((Criminal Appeal Jurisdiction)), not saved.
  [fetch] saved case_1953.json (100608 chars, theories=L10_APPROBATE_REPROBATE_ESTOPPEL)
  [skip] Id 2060 is criminal jurisdiction ((Criminal Appellate Jurisdiction)), not saved.
  [fetch] saved case_2696.json (12335 chars, theories=L10_APPROBATE_REPROBATE_ESTOPPEL)
  [skip] Id 2861 is criminal jurisdiction ((Criminal Appellate Jurisdiction)), not saved.
  progress: 25/147 for this group
  [fetch] saved case_2952.json (29403 chars, theories=L10_APPROBATE_REPROBATE_ESTOPPEL)
  [skip] Id 3431 is criminal jurisdiction ((Criminal Appellate Jurisdiction)), not saved.
  [fetch] saved case_3495.json (14775 chars, theories=L10_APPROBATE_REPROBATE_ESTOPPEL)
  [fetch] saved case_3829.json (24144 chars, theories=L10_APPROBATE_REPROBATE_ESTOPPEL)
  [skip] Id 4030 is criminal jurisdiction ((Criminal Appellate Jurisdiction)), not saved.
  [skip] Id 4149 is criminal jurisdiction ((Criminal Appellate Jurisdiction)), not saved.
  [fetch] saved case_4225.json (141144 chars, theories=L10_APPROBATE_REPROBATE_ESTOPPEL)
  [skip] Id 4290 is criminal jurisdiction ((Criminal Appellate Jurisdiction)), not saved.
  [fetch] saved case_4299.json (33254 chars, theories=L10_APPROBATE_REPROBATE_ESTOPPEL)
  [fetch] saved case_4348.json (7791 chars, theories=L10_APPROBATE_REPROBATE_ESTOPPEL)
  [skip] Id 4463 is criminal jurisdiction ((Criminal Appellate Jurisdiction)), not saved.
  [skip] Id 4493 is criminal jurisdiction ((Criminal Revisional Jurisdiction)), not saved.
  [fetch] saved case_4586.json (36583 chars, theories=L10_APPROBATE_REPROBATE_ESTOPPEL)
  [skip] Id 4836 is criminal jurisdiction ((Criminal Appellate Jurisdiction)), not saved.
  [skip] Id 4892 is criminal jurisdiction ((Criminal Revisional Jurisdiction)), not saved.
  [compact] wrote E:\Mahfoz\Latest Advocacy\Resource\Judgements_Appeal38_2026\batch_60.json (26 cases), removed 26 loose file(s)
  [fetch] saved case_5088.json (52986 chars, theories=L10_APPROBATE_REPROBATE_ESTOPPEL)
  [fetch] saved case_5357.json (16014 chars, theories=L10_APPROBATE_REPROBATE_ESTOPPEL)
  [fetch] saved case_5511.json (17175 chars, theories=L10_APPROBATE_REPROBATE_ESTOPPEL)
  [fetch] saved case_5532.json (13312 chars, theories=L10_APPROBATE_REPROBATE_ESTOPPEL)
  [fetch] saved case_5575.json (47599 chars, theories=L10_APPROBATE_REPROBATE_ESTOPPEL)
  [fetch] saved case_5639.json (32692 chars, theories=L10_APPROBATE_REPROBATE_ESTOPPEL)
  [fetch] saved case_5648.json (14595 chars, theories=L10_APPROBATE_REPROBATE_ESTOPPEL)
  [skip] Id 5700 is criminal jurisdiction ((Criminal Revisional Jurisdiction)), not saved.
  [fetch] saved case_5788.json (27742 chars, theories=L10_APPROBATE_REPROBATE_ESTOPPEL)
  [fetch] saved case_5859.json (13946 chars, theories=L10_APPROBATE_REPROBATE_ESTOPPEL)
  progress: 50/147 for this group
  [skip] Id 6365 is criminal jurisdiction ((Criminal Appellate Jurisdiction)), not saved.
  [fetch] saved case_6571.json (19198 chars, theories=L10_APPROBATE_REPROBATE_ESTOPPEL)
  [skip] Id 6578 is criminal jurisdiction ((Criminal Appellate Jurisdiction)), not saved.
  [fetch] saved case_6666.json (7200 chars, theories=L10_APPROBATE_REPROBATE_ESTOPPEL)
  [fetch] saved case_6802.json (17642 chars, theories=L10_APPROBATE_REPROBATE_ESTOPPEL)
  [fetch] saved case_6887.json (22222 chars, theories=L10_APPROBATE_REPROBATE_ESTOPPEL)
  [fetch] saved case_7033.json (15316 chars, theories=L10_APPROBATE_REPROBATE_ESTOPPEL)
  [skip] Id 7351 is criminal jurisdiction ((Criminal Appellate Jurisdiction)), not saved.
  [skip] Id 7421 is criminal jurisdiction ((Criminal Appellate Jurisdiction)), not saved.
  [fetch] saved case_7444.json (15158 chars, theories=L10_APPROBATE_REPROBATE_ESTOPPEL)
  [skip] Id 7484 is criminal jurisdiction ((Criminal Appellate Jurisdiction)), not saved.
  [fetch] saved case_7485.json (36639 chars, theories=L10_APPROBATE_REPROBATE_ESTOPPEL)
  [skip] Id 7510 is criminal jurisdiction ((Criminal)), not saved.
  [skip] Id 7531 is criminal jurisdiction ((Criminal Appellate Jurisdiction)), not saved.
  [skip] Id 7537 is criminal jurisdiction ((Criminal Appellate Jurisdiction)), not saved.
  [fetch] saved case_7692.json (68115 chars, theories=L10_APPROBATE_REPROBATE_ESTOPPEL)
  [fetch] saved case_7868.json (12101 chars, theories=L10_APPROBATE_REPROBATE_ESTOPPEL)
  [fetch] saved case_7964.json (60095 chars, theories=L10_APPROBATE_REPROBATE_ESTOPPEL)
  [fetch] saved case_7981.json (21437 chars, theories=L10_APPROBATE_REPROBATE_ESTOPPEL)
  [skip] Id 8003 is criminal jurisdiction ((Criminal Appellate Jurisdiction)), not saved.
  [skip] Id 8014 is criminal jurisdiction ((Criminal Appellate Jurisdiction)), not saved.
  [skip] Id 8083 is criminal jurisdiction ((Criminal Appellate Jurisdiction)), not saved.
  [fetch] saved case_8173.json (52190 chars, theories=L10_APPROBATE_REPROBATE_ESTOPPEL)
  [fetch] saved case_8227.json (34774 chars, theories=L10_APPROBATE_REPROBATE_ESTOPPEL)
  [skip] Id 8415 is criminal jurisdiction ((Criminal Appellate Jurisdiction)), not saved.
  progress: 75/147 for this group
  [fetch] saved case_8697.json (13629 chars, theories=L10_APPROBATE_REPROBATE_ESTOPPEL)
  [skip] Id 8705 is criminal jurisdiction ((Criminal Appellate Jurisdiction)), not saved.
  [fetch] saved case_8721.json (29983 chars, theories=L10_APPROBATE_REPROBATE_ESTOPPEL)
  [fetch] saved case_8741.json (23618 chars, theories=L10_APPROBATE_REPROBATE_ESTOPPEL)
  [fetch] saved case_9059.json (26017 chars, theories=L10_APPROBATE_REPROBATE_ESTOPPEL)
  [compact] wrote E:\Mahfoz\Latest Advocacy\Resource\Judgements_Appeal38_2026\batch_61.json (26 cases), removed 26 loose file(s)
  [skip] Id 9592 is criminal jurisdiction ((Criminal Appellate Jurisdiction)), not saved.
  [skip] Id 9646 is criminal jurisdiction ((Criminal Appellate Jurisdiction)), not saved.
  [fetch] saved case_9712.json (35666 chars, theories=L10_APPROBATE_REPROBATE_ESTOPPEL)
  [skip] Id 9728 is criminal jurisdiction ((Criminal Appellate Jurisdiction)), not saved.
  [fetch] saved case_9850.json (9475 chars, theories=L10_APPROBATE_REPROBATE_ESTOPPEL)
  [fetch] saved case_10193.json (57705 chars, theories=L10_APPROBATE_REPROBATE_ESTOPPEL)
  [fetch] saved case_10248.json (27559 chars, theories=L10_APPROBATE_REPROBATE_ESTOPPEL)
  [fetch] saved case_10295.json (20385 chars, theories=L10_APPROBATE_REPROBATE_ESTOPPEL)
  [fetch] saved case_10386.json (19789 chars, theories=L10_APPROBATE_REPROBATE_ESTOPPEL)
  [fetch] saved case_10548.json (17011 chars, theories=L10_APPROBATE_REPROBATE_ESTOPPEL)
  [fetch] saved case_10613.json (73660 chars, theories=L10_APPROBATE_REPROBATE_ESTOPPEL)
  [fetch] saved case_10725.json (33978 chars, theories=L10_APPROBATE_REPROBATE_ESTOPPEL)
  [fetch] saved case_11071.json (19453 chars, theories=L10_APPROBATE_REPROBATE_ESTOPPEL)
  [fetch] saved case_11590.json (11346 chars, theories=L10_APPROBATE_REPROBATE_ESTOPPEL)
  [fetch] saved case_11934.json (4718 chars, theories=L10_APPROBATE_REPROBATE_ESTOPPEL)
  [fetch] saved case_12006.json (16689 chars, theories=L10_APPROBATE_REPROBATE_ESTOPPEL)
  [fetch] saved case_12106.json (32547 chars, theories=L10_APPROBATE_REPROBATE_ESTOPPEL)
  [fetch] saved case_12576.json (5126 chars, theories=L10_APPROBATE_REPROBATE_ESTOPPEL)
  [fetch] saved case_12652.json (10250 chars, theories=L10_APPROBATE_REPROBATE_ESTOPPEL)
  [fetch] saved case_12775.json (12447 chars, theories=L10_APPROBATE_REPROBATE_ESTOPPEL)
  progress: 100/147 for this group
  [skip] Id 12792 is criminal jurisdiction (Criminal), not saved.
  [skip] Id 13289 is criminal jurisdiction (Criminal), not saved.
  [fetch] saved case_14223.json (27772 chars, theories=L10_APPROBATE_REPROBATE_ESTOPPEL)
  [fetch] saved case_14300.json (63171 chars, theories=L10_APPROBATE_REPROBATE_ESTOPPEL)
  [skip] Id 14311 is criminal jurisdiction (Criminal Appeal No. 21 (Ctg) of 1983), not saved.
  [fetch] saved case_14660.json (32534 chars, theories=L10_APPROBATE_REPROBATE_ESTOPPEL)
  [fetch] saved case_14909.json (20166 chars, theories=L10_APPROBATE_REPROBATE_ESTOPPEL)
  [fetch] saved case_15032.json (32626 chars, theories=L10_APPROBATE_REPROBATE_ESTOPPEL)
  [skip] Id 15093 is criminal jurisdiction ((Criminal Appellate Jurisdiction)), not saved.
  [skip] Id 15117 is criminal jurisdiction ((Criminal Miscellaneous Jurisdiction)), not saved.
  [fetch] saved case_15252.json (13178 chars, theories=L10_APPROBATE_REPROBATE_ESTOPPEL)
  [fetch] saved case_15279.json (18253 chars, theories=L10_APPROBATE_REPROBATE_ESTOPPEL)
  [fetch] saved case_15311.json (26383 chars, theories=L10_APPROBATE_REPROBATE_ESTOPPEL)
  [fetch] saved case_15316.json (25822 chars, theories=L10_APPROBATE_REPROBATE_ESTOPPEL)
  [fetch] saved case_15320.json (29911 chars, theories=L10_APPROBATE_REPROBATE_ESTOPPEL)
  [fetch] saved case_15376.json (14778 chars, theories=L10_APPROBATE_REPROBATE_ESTOPPEL)
  [fetch] saved case_15392.json (9616 chars, theories=L10_APPROBATE_REPROBATE_ESTOPPEL)
  [fetch] saved case_15562.json (15950 chars, theories=L10_APPROBATE_REPROBATE_ESTOPPEL)
  [skip] Id 15635 is criminal jurisdiction ((Criminal)), not saved.
  [skip] Id 15653 is criminal jurisdiction ((Criminal Appellate Jurisdiction)), not saved.
  [compact] wrote E:\Mahfoz\Latest Advocacy\Resource\Judgements_Appeal38_2026\batch_62.json (30 cases), removed 30 loose file(s)
  [skip] Id 15732 is criminal jurisdiction (CRIMINAL APPEAL NO. 4289 OF 2009
WITH
CRIMINAL APPEAL NO. 4322 OF 2009
WITH
CRIMINAL APPEAL NO. 4324 OF 2009
WITH
CRIMINAL APPEAL NO. 4358 OF 2009
WITH
JAIL APPEAL NO. 452 OF 2009
WITH
JAIL APPEAL NO. 453 OF 2009
AND
DEATH REFERENCE NO. 43 OF 2009), not saved.
  [skip] Id 15743 is criminal jurisdiction ((Criminal Appellate Jurisdiction)), not saved.
  [skip] Id 16012 is criminal jurisdiction ((Criminal Appellate Jurisdiction)), not saved.
  [fetch] saved case_16088.json (31656 chars, theories=L10_APPROBATE_REPROBATE_ESTOPPEL)
  [fetch] saved case_16104.json (28778 chars, theories=L10_APPROBATE_REPROBATE_ESTOPPEL)
  progress: 125/147 for this group
  [fetch] saved case_16134.json (29623 chars, theories=L10_APPROBATE_REPROBATE_ESTOPPEL)
  [fetch] saved case_16158.json (21538 chars, theories=L10_APPROBATE_REPROBATE_ESTOPPEL)
  [fetch] saved case_16216.json (20946 chars, theories=L10_APPROBATE_REPROBATE_ESTOPPEL)
  [skip] Id 16351 is criminal jurisdiction ((Criminal)), not saved.
  [fetch] saved case_16466.json (15011 chars, theories=L10_APPROBATE_REPROBATE_ESTOPPEL)
  [fetch] saved case_16526.json (30075 chars, theories=L10_APPROBATE_REPROBATE_ESTOPPEL)
  [fetch] saved case_16559.json (55869 chars, theories=L10_APPROBATE_REPROBATE_ESTOPPEL)
  [fetch] saved case_16783.json (12123 chars, theories=L10_APPROBATE_REPROBATE_ESTOPPEL)
  [fetch] saved case_16790.json (24256 chars, theories=L10_APPROBATE_REPROBATE_ESTOPPEL)
  [fetch] saved case_16877.json (29471 chars, theories=L10_APPROBATE_REPROBATE_ESTOPPEL)
  [fetch] saved case_16913.json (25944 chars, theories=L10_APPROBATE_REPROBATE_ESTOPPEL)
  [fetch] saved case_17015.json (35274 chars, theories=L10_APPROBATE_REPROBATE_ESTOPPEL)
  [skip] Id 17119 is criminal jurisdiction ((CRIMINAL)), not saved.
  [skip] Id 17196 is criminal jurisdiction ((CRIMINAL)), not saved.
  [skip] Id 17249 is criminal jurisdiction ((CRIMINAL)), not saved.
  [fetch] saved case_17632.json (21991 chars, theories=L10_APPROBATE_REPROBATE_ESTOPPEL)
  [skip] Id 17810 is criminal jurisdiction ((CRIMINAL)), not saved.
  [skip] Id 17853 is criminal jurisdiction ((CRIMINAL)), not saved.
  [fetch] saved case_17870.json (44903 chars, theories=L10_APPROBATE_REPROBATE_ESTOPPEL)
  [fetch] saved case_18025.json (27299 chars, theories=L10_APPROBATE_REPROBATE_ESTOPPEL)
  [skip] Id 18041 is criminal jurisdiction ((Criminal Revisional Jurisdiction)), not saved.
  [skip] Id 18076 is criminal jurisdiction ((Criminal Appellate Jurisdiction)), not saved.

--- Theory: L11_SUBSEQUENT_DEED_CORROBORATION ---
  [discover] L11_SUBSEQUENT_DEED_CORROBORATION :: "subsequent registered deed corroborates record of rights" page 1 -> 20 items, candidates so far: 2812
  [discover] L11_SUBSEQUENT_DEED_CORROBORATION :: "subsequent registered deed corroborates record of rights" page 2 -> 20 items, candidates so far: 2812
  [discover] L11_SUBSEQUENT_DEED_CORROBORATION :: "subsequent registered deed corroborates record of rights" page 3 -> 20 items, candidates so far: 2812
  [discover] L11_SUBSEQUENT_DEED_CORROBORATION :: "subsequent registered deed corroborates record of rights" page 4 -> 20 items, candidates so far: 2812
  [discover] L11_SUBSEQUENT_DEED_CORROBORATION :: "subsequent registered deed corroborates record of rights" page 5 -> 20 items, candidates so far: 2813
  [discover] L11_SUBSEQUENT_DEED_CORROBORATION :: "subsequent registered deed corroborates record of rights" page 6 -> 13 items, candidates so far: 2814
  [discover] L11_SUBSEQUENT_DEED_CORROBORATION :: "registered transaction consistent with SA record" page 1 -> 7 items, candidates so far: 2815
  [discover] L11_SUBSEQUENT_DEED_CORROBORATION :: "recorded tenant subsequent transfer evidentiary value" page 1 -> 20 items, candidates so far: 2820
  [discover] L11_SUBSEQUENT_DEED_CORROBORATION :: "recorded tenant subsequent transfer evidentiary value" page 2 -> 20 items, candidates so far: 2826
  [discover] L11_SUBSEQUENT_DEED_CORROBORATION :: "recorded tenant subsequent transfer evidentiary value" page 3 -> 20 items, candidates so far: 2836
  [discover] L11_SUBSEQUENT_DEED_CORROBORATION :: "recorded tenant subsequent transfer evidentiary value" page 4 -> 6 items, candidates so far: 2841
  [discover] L11_SUBSEQUENT_DEED_CORROBORATION :: "রেকর্ডীয় স্বত্বের সমর্থনে পরবর্তী নিবন্ধিত দলিল" page 1 -> 8 items, candidates so far: 2845
  [retrieve] L11_SUBSEQUENT_DEED_CORROBORATION discovery done, 33 case(s) awaiting full text...
  [fetch] saved case_570.json (22108 chars, theories=L11_SUBSEQUENT_DEED_CORROBORATION)
  [fetch] saved case_1102.json (36519 chars, theories=L11_SUBSEQUENT_DEED_CORROBORATION)
  [fetch] saved case_1255.json (19403 chars, theories=L11_SUBSEQUENT_DEED_CORROBORATION)
  [fetch] saved case_1878.json (49051 chars, theories=L11_SUBSEQUENT_DEED_CORROBORATION)
  [fetch] saved case_3429.json (21815 chars, theories=L11_SUBSEQUENT_DEED_CORROBORATION)
  [fetch] saved case_3483.json (19395 chars, theories=L11_SUBSEQUENT_DEED_CORROBORATION)
  [fetch] saved case_4135.json (14005 chars, theories=L11_SUBSEQUENT_DEED_CORROBORATION)
  [fetch] saved case_4380.json (8996 chars, theories=L11_SUBSEQUENT_DEED_CORROBORATION)
  [fetch] saved case_6350.json (9756 chars, theories=L11_SUBSEQUENT_DEED_CORROBORATION)
  [fetch] saved case_6370.json (9367 chars, theories=L11_SUBSEQUENT_DEED_CORROBORATION)
  [fetch] saved case_6526.json (9692 chars, theories=L11_SUBSEQUENT_DEED_CORROBORATION)
  [fetch] saved case_6733.json (17720 chars, theories=L11_SUBSEQUENT_DEED_CORROBORATION)
  [fetch] saved case_7505.json (74760 chars, theories=L11_SUBSEQUENT_DEED_CORROBORATION)
  [fetch] saved case_7890.json (15446 chars, theories=L11_SUBSEQUENT_DEED_CORROBORATION)
  [fetch] saved case_8115.json (34504 chars, theories=L11_SUBSEQUENT_DEED_CORROBORATION)
  [fetch] saved case_8983.json (4331 chars, theories=L11_SUBSEQUENT_DEED_CORROBORATION)
  [fetch] saved case_9150.json (19517 chars, theories=L11_SUBSEQUENT_DEED_CORROBORATION)
  [fetch] saved case_9422.json (10595 chars, theories=L11_SUBSEQUENT_DEED_CORROBORATION)
  [fetch] saved case_9497.json (9761 chars, theories=L11_SUBSEQUENT_DEED_CORROBORATION)
  [fetch] saved case_9762.json (26380 chars, theories=L11_SUBSEQUENT_DEED_CORROBORATION)
  [compact] wrote E:\Mahfoz\Latest Advocacy\Resource\Judgements_Appeal38_2026\batch_63.json (36 cases), removed 36 loose file(s)
  [fetch] saved case_10802.json (16885 chars, theories=L11_SUBSEQUENT_DEED_CORROBORATION)
  [fetch] saved case_13949.json (27329 chars, theories=L11_SUBSEQUENT_DEED_CORROBORATION)
  [fetch] saved case_14036.json (17827 chars, theories=L11_SUBSEQUENT_DEED_CORROBORATION)
  [fetch] saved case_14038.json (7683 chars, theories=L11_SUBSEQUENT_DEED_CORROBORATION)
  [fetch] saved case_14729.json (15421 chars, theories=L11_SUBSEQUENT_DEED_CORROBORATION)
  progress: 25/33 for this group
  [fetch] saved case_14783.json (9023 chars, theories=L11_SUBSEQUENT_DEED_CORROBORATION)
  [fetch] saved case_15233.json (57722 chars, theories=L11_SUBSEQUENT_DEED_CORROBORATION)
  [fetch] saved case_15666.json (106852 chars, theories=L11_SUBSEQUENT_DEED_CORROBORATION)
  [fetch] saved case_15688.json (38554 chars, theories=L11_SUBSEQUENT_DEED_CORROBORATION)
  [fetch] saved case_15823.json (12215 chars, theories=L11_SUBSEQUENT_DEED_CORROBORATION)
  [fetch] saved case_16031.json (48193 chars, theories=L11_SUBSEQUENT_DEED_CORROBORATION)
  [fetch] saved case_16450.json (21892 chars, theories=L11_SUBSEQUENT_DEED_CORROBORATION)
  [fetch] saved case_17036.json (35704 chars, theories=L11_SUBSEQUENT_DEED_CORROBORATION)

--- Theory: L12_GENEALOGY_NOT_HOLDING_IDENTIFICATION ---
  [discover] L12_GENEALOGY_NOT_HOLDING_IDENTIFICATION :: "heirship does not prove title to specific plot" page 1 -> 20 items, candidates so far: 2846
  [discover] L12_GENEALOGY_NOT_HOLDING_IDENTIFICATION :: "heirship does not prove title to specific plot" page 2 -> 20 items, candidates so far: 2851
  [discover] L12_GENEALOGY_NOT_HOLDING_IDENTIFICATION :: "heirship does not prove title to specific plot" page 3 -> 20 items, candidates so far: 2852
  [discover] L12_GENEALOGY_NOT_HOLDING_IDENTIFICATION :: "heirship does not prove title to specific plot" page 4 -> 20 items, candidates so far: 2859
  [discover] L12_GENEALOGY_NOT_HOLDING_IDENTIFICATION :: "heirship does not prove title to specific plot" page 5 -> 20 items, candidates so far: 2861
  [discover] L12_GENEALOGY_NOT_HOLDING_IDENTIFICATION :: "heirship does not prove title to specific plot" page 6 -> 20 items, candidates so far: 2865
  [discover] L12_GENEALOGY_NOT_HOLDING_IDENTIFICATION :: "heirship does not prove title to specific plot" page 7 -> 20 items, candidates so far: 2872
  [discover] L12_GENEALOGY_NOT_HOLDING_IDENTIFICATION :: "heirship does not prove title to specific plot" page 8 -> 20 items, candidates so far: 2882
  [discover] L12_GENEALOGY_NOT_HOLDING_IDENTIFICATION :: "heirship does not prove title to specific plot" page 9 -> 20 items, candidates so far: 2888
  [discover] L12_GENEALOGY_NOT_HOLDING_IDENTIFICATION :: "heirship does not prove title to specific plot" page 10 -> 20 items, candidates so far: 2895
  [discover] L12_GENEALOGY_NOT_HOLDING_IDENTIFICATION :: "heirship does not prove title to specific plot" page 11 -> 20 items, candidates so far: 2905
  [discover] L12_GENEALOGY_NOT_HOLDING_IDENTIFICATION :: "heirship does not prove title to specific plot" page 12 -> 20 items, candidates so far: 2912
  [discover] L12_GENEALOGY_NOT_HOLDING_IDENTIFICATION :: "heirship does not prove title to specific plot" page 13 -> 14 items, candidates so far: 2920
  [discover] L12_GENEALOGY_NOT_HOLDING_IDENTIFICATION :: "genealogy alone insufficient identification of holding" page 1 -> 15 items, candidates so far: 2927
  [discover] L12_GENEALOGY_NOT_HOLDING_IDENTIFICATION :: "proof of relationship not proof of title to disputed land" page 1 -> 20 items, candidates so far: 2927
  [discover] L12_GENEALOGY_NOT_HOLDING_IDENTIFICATION :: "proof of relationship not proof of title to disputed land" page 2 -> 20 items, candidates so far: 2930
  [discover] L12_GENEALOGY_NOT_HOLDING_IDENTIFICATION :: "proof of relationship not proof of title to disputed land" page 3 -> 20 items, candidates so far: 2931
  [discover] L12_GENEALOGY_NOT_HOLDING_IDENTIFICATION :: "proof of relationship not proof of title to disputed land" page 4 -> 20 items, candidates so far: 2938
  [discover] L12_GENEALOGY_NOT_HOLDING_IDENTIFICATION :: "proof of relationship not proof of title to disputed land" page 5 -> 6 items, candidates so far: 2940
  [discover] L12_GENEALOGY_NOT_HOLDING_IDENTIFICATION :: "উত্তরাধিকার প্রমাণিত হইলেই নির্দিষ্ট দাগের স্বত্ব প্রমাণ হয় না" page 1 -> 2 items, candidates so far: 2941
  [discover] L12_GENEALOGY_NOT_HOLDING_IDENTIFICATION :: "বংশতালিকা প্রমাণই নির্দিষ্ট সম্পত্তি সনাক্তকরণ নহে" page 1 -> 16 items, candidates so far: 2946
  [retrieve] L12_GENEALOGY_NOT_HOLDING_IDENTIFICATION discovery done, 101 case(s) awaiting full text...
  [fetch] saved case_9.json (17397 chars, theories=L12_GENEALOGY_NOT_HOLDING_IDENTIFICATION)
  [fetch] saved case_62.json (16959 chars, theories=L12_GENEALOGY_NOT_HOLDING_IDENTIFICATION)
  [fetch] saved case_489.json (16986 chars, theories=L12_GENEALOGY_NOT_HOLDING_IDENTIFICATION)
  [fetch] saved case_610.json (22452 chars, theories=L12_GENEALOGY_NOT_HOLDING_IDENTIFICATION)
  [fetch] saved case_905.json (36560 chars, theories=L12_GENEALOGY_NOT_HOLDING_IDENTIFICATION)
  [fetch] saved case_1024.json (21511 chars, theories=L12_GENEALOGY_NOT_HOLDING_IDENTIFICATION)
  [fetch] saved case_1220.json (18564 chars, theories=L12_GENEALOGY_NOT_HOLDING_IDENTIFICATION)
  [fetch] saved case_1239.json (14615 chars, theories=L12_GENEALOGY_NOT_HOLDING_IDENTIFICATION)
  [fetch] saved case_1291.json (21006 chars, theories=L12_GENEALOGY_NOT_HOLDING_IDENTIFICATION)
  [fetch] saved case_1602.json (39705 chars, theories=L12_GENEALOGY_NOT_HOLDING_IDENTIFICATION)
  [fetch] saved case_1717.json (12717 chars, theories=L12_GENEALOGY_NOT_HOLDING_IDENTIFICATION)
  [fetch] saved case_2050.json (32187 chars, theories=L12_GENEALOGY_NOT_HOLDING_IDENTIFICATION)
  [skip] Id 2148 is criminal jurisdiction ((Criminal Appellate Jurisdiction)), not saved.
  [fetch] saved case_2221.json (23149 chars, theories=L12_GENEALOGY_NOT_HOLDING_IDENTIFICATION)
  [fetch] saved case_2270.json (20128 chars, theories=L12_GENEALOGY_NOT_HOLDING_IDENTIFICATION)
  [fetch] saved case_2316.json (16826 chars, theories=L12_GENEALOGY_NOT_HOLDING_IDENTIFICATION)
  [fetch] saved case_2650.json (14349 chars, theories=L12_GENEALOGY_NOT_HOLDING_IDENTIFICATION)
  [fetch] saved case_3109.json (38218 chars, theories=L12_GENEALOGY_NOT_HOLDING_IDENTIFICATION)
  [skip] Id 3446 is criminal jurisdiction ((Criminal)), not saved.
  [fetch] saved case_3493.json (5523 chars, theories=L12_GENEALOGY_NOT_HOLDING_IDENTIFICATION)
  [compact] wrote E:\Mahfoz\Latest Advocacy\Resource\Judgements_Appeal38_2026\batch_64.json (31 cases), removed 31 loose file(s)
  [fetch] saved case_3538.json (25844 chars, theories=L12_GENEALOGY_NOT_HOLDING_IDENTIFICATION)
  [fetch] saved case_3569.json (33040 chars, theories=L12_GENEALOGY_NOT_HOLDING_IDENTIFICATION)
  [fetch] saved case_3695.json (11743 chars, theories=L12_GENEALOGY_NOT_HOLDING_IDENTIFICATION)
  [fetch] saved case_3754.json (47027 chars, theories=L12_GENEALOGY_NOT_HOLDING_IDENTIFICATION)
  [fetch] saved case_3833.json (19925 chars, theories=L12_GENEALOGY_NOT_HOLDING_IDENTIFICATION)
  progress: 25/101 for this group
  [skip] Id 4364 is criminal jurisdiction ((Criminal)), not saved.
  [fetch] saved case_4552.json (18720 chars, theories=L12_GENEALOGY_NOT_HOLDING_IDENTIFICATION)
  [fetch] saved case_4685.json (15495 chars, theories=L12_GENEALOGY_NOT_HOLDING_IDENTIFICATION)
  [fetch] saved case_4813.json (11230 chars, theories=L12_GENEALOGY_NOT_HOLDING_IDENTIFICATION)
  [fetch] saved case_5044.json (22384 chars, theories=L12_GENEALOGY_NOT_HOLDING_IDENTIFICATION)
  [skip] Id 5193 is criminal jurisdiction ((Criminal Appellate Jurisdiction)), not saved.
  [fetch] saved case_5262.json (26009 chars, theories=L12_GENEALOGY_NOT_HOLDING_IDENTIFICATION)
  [fetch] saved case_5309.json (32315 chars, theories=L12_GENEALOGY_NOT_HOLDING_IDENTIFICATION)
  [fetch] saved case_5325.json (17140 chars, theories=L12_GENEALOGY_NOT_HOLDING_IDENTIFICATION)
  [fetch] saved case_5339.json (13874 chars, theories=L12_GENEALOGY_NOT_HOLDING_IDENTIFICATION)
  [fetch] saved case_5342.json (14363 chars, theories=L12_GENEALOGY_NOT_HOLDING_IDENTIFICATION)
  [fetch] saved case_5473.json (23676 chars, theories=L12_GENEALOGY_NOT_HOLDING_IDENTIFICATION)
  [skip] Id 5545 is criminal jurisdiction (Criminal Appellate Jurisdiction), not saved.
  [fetch] saved case_5966.json (8760 chars, theories=L12_GENEALOGY_NOT_HOLDING_IDENTIFICATION)
  [fetch] saved case_6379.json (19181 chars, theories=L12_GENEALOGY_NOT_HOLDING_IDENTIFICATION)
  [fetch] saved case_6769.json (13550 chars, theories=L12_GENEALOGY_NOT_HOLDING_IDENTIFICATION)
  [fetch] saved case_6792.json (17714 chars, theories=L12_GENEALOGY_NOT_HOLDING_IDENTIFICATION)
  [fetch] saved case_6924.json (10720 chars, theories=L12_GENEALOGY_NOT_HOLDING_IDENTIFICATION)
  [fetch] saved case_7155.json (12066 chars, theories=L12_GENEALOGY_NOT_HOLDING_IDENTIFICATION)
  [fetch] saved case_7366.json (14829 chars, theories=L12_GENEALOGY_NOT_HOLDING_IDENTIFICATION)
  [fetch] saved case_7440.json (12377 chars, theories=L12_GENEALOGY_NOT_HOLDING_IDENTIFICATION)
  [fetch] saved case_7514.json (10956 chars, theories=L12_GENEALOGY_NOT_HOLDING_IDENTIFICATION)
  [fetch] saved case_7527.json (17256 chars, theories=L12_GENEALOGY_NOT_HOLDING_IDENTIFICATION)
  [fetch] saved case_7565.json (11624 chars, theories=L12_GENEALOGY_NOT_HOLDING_IDENTIFICATION)
  [fetch] saved case_7574.json (18884 chars, theories=L12_GENEALOGY_NOT_HOLDING_IDENTIFICATION)
  progress: 50/101 for this group
  [fetch] saved case_7657.json (30813 chars, theories=L12_GENEALOGY_NOT_HOLDING_IDENTIFICATION)
  [fetch] saved case_8192.json (12226 chars, theories=L12_GENEALOGY_NOT_HOLDING_IDENTIFICATION)
  [skip] Id 8901 is criminal jurisdiction ((Criminal)), not saved.
  [fetch] saved case_9011.json (19350 chars, theories=L12_GENEALOGY_NOT_HOLDING_IDENTIFICATION)
  [fetch] saved case_9219.json (32813 chars, theories=L12_GENEALOGY_NOT_HOLDING_IDENTIFICATION)
  [fetch] saved case_9328.json (8260 chars, theories=L12_GENEALOGY_NOT_HOLDING_IDENTIFICATION)
  [fetch] saved case_9734.json (25675 chars, theories=L12_GENEALOGY_NOT_HOLDING_IDENTIFICATION)
  [fetch] saved case_10204.json (13202 chars, theories=L12_GENEALOGY_NOT_HOLDING_IDENTIFICATION)
  [fetch] saved case_10390.json (22160 chars, theories=L12_GENEALOGY_NOT_HOLDING_IDENTIFICATION)
  [fetch] saved case_10400.json (16790 chars, theories=L12_GENEALOGY_NOT_HOLDING_IDENTIFICATION)
  [compact] wrote E:\Mahfoz\Latest Advocacy\Resource\Judgements_Appeal38_2026\batch_65.json (36 cases), removed 36 loose file(s)
  [skip] Id 10507 is criminal jurisdiction (Criminal Revision No. 1069 of 2000), not saved.
  [fetch] saved case_10646.json (21181 chars, theories=L12_GENEALOGY_NOT_HOLDING_IDENTIFICATION)
  [fetch] saved case_10816.json (9038 chars, theories=L12_GENEALOGY_NOT_HOLDING_IDENTIFICATION)
  [fetch] saved case_10891.json (12152 chars, theories=L12_GENEALOGY_NOT_HOLDING_IDENTIFICATION)
  [fetch] saved case_10926.json (8949 chars, theories=L12_GENEALOGY_NOT_HOLDING_IDENTIFICATION)
  [fetch] saved case_11142.json (15143 chars, theories=L12_GENEALOGY_NOT_HOLDING_IDENTIFICATION)
  [fetch] saved case_11168.json (11371 chars, theories=L12_GENEALOGY_NOT_HOLDING_IDENTIFICATION)
  [fetch] saved case_11207.json (22686 chars, theories=L12_GENEALOGY_NOT_HOLDING_IDENTIFICATION)
  [fetch] saved case_11281.json (6974 chars, theories=L12_GENEALOGY_NOT_HOLDING_IDENTIFICATION)
  [fetch] saved case_11352.json (9371 chars, theories=L12_GENEALOGY_NOT_HOLDING_IDENTIFICATION)
  [fetch] saved case_11771.json (8978 chars, theories=L12_GENEALOGY_NOT_HOLDING_IDENTIFICATION)
  [skip] Id 11966 is criminal jurisdiction ((Criminal)), not saved.
  [fetch] saved case_12107.json (14432 chars, theories=L12_GENEALOGY_NOT_HOLDING_IDENTIFICATION)
  [fetch] saved case_12255.json (11682 chars, theories=L12_GENEALOGY_NOT_HOLDING_IDENTIFICATION)
  [fetch] saved case_12513.json (6931 chars, theories=L12_GENEALOGY_NOT_HOLDING_IDENTIFICATION)
  progress: 75/101 for this group
  [fetch] saved case_12709.json (13135 chars, theories=L12_GENEALOGY_NOT_HOLDING_IDENTIFICATION)
  [skip] Id 13132 is criminal jurisdiction (Civil), not saved.
  [fetch] saved case_13364.json (13246 chars, theories=L12_GENEALOGY_NOT_HOLDING_IDENTIFICATION)
  [skip] Id 13464 is criminal jurisdiction (Criminal), not saved.
  [fetch] saved case_14431.json (18755 chars, theories=L12_GENEALOGY_NOT_HOLDING_IDENTIFICATION)
  [skip] Id 14680 is criminal jurisdiction ((Criminal Appellate Jurisdiction)), not saved.
  [fetch] saved case_14760.json (13834 chars, theories=L12_GENEALOGY_NOT_HOLDING_IDENTIFICATION)
  [fetch] saved case_14837.json (18658 chars, theories=L12_GENEALOGY_NOT_HOLDING_IDENTIFICATION)
  [fetch] saved case_15187.json (8576 chars, theories=L12_GENEALOGY_NOT_HOLDING_IDENTIFICATION)
  [fetch] saved case_15239.json (8156 chars, theories=L12_GENEALOGY_NOT_HOLDING_IDENTIFICATION)
  [skip] Id 15430 is criminal jurisdiction ((Criminal Miscellaneous Jurisdiction)), not saved.
  [fetch] saved case_15490.json (32242 chars, theories=L12_GENEALOGY_NOT_HOLDING_IDENTIFICATION)
  [fetch] saved case_15669.json (22018 chars, theories=L12_GENEALOGY_NOT_HOLDING_IDENTIFICATION)
  [fetch] saved case_15915.json (22285 chars, theories=L12_GENEALOGY_NOT_HOLDING_IDENTIFICATION)
  [fetch] saved case_16027.json (13347 chars, theories=L12_GENEALOGY_NOT_HOLDING_IDENTIFICATION)
  [fetch] saved case_16041.json (24275 chars, theories=L12_GENEALOGY_NOT_HOLDING_IDENTIFICATION)
  [fetch] saved case_16121.json (20547 chars, theories=L12_GENEALOGY_NOT_HOLDING_IDENTIFICATION)
  [fetch] saved case_16180.json (28832 chars, theories=L12_GENEALOGY_NOT_HOLDING_IDENTIFICATION)
  [fetch] saved case_16413.json (7910 chars, theories=L12_GENEALOGY_NOT_HOLDING_IDENTIFICATION)
  [fetch] saved case_16687.json (20169 chars, theories=L12_GENEALOGY_NOT_HOLDING_IDENTIFICATION)
  [fetch] saved case_17470.json (22503 chars, theories=L12_GENEALOGY_NOT_HOLDING_IDENTIFICATION)
  [fetch] saved case_17603.json (27943 chars, theories=L12_GENEALOGY_NOT_HOLDING_IDENTIFICATION)
  [fetch] saved case_17618.json (21113 chars, theories=L12_GENEALOGY_NOT_HOLDING_IDENTIFICATION)
  [fetch] saved case_17968.json (24413 chars, theories=L12_GENEALOGY_NOT_HOLDING_IDENTIFICATION)
  [fetch] saved case_18031.json (14194 chars, theories=L12_GENEALOGY_NOT_HOLDING_IDENTIFICATION)
  progress: 100/101 for this group
  [compact] wrote E:\Mahfoz\Latest Advocacy\Resource\Judgements_Appeal38_2026\batch_66.json (34 cases), removed 34 loose file(s)
  [fetch] saved case_18193.json (53475 chars, theories=L12_GENEALOGY_NOT_HOLDING_IDENTIFICATION)

--- Theory: L3_MISC_CASE_NO_TITLE_ADJUDICATION ---
  [discover] L3_MISC_CASE_NO_TITLE_ADJUDICATION :: "title dispute requires title suit" page 18 -> 20 items, candidates so far: 2951
  [discover] L3_MISC_CASE_NO_TITLE_ADJUDICATION :: "title dispute requires title suit" page 19 -> 20 items, candidates so far: 2961
  [discover] L3_MISC_CASE_NO_TITLE_ADJUDICATION :: "title dispute requires title suit" page 20 -> 20 items, candidates so far: 2970
  [discover] L3_MISC_CASE_NO_TITLE_ADJUDICATION :: "title dispute requires title suit" page 21 -> 20 items, candidates so far: 2981
  [discover] L3_MISC_CASE_NO_TITLE_ADJUDICATION :: "title dispute requires title suit" page 22 -> 20 items, candidates so far: 2992
  [discover] L3_MISC_CASE_NO_TITLE_ADJUDICATION :: "title dispute requires title suit" page 23 -> 20 items, candidates so far: 2999
  [discover] L3_MISC_CASE_NO_TITLE_ADJUDICATION :: "title dispute requires title suit" page 24 -> 20 items, candidates so far: 3013
  [discover] L3_MISC_CASE_NO_TITLE_ADJUDICATION :: "title dispute requires title suit" page 25 -> 20 items, candidates so far: 3025
  [discover] L3_MISC_CASE_NO_TITLE_ADJUDICATION :: "title dispute requires title suit" page 26 -> 20 items, candidates so far: 3043
  [discover] L3_MISC_CASE_NO_TITLE_ADJUDICATION :: "title dispute requires title suit" page 27 -> 20 items, candidates so far: 3059
  [discover] L3_MISC_CASE_NO_TITLE_ADJUDICATION :: "title dispute requires title suit" page 28 -> 20 items, candidates so far: 3070
  [discover] L3_MISC_CASE_NO_TITLE_ADJUDICATION :: "title dispute requires title suit" page 29 -> 20 items, candidates so far: 3082
  [discover] L3_MISC_CASE_NO_TITLE_ADJUDICATION :: "title dispute requires title suit" page 30 -> 20 items, candidates so far: 3091
  [!] hit MAX_PAGES_PER_KEYWORD cap for "title dispute requires title suit" - results beyond this page were NOT scanned. Marked done (capped).
  [discover] L3_MISC_CASE_NO_TITLE_ADJUDICATION :: "declaration of title by civil suit" page 1 -> 20 items, candidates so far: 3096
  [discover] L3_MISC_CASE_NO_TITLE_ADJUDICATION :: "declaration of title by civil suit" page 2 -> 20 items, candidates so far: 3102
  [discover] L3_MISC_CASE_NO_TITLE_ADJUDICATION :: "declaration of title by civil suit" page 3 -> 20 items, candidates so far: 3103
  [discover] L3_MISC_CASE_NO_TITLE_ADJUDICATION :: "declaration of title by civil suit" page 4 -> 20 items, candidates so far: 3105
  [discover] L3_MISC_CASE_NO_TITLE_ADJUDICATION :: "declaration of title by civil suit" page 5 -> 20 items, candidates so far: 3106
  [discover] L3_MISC_CASE_NO_TITLE_ADJUDICATION :: "declaration of title by civil suit" page 6 -> 20 items, candidates so far: 3107
  [discover] L3_MISC_CASE_NO_TITLE_ADJUDICATION :: "declaration of title by civil suit" page 7 -> 20 items, candidates so far: 3113
  [discover] L3_MISC_CASE_NO_TITLE_ADJUDICATION :: "declaration of title by civil suit" page 8 -> 20 items, candidates so far: 3116
  [discover] L3_MISC_CASE_NO_TITLE_ADJUDICATION :: "declaration of title by civil suit" page 9 -> 20 items, candidates so far: 3117
  [discover] L3_MISC_CASE_NO_TITLE_ADJUDICATION :: "declaration of title by civil suit" page 10 -> 20 items, candidates so far: 3119
  [discover] L3_MISC_CASE_NO_TITLE_ADJUDICATION :: "declaration of title by civil suit" page 11 -> 20 items, candidates so far: 3121
  [discover] L3_MISC_CASE_NO_TITLE_ADJUDICATION :: "declaration of title by civil suit" page 12 -> 20 items, candidates so far: 3122
  [discover] L3_MISC_CASE_NO_TITLE_ADJUDICATION :: "declaration of title by civil suit" page 13 -> 20 items, candidates so far: 3124
  [discover] L3_MISC_CASE_NO_TITLE_ADJUDICATION :: "declaration of title by civil suit" page 14 -> 20 items, candidates so far: 3126
  [discover] L3_MISC_CASE_NO_TITLE_ADJUDICATION :: "declaration of title by civil suit" page 15 -> 20 items, candidates so far: 3128
  [discover] L3_MISC_CASE_NO_TITLE_ADJUDICATION :: "declaration of title by civil suit" page 16 -> 20 items, candidates so far: 3130
  [discover] L3_MISC_CASE_NO_TITLE_ADJUDICATION :: "declaration of title by civil suit" page 17 -> 20 items, candidates so far: 3133
  [discover] L3_MISC_CASE_NO_TITLE_ADJUDICATION :: "declaration of title by civil suit" page 18 -> 20 items, candidates so far: 3135
  [discover] L3_MISC_CASE_NO_TITLE_ADJUDICATION :: "declaration of title by civil suit" page 19 -> 20 items, candidates so far: 3136
  [discover] L3_MISC_CASE_NO_TITLE_ADJUDICATION :: "declaration of title by civil suit" page 20 -> 20 items, candidates so far: 3141
  [discover] L3_MISC_CASE_NO_TITLE_ADJUDICATION :: "declaration of title by civil suit" page 21 -> 20 items, candidates so far: 3142
  [discover] L3_MISC_CASE_NO_TITLE_ADJUDICATION :: "declaration of title by civil suit" page 22 -> 20 items, candidates so far: 3143
  [discover] L3_MISC_CASE_NO_TITLE_ADJUDICATION :: "declaration of title by civil suit" page 23 -> 20 items, candidates so far: 3149
  [discover] L3_MISC_CASE_NO_TITLE_ADJUDICATION :: "declaration of title by civil suit" page 24 -> 20 items, candidates so far: 3156
  [discover] L3_MISC_CASE_NO_TITLE_ADJUDICATION :: "declaration of title by civil suit" page 25 -> 20 items, candidates so far: 3166
  [discover] L3_MISC_CASE_NO_TITLE_ADJUDICATION :: "declaration of title by civil suit" page 26 -> 20 items, candidates so far: 3178
  [discover] L3_MISC_CASE_NO_TITLE_ADJUDICATION :: "declaration of title by civil suit" page 27 -> 20 items, candidates so far: 3193
  [discover] L3_MISC_CASE_NO_TITLE_ADJUDICATION :: "declaration of title by civil suit" page 28 -> 20 items, candidates so far: 3205
  [discover] L3_MISC_CASE_NO_TITLE_ADJUDICATION :: "declaration of title by civil suit" page 29 -> 20 items, candidates so far: 3215
  [discover] L3_MISC_CASE_NO_TITLE_ADJUDICATION :: "declaration of title by civil suit" page 30 -> 20 items, candidates so far: 3224
  [!] hit MAX_PAGES_PER_KEYWORD cap for "declaration of title by civil suit" - results beyond this page were NOT scanned. Marked done (capped).
  [discover] L3_MISC_CASE_NO_TITLE_ADJUDICATION :: "misc case no decree" page 1 -> 20 items, candidates so far: 3237
  [discover] L3_MISC_CASE_NO_TITLE_ADJUDICATION :: "misc case no decree" page 2 -> 20 items, candidates so far: 3252
  [discover] L3_MISC_CASE_NO_TITLE_ADJUDICATION :: "misc case no decree" page 3 -> 20 items, candidates so far: 3267
  [discover] L3_MISC_CASE_NO_TITLE_ADJUDICATION :: "misc case no decree" page 4 -> 20 items, candidates so far: 3278
  [discover] L3_MISC_CASE_NO_TITLE_ADJUDICATION :: "misc case no decree" page 5 -> 20 items, candidates so far: 3292
  [discover] L3_MISC_CASE_NO_TITLE_ADJUDICATION :: "misc case no decree" page 6 -> 20 items, candidates so far: 3307
  [discover] L3_MISC_CASE_NO_TITLE_ADJUDICATION :: "misc case no decree" page 7 -> 20 items, candidates so far: 3321
  [discover] L3_MISC_CASE_NO_TITLE_ADJUDICATION :: "misc case no decree" page 8 -> 20 items, candidates so far: 3337
  [discover] L3_MISC_CASE_NO_TITLE_ADJUDICATION :: "misc case no decree" page 9 -> 20 items, candidates so far: 3350
  [discover] L3_MISC_CASE_NO_TITLE_ADJUDICATION :: "misc case no decree" page 10 -> 20 items, candidates so far: 3364
  [discover] L3_MISC_CASE_NO_TITLE_ADJUDICATION :: "misc case no decree" page 11 -> 20 items, candidates so far: 3376
  [discover] L3_MISC_CASE_NO_TITLE_ADJUDICATION :: "misc case no decree" page 12 -> 20 items, candidates so far: 3390
  [discover] L3_MISC_CASE_NO_TITLE_ADJUDICATION :: "misc case no decree" page 13 -> 20 items, candidates so far: 3407
  [discover] L3_MISC_CASE_NO_TITLE_ADJUDICATION :: "misc case no decree" page 14 -> 20 items, candidates so far: 3420
  [discover] L3_MISC_CASE_NO_TITLE_ADJUDICATION :: "misc case no decree" page 15 -> 20 items, candidates so far: 3432
  [discover] L3_MISC_CASE_NO_TITLE_ADJUDICATION :: "misc case no decree" page 16 -> 20 items, candidates so far: 3449
  [discover] L3_MISC_CASE_NO_TITLE_ADJUDICATION :: "misc case no decree" page 17 -> 20 items, candidates so far: 3464
  [discover] L3_MISC_CASE_NO_TITLE_ADJUDICATION :: "misc case no decree" page 18 -> 20 items, candidates so far: 3468
  [discover] L3_MISC_CASE_NO_TITLE_ADJUDICATION :: "misc case no decree" page 19 -> 20 items, candidates so far: 3482
  [discover] L3_MISC_CASE_NO_TITLE_ADJUDICATION :: "misc case no decree" page 20 -> 20 items, candidates so far: 3495
  [discover] L3_MISC_CASE_NO_TITLE_ADJUDICATION :: "misc case no decree" page 21 -> 20 items, candidates so far: 3509
  [discover] L3_MISC_CASE_NO_TITLE_ADJUDICATION :: "misc case no decree" page 22 -> 20 items, candidates so far: 3526
  [discover] L3_MISC_CASE_NO_TITLE_ADJUDICATION :: "misc case no decree" page 23 -> 20 items, candidates so far: 3542
  [discover] L3_MISC_CASE_NO_TITLE_ADJUDICATION :: "misc case no decree" page 24 -> 19 items, candidates so far: 3556
  [discover] L3_MISC_CASE_NO_TITLE_ADJUDICATION :: "misc proceeding not adjudication of title" page 1 -> 20 items, candidates so far: 3556
  [discover] L3_MISC_CASE_NO_TITLE_ADJUDICATION :: "misc proceeding not adjudication of title" page 2 -> 19 items, candidates so far: 3556
  [discover] L3_MISC_CASE_NO_TITLE_ADJUDICATION :: "order not decree" page 1 -> 20 items, candidates so far: 3556
  [discover] L3_MISC_CASE_NO_TITLE_ADJUDICATION :: "order not decree" page 2 -> 20 items, candidates so far: 3562
  [discover] L3_MISC_CASE_NO_TITLE_ADJUDICATION :: "order not decree" page 3 -> 20 items, candidates so far: 3568
  [discover] L3_MISC_CASE_NO_TITLE_ADJUDICATION :: "order not decree" page 4 -> 20 items, candidates so far: 3577
  [discover] L3_MISC_CASE_NO_TITLE_ADJUDICATION :: "order not decree" page 5 -> 20 items, candidates so far: 3587
  [discover] L3_MISC_CASE_NO_TITLE_ADJUDICATION :: "order not decree" page 6 -> 20 items, candidates so far: 3590
  [discover] L3_MISC_CASE_NO_TITLE_ADJUDICATION :: "order not decree" page 7 -> 20 items, candidates so far: 3598
  [discover] L3_MISC_CASE_NO_TITLE_ADJUDICATION :: "order not decree" page 8 -> 20 items, candidates so far: 3604
  [discover] L3_MISC_CASE_NO_TITLE_ADJUDICATION :: "order not decree" page 9 -> 20 items, candidates so far: 3612
  [discover] L3_MISC_CASE_NO_TITLE_ADJUDICATION :: "order not decree" page 10 -> 20 items, candidates so far: 3616
  [discover] L3_MISC_CASE_NO_TITLE_ADJUDICATION :: "order not decree" page 11 -> 20 items, candidates so far: 3625
  [discover] L3_MISC_CASE_NO_TITLE_ADJUDICATION :: "order not decree" page 12 -> 20 items, candidates so far: 3631
  [discover] L3_MISC_CASE_NO_TITLE_ADJUDICATION :: "order not decree" page 13 -> 20 items, candidates so far: 3639
  [discover] L3_MISC_CASE_NO_TITLE_ADJUDICATION :: "order not decree" page 14 -> 20 items, candidates so far: 3649
  [discover] L3_MISC_CASE_NO_TITLE_ADJUDICATION :: "order not decree" page 15 -> 20 items, candidates so far: 3658
  [discover] L3_MISC_CASE_NO_TITLE_ADJUDICATION :: "order not decree" page 16 -> 20 items, candidates so far: 3665
  [discover] L3_MISC_CASE_NO_TITLE_ADJUDICATION :: "order not decree" page 17 -> 20 items, candidates so far: 3672
  [discover] L3_MISC_CASE_NO_TITLE_ADJUDICATION :: "order not decree" page 18 -> 20 items, candidates so far: 3680
  [discover] L3_MISC_CASE_NO_TITLE_ADJUDICATION :: "order not decree" page 19 -> 20 items, candidates so far: 3690
  [discover] L3_MISC_CASE_NO_TITLE_ADJUDICATION :: "order not decree" page 20 -> 20 items, candidates so far: 3700
  [discover] L3_MISC_CASE_NO_TITLE_ADJUDICATION :: "order not decree" page 21 -> 20 items, candidates so far: 3709
  [discover] L3_MISC_CASE_NO_TITLE_ADJUDICATION :: "order not decree" page 22 -> 20 items, candidates so far: 3720
  [discover] L3_MISC_CASE_NO_TITLE_ADJUDICATION :: "order not decree" page 23 -> 20 items, candidates so far: 3728
  [discover] L3_MISC_CASE_NO_TITLE_ADJUDICATION :: "order not decree" page 24 -> 20 items, candidates so far: 3734
  [discover] L3_MISC_CASE_NO_TITLE_ADJUDICATION :: "order not decree" page 25 -> 20 items, candidates so far: 3743
  [discover] L3_MISC_CASE_NO_TITLE_ADJUDICATION :: "order not decree" page 26 -> 20 items, candidates so far: 3753
  [discover] L3_MISC_CASE_NO_TITLE_ADJUDICATION :: "order not decree" page 27 -> 20 items, candidates so far: 3759
  [discover] L3_MISC_CASE_NO_TITLE_ADJUDICATION :: "order not decree" page 28 -> 20 items, candidates so far: 3769
  [discover] L3_MISC_CASE_NO_TITLE_ADJUDICATION :: "order not decree" page 29 -> 20 items, candidates so far: 3784
  [discover] L3_MISC_CASE_NO_TITLE_ADJUDICATION :: "order not decree" page 30 -> 20 items, candidates so far: 3794
  [!] hit MAX_PAGES_PER_KEYWORD cap for "order not decree" - results beyond this page were NOT scanned. Marked done (capped).
  [discover] L3_MISC_CASE_NO_TITLE_ADJUDICATION :: "specific relief act section 42 title" page 1 -> 20 items, candidates so far: 3803
  [discover] L3_MISC_CASE_NO_TITLE_ADJUDICATION :: "specific relief act section 42 title" page 2 -> 20 items, candidates so far: 3810
  [discover] L3_MISC_CASE_NO_TITLE_ADJUDICATION :: "specific relief act section 42 title" page 3 -> 20 items, candidates so far: 3817
  [discover] L3_MISC_CASE_NO_TITLE_ADJUDICATION :: "specific relief act section 42 title" page 4 -> 20 items, candidates so far: 3826
  [discover] L3_MISC_CASE_NO_TITLE_ADJUDICATION :: "specific relief act section 42 title" page 5 -> 20 items, candidates so far: 3828
  [discover] L3_MISC_CASE_NO_TITLE_ADJUDICATION :: "specific relief act section 42 title" page 6 -> 20 items, candidates so far: 3829
  [discover] L3_MISC_CASE_NO_TITLE_ADJUDICATION :: "specific relief act section 42 title" page 7 -> 20 items, candidates so far: 3833
  [discover] L3_MISC_CASE_NO_TITLE_ADJUDICATION :: "specific relief act section 42 title" page 8 -> 20 items, candidates so far: 3836
  [discover] L3_MISC_CASE_NO_TITLE_ADJUDICATION :: "specific relief act section 42 title" page 9 -> 20 items, candidates so far: 3839
  [discover] L3_MISC_CASE_NO_TITLE_ADJUDICATION :: "specific relief act section 42 title" page 10 -> 20 items, candidates so far: 3843
  [discover] L3_MISC_CASE_NO_TITLE_ADJUDICATION :: "specific relief act section 42 title" page 11 -> 20 items, candidates so far: 3850
  [discover] L3_MISC_CASE_NO_TITLE_ADJUDICATION :: "specific relief act section 42 title" page 12 -> 13 items, candidates so far: 3854
  [discover] L3_MISC_CASE_NO_TITLE_ADJUDICATION :: "মিস মোকদ্দমায় স্বত্ব নির্ধারণ হয় না" page 1 -> 2 items, candidates so far: 3854
  [discover] L3_MISC_CASE_NO_TITLE_ADJUDICATION :: "স্বত্ব ঘোষণা মামলা" page 1 -> 20 items, candidates so far: 3855
  [discover] L3_MISC_CASE_NO_TITLE_ADJUDICATION :: "স্বত্ব ঘোষণা মামলা" page 2 -> 9 items, candidates so far: 3855
  [discover] L3_MISC_CASE_NO_TITLE_ADJUDICATION :: "ডিক্রি বনাম আদেশ" page 1 -> 20 items, candidates so far: 3855
  [discover] L3_MISC_CASE_NO_TITLE_ADJUDICATION :: "ডিক্রি বনাম আদেশ" page 2 -> 1 items, candidates so far: 3855
  [discover] L3_MISC_CASE_NO_TITLE_ADJUDICATION :: "মিস কেসে ডিক্রি হয় না" page 1 -> 4 items, candidates so far: 3855
  [retrieve] L3_MISC_CASE_NO_TITLE_ADJUDICATION discovery done, 909 case(s) awaiting full text...
  [fetch] saved case_26.json (10330 chars, theories=L3_MISC_CASE_NO_TITLE_ADJUDICATION)
  [fetch] saved case_76.json (14483 chars, theories=L3_MISC_CASE_NO_TITLE_ADJUDICATION)
  [fetch] saved case_81.json (24637 chars, theories=L3_MISC_CASE_NO_TITLE_ADJUDICATION)
  [fetch] saved case_91.json (14879 chars, theories=L3_MISC_CASE_NO_TITLE_ADJUDICATION)
  [fetch] saved case_118.json (13458 chars, theories=L3_MISC_CASE_NO_TITLE_ADJUDICATION)
  [fetch] saved case_123.json (24390 chars, theories=L3_MISC_CASE_NO_TITLE_ADJUDICATION)
  [fetch] saved case_140.json (22868 chars, theories=L3_MISC_CASE_NO_TITLE_ADJUDICATION)
  [fetch] saved case_151.json (17765 chars, theories=L3_MISC_CASE_NO_TITLE_ADJUDICATION)
  [fetch] saved case_153.json (11157 chars, theories=L3_MISC_CASE_NO_TITLE_ADJUDICATION)
  [fetch] saved case_186.json (42697 chars, theories=L3_MISC_CASE_NO_TITLE_ADJUDICATION)
  [fetch] saved case_212.json (10812 chars, theories=L3_MISC_CASE_NO_TITLE_ADJUDICATION)
  [fetch] saved case_220.json (10879 chars, theories=L3_MISC_CASE_NO_TITLE_ADJUDICATION)
  [skip] Id 226 is criminal jurisdiction ((Criminal Revisional Jurisdiction)), not saved.
  [fetch] saved case_227.json (4152 chars, theories=L3_MISC_CASE_NO_TITLE_ADJUDICATION)
  [fetch] saved case_229.json (35352 chars, theories=L3_MISC_CASE_NO_TITLE_ADJUDICATION)
  [skip] Id 237 is criminal jurisdiction ((Criminal Miscellaneous Jurisdiction)), not saved.
  [fetch] saved case_272.json (15576 chars, theories=L3_MISC_CASE_NO_TITLE_ADJUDICATION)
  [fetch] saved case_380.json (42638 chars, theories=L3_MISC_CASE_NO_TITLE_ADJUDICATION)
  [fetch] saved case_383.json (14165 chars, theories=L3_MISC_CASE_NO_TITLE_ADJUDICATION)
  [fetch] saved case_407.json (25293 chars, theories=L3_MISC_CASE_NO_TITLE_ADJUDICATION)
  [fetch] saved case_415.json (12090 chars, theories=L3_MISC_CASE_NO_TITLE_ADJUDICATION)
  [fetch] saved case_505.json (9313 chars, theories=L3_MISC_CASE_NO_TITLE_ADJUDICATION)
  [fetch] saved case_508.json (11430 chars, theories=L3_MISC_CASE_NO_TITLE_ADJUDICATION)
  [fetch] saved case_534.json (8115 chars, theories=L3_MISC_CASE_NO_TITLE_ADJUDICATION)
  [fetch] saved case_544.json (24199 chars, theories=L3_MISC_CASE_NO_TITLE_ADJUDICATION)
  progress: 25/909 for this group
  [fetch] saved case_584.json (11978 chars, theories=L3_MISC_CASE_NO_TITLE_ADJUDICATION)
  [fetch] saved case_612.json (18732 chars, theories=L3_MISC_CASE_NO_TITLE_ADJUDICATION)
  [fetch] saved case_621.json (10366 chars, theories=L3_MISC_CASE_NO_TITLE_ADJUDICATION)
  [fetch] saved case_628.json (6309 chars, theories=L3_MISC_CASE_NO_TITLE_ADJUDICATION)
  [fetch] saved case_651.json (6572 chars, theories=L3_MISC_CASE_NO_TITLE_ADJUDICATION)
  [fetch] saved case_720.json (17752 chars, theories=L3_MISC_CASE_NO_TITLE_ADJUDICATION)
  [fetch] saved case_725.json (26826 chars, theories=L3_MISC_CASE_NO_TITLE_ADJUDICATION)
  [fetch] saved case_761.json (17878 chars, theories=L3_MISC_CASE_NO_TITLE_ADJUDICATION)
  [fetch] saved case_788.json (38642 chars, theories=L3_MISC_CASE_NO_TITLE_ADJUDICATION)
  [fetch] saved case_838.json (10271 chars, theories=L3_MISC_CASE_NO_TITLE_ADJUDICATION)
  [fetch] saved case_851.json (8922 chars, theories=L3_MISC_CASE_NO_TITLE_ADJUDICATION)
  [fetch] saved case_877.json (10092 chars, theories=L3_MISC_CASE_NO_TITLE_ADJUDICATION)
  [fetch] saved case_884.json (10710 chars, theories=L3_MISC_CASE_NO_TITLE_ADJUDICATION)
  [fetch] saved case_888.json (12221 chars, theories=L3_MISC_CASE_NO_TITLE_ADJUDICATION)
  [fetch] saved case_914.json (12074 chars, theories=L3_MISC_CASE_NO_TITLE_ADJUDICATION)
  [compact] wrote E:\Mahfoz\Latest Advocacy\Resource\Judgements_Appeal38_2026\batch_67.json (39 cases), removed 39 loose file(s)
  [fetch] saved case_920.json (11081 chars, theories=L3_MISC_CASE_NO_TITLE_ADJUDICATION)
  [fetch] saved case_921.json (11102 chars, theories=L3_MISC_CASE_NO_TITLE_ADJUDICATION)
  [fetch] saved case_942.json (8978 chars, theories=L3_MISC_CASE_NO_TITLE_ADJUDICATION)
  [fetch] saved case_945.json (7247 chars, theories=L3_MISC_CASE_NO_TITLE_ADJUDICATION)
  [fetch] saved case_947.json (5343 chars, theories=L3_MISC_CASE_NO_TITLE_ADJUDICATION)
  [fetch] saved case_952.json (10631 chars, theories=L3_MISC_CASE_NO_TITLE_ADJUDICATION)
  [fetch] saved case_962.json (30131 chars, theories=L3_MISC_CASE_NO_TITLE_ADJUDICATION)
  [fetch] saved case_971.json (18416 chars, theories=L3_MISC_CASE_NO_TITLE_ADJUDICATION)
  [fetch] saved case_981.json (12383 chars, theories=L3_MISC_CASE_NO_TITLE_ADJUDICATION)
  [fetch] saved case_999.json (28257 chars, theories=L3_MISC_CASE_NO_TITLE_ADJUDICATION)
  progress: 50/909 for this group
  [fetch] saved case_1060.json (12605 chars, theories=L3_MISC_CASE_NO_TITLE_ADJUDICATION)
  [fetch] saved case_1104.json (12189 chars, theories=L3_MISC_CASE_NO_TITLE_ADJUDICATION)
  [fetch] saved case_1118.json (17296 chars, theories=L3_MISC_CASE_NO_TITLE_ADJUDICATION)
  [skip] Id 1126 is criminal jurisdiction ((Criminal Appellate Jurisdiction)), not saved.
  [fetch] saved case_1131.json (9684 chars, theories=L3_MISC_CASE_NO_TITLE_ADJUDICATION)
  [fetch] saved case_1154.json (7474 chars, theories=L3_MISC_CASE_NO_TITLE_ADJUDICATION)
  [fetch] saved case_1159.json (10392 chars, theories=L3_MISC_CASE_NO_TITLE_ADJUDICATION)
  [fetch] saved case_1198.json (18967 chars, theories=L3_MISC_CASE_NO_TITLE_ADJUDICATION)
  [fetch] saved case_1223.json (17678 chars, theories=L3_MISC_CASE_NO_TITLE_ADJUDICATION)
  [fetch] saved case_1225.json (16920 chars, theories=L3_MISC_CASE_NO_TITLE_ADJUDICATION)
  [fetch] saved case_1245.json (12867 chars, theories=L3_MISC_CASE_NO_TITLE_ADJUDICATION)
  [fetch] saved case_1314.json (11417 chars, theories=L3_MISC_CASE_NO_TITLE_ADJUDICATION)
  [fetch] saved case_1339.json (7434 chars, theories=L3_MISC_CASE_NO_TITLE_ADJUDICATION)
  [fetch] saved case_1357.json (9751 chars, theories=L3_MISC_CASE_NO_TITLE_ADJUDICATION)
  [fetch] saved case_1391.json (19840 chars, theories=L3_MISC_CASE_NO_TITLE_ADJUDICATION)
  [fetch] saved case_1413.json (18466 chars, theories=L3_MISC_CASE_NO_TITLE_ADJUDICATION)
  [fetch] saved case_1432.json (12366 chars, theories=L3_MISC_CASE_NO_TITLE_ADJUDICATION)
  [fetch] saved case_1442.json (14791 chars, theories=L3_MISC_CASE_NO_TITLE_ADJUDICATION)
  [fetch] saved case_1454.json (12038 chars, theories=L3_MISC_CASE_NO_TITLE_ADJUDICATION)
  [fetch] saved case_1461.json (11895 chars, theories=L3_MISC_CASE_NO_TITLE_ADJUDICATION)
  [fetch] saved case_1468.json (7923 chars, theories=L3_MISC_CASE_NO_TITLE_ADJUDICATION)
  [fetch] saved case_1471.json (33494 chars, theories=L3_MISC_CASE_NO_TITLE_ADJUDICATION)
  [fetch] saved case_1527.json (11616 chars, theories=L3_MISC_CASE_NO_TITLE_ADJUDICATION)
  [fetch] saved case_1551.json (20759 chars, theories=L3_MISC_CASE_NO_TITLE_ADJUDICATION)
  [fetch] saved case_1553.json (34251 chars, theories=L3_MISC_CASE_NO_TITLE_ADJUDICATION)
  progress: 75/909 for this group
  [fetch] saved case_1565.json (26634 chars, theories=L3_MISC_CASE_NO_TITLE_ADJUDICATION)
  [fetch] saved case_1567.json (22160 chars, theories=L3_MISC_CASE_NO_TITLE_ADJUDICATION)
  [fetch] saved case_1573.json (10349 chars, theories=L3_MISC_CASE_NO_TITLE_ADJUDICATION)
  [fetch] saved case_1580.json (10401 chars, theories=L3_MISC_CASE_NO_TITLE_ADJUDICATION)
  [fetch] saved case_1591.json (17923 chars, theories=L3_MISC_CASE_NO_TITLE_ADJUDICATION)
  [compact] wrote E:\Mahfoz\Latest Advocacy\Resource\Judgements_Appeal38_2026\batch_68.json (39 cases), removed 39 loose file(s)
  [fetch] saved case_1595.json (30985 chars, theories=L3_MISC_CASE_NO_TITLE_ADJUDICATION)
  [fetch] saved case_1629.json (12729 chars, theories=L3_MISC_CASE_NO_TITLE_ADJUDICATION)
  [fetch] saved case_1659.json (47234 chars, theories=L3_MISC_CASE_NO_TITLE_ADJUDICATION)
  [fetch] saved case_1691.json (9398 chars, theories=L3_MISC_CASE_NO_TITLE_ADJUDICATION)
  [fetch] saved case_1695.json (22562 chars, theories=L3_MISC_CASE_NO_TITLE_ADJUDICATION)
  [fetch] saved case_1708.json (10101 chars, theories=L3_MISC_CASE_NO_TITLE_ADJUDICATION)
  [fetch] saved case_1716.json (11030 chars, theories=L3_MISC_CASE_NO_TITLE_ADJUDICATION)
  [fetch] saved case_1719.json (10824 chars, theories=L3_MISC_CASE_NO_TITLE_ADJUDICATION)
  [fetch] saved case_1739.json (13535 chars, theories=L3_MISC_CASE_NO_TITLE_ADJUDICATION)
  [fetch] saved case_1746.json (20427 chars, theories=L3_MISC_CASE_NO_TITLE_ADJUDICATION)
  [fetch] saved case_1760.json (18437 chars, theories=L3_MISC_CASE_NO_TITLE_ADJUDICATION)
  [fetch] saved case_1775.json (9535 chars, theories=L3_MISC_CASE_NO_TITLE_ADJUDICATION)
  [fetch] saved case_1783.json (13048 chars, theories=L3_MISC_CASE_NO_TITLE_ADJUDICATION)
  [fetch] saved case_1817.json (18855 chars, theories=L3_MISC_CASE_NO_TITLE_ADJUDICATION)
  [fetch] saved case_1819.json (15871 chars, theories=L3_MISC_CASE_NO_TITLE_ADJUDICATION)
  [fetch] saved case_1903.json (3778 chars, theories=L3_MISC_CASE_NO_TITLE_ADJUDICATION)
  [fetch] saved case_1904.json (49999 chars, theories=L3_MISC_CASE_NO_TITLE_ADJUDICATION)
  [fetch] saved case_1918.json (12616 chars, theories=L3_MISC_CASE_NO_TITLE_ADJUDICATION)
  [fetch] saved case_1923.json (21999 chars, theories=L3_MISC_CASE_NO_TITLE_ADJUDICATION)
  [fetch] saved case_2005.json (7181 chars, theories=L3_MISC_CASE_NO_TITLE_ADJUDICATION)
  progress: 100/909 for this group
  [compact] wrote E:\Mahfoz\Latest Advocacy\Resource\Judgements_Appeal38_2026\batch_69.json (20 cases), removed 20 loose file(s)
  [fetch] saved case_2053.json (11277 chars, theories=L3_MISC_CASE_NO_TITLE_ADJUDICATION)
  [fetch] saved case_2091.json (7582 chars, theories=L3_MISC_CASE_NO_TITLE_ADJUDICATION)
  [fetch] saved case_2094.json (8395 chars, theories=L3_MISC_CASE_NO_TITLE_ADJUDICATION)
  [fetch] saved case_2103.json (23396 chars, theories=L3_MISC_CASE_NO_TITLE_ADJUDICATION)
  [fetch] saved case_2104.json (26842 chars, theories=L3_MISC_CASE_NO_TITLE_ADJUDICATION)
  [fetch] saved case_2172.json (20569 chars, theories=L3_MISC_CASE_NO_TITLE_ADJUDICATION)
  [fetch] saved case_2195.json (5340 chars, theories=L3_MISC_CASE_NO_TITLE_ADJUDICATION)
  [fetch] saved case_2213.json (8615 chars, theories=L3_MISC_CASE_NO_TITLE_ADJUDICATION)
  [fetch] saved case_2231.json (22188 chars, theories=L3_MISC_CASE_NO_TITLE_ADJUDICATION)
  [fetch] saved case_2251.json (12995 chars, theories=L3_MISC_CASE_NO_TITLE_ADJUDICATION)
  [fetch] saved case_2305.json (15114 chars, theories=L3_MISC_CASE_NO_TITLE_ADJUDICATION)
  [fetch] saved case_2327.json (34451 chars, theories=L3_MISC_CASE_NO_TITLE_ADJUDICATION)
  [fetch] saved case_2340.json (5544 chars, theories=L3_MISC_CASE_NO_TITLE_ADJUDICATION)
  [fetch] saved case_2352.json (22222 chars, theories=L3_MISC_CASE_NO_TITLE_ADJUDICATION)
  [fetch] saved case_2358.json (16074 chars, theories=L3_MISC_CASE_NO_TITLE_ADJUDICATION)
  [fetch] saved case_2402.json (7011 chars, theories=L3_MISC_CASE_NO_TITLE_ADJUDICATION)
  [fetch] saved case_2414.json (23543 chars, theories=L3_MISC_CASE_NO_TITLE_ADJUDICATION)
  [fetch] saved case_2416.json (36134 chars, theories=L3_MISC_CASE_NO_TITLE_ADJUDICATION)
  [fetch] saved case_2438.json (6153 chars, theories=L3_MISC_CASE_NO_TITLE_ADJUDICATION)
  [fetch] saved case_2443.json (13179 chars, theories=L3_MISC_CASE_NO_TITLE_ADJUDICATION)
  [compact] wrote E:\Mahfoz\Latest Advocacy\Resource\Judgements_Appeal38_2026\batch_70.json (20 cases), removed 20 loose file(s)
  [fetch] saved case_2455.json (6465 chars, theories=L3_MISC_CASE_NO_TITLE_ADJUDICATION)
  [fetch] saved case_2464.json (12434 chars, theories=L3_MISC_CASE_NO_TITLE_ADJUDICATION)
  [skip] Id 2498 is criminal jurisdiction ((Criminal)), not saved.
  [fetch] saved case_2503.json (20222 chars, theories=L3_MISC_CASE_NO_TITLE_ADJUDICATION)
  [fetch] saved case_2553.json (7431 chars, theories=L3_MISC_CASE_NO_TITLE_ADJUDICATION)
  progress: 125/909 for this group
  [fetch] saved case_2561.json (19174 chars, theories=L3_MISC_CASE_NO_TITLE_ADJUDICATION)
  [fetch] saved case_2582.json (29974 chars, theories=L3_MISC_CASE_NO_TITLE_ADJUDICATION)
  [fetch] saved case_2606.json (18868 chars, theories=L3_MISC_CASE_NO_TITLE_ADJUDICATION)
  [fetch] saved case_2634.json (30789 chars, theories=L3_MISC_CASE_NO_TITLE_ADJUDICATION)
  [fetch] saved case_2697.json (3929 chars, theories=L3_MISC_CASE_NO_TITLE_ADJUDICATION)
  [fetch] saved case_2722.json (21728 chars, theories=L3_MISC_CASE_NO_TITLE_ADJUDICATION)
  [fetch] saved case_2759.json (2026 chars, theories=L3_MISC_CASE_NO_TITLE_ADJUDICATION)
  [fetch] saved case_2775.json (20779 chars, theories=L3_MISC_CASE_NO_TITLE_ADJUDICATION)
  [fetch] saved case_2812.json (8902 chars, theories=L3_MISC_CASE_NO_TITLE_ADJUDICATION)
  [fetch] saved case_2819.json (18387 chars, theories=L3_MISC_CASE_NO_TITLE_ADJUDICATION)
  [fetch] saved case_2835.json (8532 chars, theories=L3_MISC_CASE_NO_TITLE_ADJUDICATION)
  [fetch] saved case_2839.json (10788 chars, theories=L3_MISC_CASE_NO_TITLE_ADJUDICATION)
  [fetch] saved case_2840.json (8192 chars, theories=L3_MISC_CASE_NO_TITLE_ADJUDICATION)
  [fetch] saved case_2856.json (9459 chars, theories=L3_MISC_CASE_NO_TITLE_ADJUDICATION)
  [fetch] saved case_2874.json (13124 chars, theories=L3_MISC_CASE_NO_TITLE_ADJUDICATION)
  [fetch] saved case_2915.json (8482 chars, theories=L3_MISC_CASE_NO_TITLE_ADJUDICATION)
  [fetch] saved case_2984.json (28730 chars, theories=L3_MISC_CASE_NO_TITLE_ADJUDICATION)
  [fetch] saved case_3014.json (13778 chars, theories=L3_MISC_CASE_NO_TITLE_ADJUDICATION)
  [fetch] saved case_3034.json (18864 chars, theories=L3_MISC_CASE_NO_TITLE_ADJUDICATION)
  [fetch] saved case_3073.json (7260 chars, theories=L3_MISC_CASE_NO_TITLE_ADJUDICATION)
  [fetch] saved case_3093.json (11644 chars, theories=L3_MISC_CASE_NO_TITLE_ADJUDICATION)
  [fetch] saved case_3103.json (23450 chars, theories=L3_MISC_CASE_NO_TITLE_ADJUDICATION)
  [fetch] saved case_3112.json (11036 chars, theories=L3_MISC_CASE_NO_TITLE_ADJUDICATION)
  [fetch] saved case_3133.json (15351 chars, theories=L3_MISC_CASE_NO_TITLE_ADJUDICATION)
  [fetch] saved case_3139.json (12738 chars, theories=L3_MISC_CASE_NO_TITLE_ADJUDICATION)
  progress: 150/909 for this group
  [fetch] saved case_3150.json (4537 chars, theories=L3_MISC_CASE_NO_TITLE_ADJUDICATION)
  [fetch] saved case_3156.json (17890 chars, theories=L3_MISC_CASE_NO_TITLE_ADJUDICATION)
  [fetch] saved case_3177.json (8611 chars, theories=L3_MISC_CASE_NO_TITLE_ADJUDICATION)
  [fetch] saved case_3199.json (18027 chars, theories=L3_MISC_CASE_NO_TITLE_ADJUDICATION)
  [fetch] saved case_3203.json (3833 chars, theories=L3_MISC_CASE_NO_TITLE_ADJUDICATION)
  [fetch] saved case_3213.json (14788 chars, theories=L3_MISC_CASE_NO_TITLE_ADJUDICATION)
  [fetch] saved case_3215.json (10878 chars, theories=L3_MISC_CASE_NO_TITLE_ADJUDICATION)
  [fetch] saved case_3236.json (10405 chars, theories=L3_MISC_CASE_NO_TITLE_ADJUDICATION)
  [fetch] saved case_3258.json (14208 chars, theories=L3_MISC_CASE_NO_TITLE_ADJUDICATION)
  [fetch] saved case_3276.json (10379 chars, theories=L3_MISC_CASE_NO_TITLE_ADJUDICATION)
  [compact] wrote E:\Mahfoz\Latest Advocacy\Resource\Judgements_Appeal38_2026\batch_71.json (39 cases), removed 39 loose file(s)
  [fetch] saved case_3327.json (11168 chars, theories=L3_MISC_CASE_NO_TITLE_ADJUDICATION)
  [fetch] saved case_3334.json (12024 chars, theories=L3_MISC_CASE_NO_TITLE_ADJUDICATION)
  [fetch] saved case_3363.json (6368 chars, theories=L3_MISC_CASE_NO_TITLE_ADJUDICATION)
  [fetch] saved case_3378.json (10005 chars, theories=L3_MISC_CASE_NO_TITLE_ADJUDICATION)
  [fetch] saved case_3409.json (3946 chars, theories=L3_MISC_CASE_NO_TITLE_ADJUDICATION)
  [fetch] saved case_3419.json (11667 chars, theories=L3_MISC_CASE_NO_TITLE_ADJUDICATION)
  [fetch] saved case_3449.json (22127 chars, theories=L3_MISC_CASE_NO_TITLE_ADJUDICATION)
  [fetch] saved case_3473.json (2744 chars, theories=L3_MISC_CASE_NO_TITLE_ADJUDICATION)
  [fetch] saved case_3474.json (27088 chars, theories=L3_MISC_CASE_NO_TITLE_ADJUDICATION)
  [fetch] saved case_3509.json (1122 chars, theories=L3_MISC_CASE_NO_TITLE_ADJUDICATION)
  [fetch] saved case_3577.json (8402 chars, theories=L3_MISC_CASE_NO_TITLE_ADJUDICATION)
  [fetch] saved case_3592.json (15104 chars, theories=L3_MISC_CASE_NO_TITLE_ADJUDICATION)
  [fetch] saved case_3621.json (16740 chars, theories=L3_MISC_CASE_NO_TITLE_ADJUDICATION)
  [fetch] saved case_3628.json (18784 chars, theories=L3_MISC_CASE_NO_TITLE_ADJUDICATION)
  [fetch] saved case_3640.json (11974 chars, theories=L3_MISC_CASE_NO_TITLE_ADJUDICATION)
  progress: 175/909 for this group
  [fetch] saved case_3684.json (8749 chars, theories=L3_MISC_CASE_NO_TITLE_ADJUDICATION)
  [fetch] saved case_3733.json (6984 chars, theories=L3_MISC_CASE_NO_TITLE_ADJUDICATION)
  [fetch] saved case_3743.json (4258 chars, theories=L3_MISC_CASE_NO_TITLE_ADJUDICATION)
  [fetch] saved case_3755.json (4485 chars, theories=L3_MISC_CASE_NO_TITLE_ADJUDICATION)
  [fetch] saved case_3765.json (4539 chars, theories=L3_MISC_CASE_NO_TITLE_ADJUDICATION)
  [compact] wrote E:\Mahfoz\Latest Advocacy\Resource\Judgements_Appeal38_2026\batch_72.json (20 cases), removed 20 loose file(s)
  [fetch] saved case_3774.json (4173 chars, theories=L3_MISC_CASE_NO_TITLE_ADJUDICATION)
  [fetch] saved case_3797.json (8149 chars, theories=L3_MISC_CASE_NO_TITLE_ADJUDICATION)
  [skip] Id 3813 is criminal jurisdiction ((Criminal Miscellaneous Jurisdiction)), not saved.
  [fetch] saved case_3837.json (17227 chars, theories=L3_MISC_CASE_NO_TITLE_ADJUDICATION)
  [fetch] saved case_3915.json (5646 chars, theories=L3_MISC_CASE_NO_TITLE_ADJUDICATION)
  [fetch] saved case_3917.json (11067 chars, theories=L3_MISC_CASE_NO_TITLE_ADJUDICATION)
  [fetch] saved case_3947.json (11940 chars, theories=L3_MISC_CASE_NO_TITLE_ADJUDICATION)
  [fetch] saved case_4004.json (7590 chars, theories=L3_MISC_CASE_NO_TITLE_ADJUDICATION)
  [fetch] saved case_4016.json (7404 chars, theories=L3_MISC_CASE_NO_TITLE_ADJUDICATION)
  [fetch] saved case_4055.json (19597 chars, theories=L3_MISC_CASE_NO_TITLE_ADJUDICATION)
  [fetch] saved case_4062.json (22272 chars, theories=L3_MISC_CASE_NO_TITLE_ADJUDICATION)
  [fetch] saved case_4090.json (18330 chars, theories=L3_MISC_CASE_NO_TITLE_ADJUDICATION)
  [fetch] saved case_4093.json (8934 chars, theories=L3_MISC_CASE_NO_TITLE_ADJUDICATION)
  [fetch] saved case_4117.json (28678 chars, theories=L3_MISC_CASE_NO_TITLE_ADJUDICATION)
  [skip] Id 4127 is criminal jurisdiction ((Criminal Miscellaneous Jurisdiction)), not saved.
  [fetch] saved case_4154.json (19535 chars, theories=L3_MISC_CASE_NO_TITLE_ADJUDICATION)
  [fetch] saved case_4177.json (4316 chars, theories=L3_MISC_CASE_NO_TITLE_ADJUDICATION)
  [fetch] saved case_4186.json (9668 chars, theories=L3_MISC_CASE_NO_TITLE_ADJUDICATION)
  [fetch] saved case_4191.json (7009 chars, theories=L3_MISC_CASE_NO_TITLE_ADJUDICATION)
  [fetch] saved case_4197.json (14683 chars, theories=L3_MISC_CASE_NO_TITLE_ADJUDICATION)
  progress: 200/909 for this group
  [fetch] saved case_4198.json (21859 chars, theories=L3_MISC_CASE_NO_TITLE_ADJUDICATION)
  [fetch] saved case_4249.json (2892 chars, theories=L3_MISC_CASE_NO_TITLE_ADJUDICATION)
  [fetch] saved case_4280.json (7741 chars, theories=L3_MISC_CASE_NO_TITLE_ADJUDICATION)
  [fetch] saved case_4281.json (16523 chars, theories=L3_MISC_CASE_NO_TITLE_ADJUDICATION)
  [fetch] saved case_4287.json (7116 chars, theories=L3_MISC_CASE_NO_TITLE_ADJUDICATION)
  [skip] Id 4321 is criminal jurisdiction ((Criminal)), not saved.
  [fetch] saved case_4325.json (9120 chars, theories=L3_MISC_CASE_NO_TITLE_ADJUDICATION)
  [fetch] saved case_4340.json (12800 chars, theories=L3_MISC_CASE_NO_TITLE_ADJUDICATION)
  [fetch] saved case_4361.json (25456 chars, theories=L3_MISC_CASE_NO_TITLE_ADJUDICATION)
  [fetch] saved case_4376.json (17086 chars, theories=L3_MISC_CASE_NO_TITLE_ADJUDICATION)
  [fetch] saved case_4379.json (10742 chars, theories=L3_MISC_CASE_NO_TITLE_ADJUDICATION)
  [skip] Id 4382 is criminal jurisdiction ((Criminal Appellate Jurisdiction)), not saved.
  [fetch] saved case_4411.json (11536 chars, theories=L3_MISC_CASE_NO_TITLE_ADJUDICATION)
  [fetch] saved case_4430.json (18148 chars, theories=L3_MISC_CASE_NO_TITLE_ADJUDICATION)
  [fetch] saved case_4454.json (13983 chars, theories=L3_MISC_CASE_NO_TITLE_ADJUDICATION)
  [fetch] saved case_4470.json (8613 chars, theories=L3_MISC_CASE_NO_TITLE_ADJUDICATION)
  [fetch] saved case_4501.json (11127 chars, theories=L3_MISC_CASE_NO_TITLE_ADJUDICATION)
  [fetch] saved case_4526.json (9197 chars, theories=L3_MISC_CASE_NO_TITLE_ADJUDICATION)
  [fetch] saved case_4556.json (11172 chars, theories=L3_MISC_CASE_NO_TITLE_ADJUDICATION)
  [fetch] saved case_4584.json (15182 chars, theories=L3_MISC_CASE_NO_TITLE_ADJUDICATION)
  [compact] wrote E:\Mahfoz\Latest Advocacy\Resource\Judgements_Appeal38_2026\batch_73.json (36 cases), removed 36 loose file(s)
  [fetch] saved case_4585.json (17122 chars, theories=L3_MISC_CASE_NO_TITLE_ADJUDICATION)
  [fetch] saved case_4613.json (13886 chars, theories=L3_MISC_CASE_NO_TITLE_ADJUDICATION)
  [fetch] saved case_4625.json (16858 chars, theories=L3_MISC_CASE_NO_TITLE_ADJUDICATION)
  [fetch] saved case_4643.json (11251 chars, theories=L3_MISC_CASE_NO_TITLE_ADJUDICATION)
  [fetch] saved case_4649.json (14019 chars, theories=L3_MISC_CASE_NO_TITLE_ADJUDICATION)
  progress: 225/909 for this group
  [fetch] saved case_4650.json (23110 chars, theories=L3_MISC_CASE_NO_TITLE_ADJUDICATION)
  [fetch] saved case_4651.json (4693 chars, theories=L3_MISC_CASE_NO_TITLE_ADJUDICATION)
  [fetch] saved case_4655.json (5952 chars, theories=L3_MISC_CASE_NO_TITLE_ADJUDICATION)
  [fetch] saved case_4676.json (15158 chars, theories=L3_MISC_CASE_NO_TITLE_ADJUDICATION)
  [fetch] saved case_4686.json (9605 chars, theories=L3_MISC_CASE_NO_TITLE_ADJUDICATION)
  [fetch] saved case_4693.json (18997 chars, theories=L3_MISC_CASE_NO_TITLE_ADJUDICATION)
  [fetch] saved case_4708.json (55416 chars, theories=L3_MISC_CASE_NO_TITLE_ADJUDICATION)
  [fetch] saved case_4733.json (44580 chars, theories=L3_MISC_CASE_NO_TITLE_ADJUDICATION)
  [fetch] saved case_4762.json (5178 chars, theories=L3_MISC_CASE_NO_TITLE_ADJUDICATION)
  [fetch] saved case_4765.json (8690 chars, theories=L3_MISC_CASE_NO_TITLE_ADJUDICATION)
  [fetch] saved case_4894.json (12926 chars, theories=L3_MISC_CASE_NO_TITLE_ADJUDICATION)
  [fetch] saved case_4976.json (19294 chars, theories=L3_MISC_CASE_NO_TITLE_ADJUDICATION)
  [fetch] saved case_4990.json (25420 chars, theories=L3_MISC_CASE_NO_TITLE_ADJUDICATION)
  [fetch] saved case_4994.json (12074 chars, theories=L3_MISC_CASE_NO_TITLE_ADJUDICATION)
  [fetch] saved case_5026.json (9152 chars, theories=L3_MISC_CASE_NO_TITLE_ADJUDICATION)
  [compact] wrote E:\Mahfoz\Latest Advocacy\Resource\Judgements_Appeal38_2026\batch_74.json (20 cases), removed 20 loose file(s)
  [fetch] saved case_5041.json (8309 chars, theories=L3_MISC_CASE_NO_TITLE_ADJUDICATION)
  [fetch] saved case_5051.json (7786 chars, theories=L3_MISC_CASE_NO_TITLE_ADJUDICATION)
  [fetch] saved case_5055.json (13871 chars, theories=L3_MISC_CASE_NO_TITLE_ADJUDICATION)
  [fetch] saved case_5059.json (12010 chars, theories=L3_MISC_CASE_NO_TITLE_ADJUDICATION)
  [fetch] saved case_5063.json (24080 chars, theories=L3_MISC_CASE_NO_TITLE_ADJUDICATION)
  [fetch] saved case_5065.json (5009 chars, theories=L3_MISC_CASE_NO_TITLE_ADJUDICATION)
  [fetch] saved case_5133.json (21984 chars, theories=L3_MISC_CASE_NO_TITLE_ADJUDICATION)
  [fetch] saved case_5136.json (23293 chars, theories=L3_MISC_CASE_NO_TITLE_ADJUDICATION)
  [fetch] saved case_5142.json (25862 chars, theories=L3_MISC_CASE_NO_TITLE_ADJUDICATION)
  [fetch] saved case_5149.json (29111 chars, theories=L3_MISC_CASE_NO_TITLE_ADJUDICATION)
  progress: 250/909 for this group
  [fetch] saved case_5157.json (24640 chars, theories=L3_MISC_CASE_NO_TITLE_ADJUDICATION)
  [fetch] saved case_5165.json (6474 chars, theories=L3_MISC_CASE_NO_TITLE_ADJUDICATION)
  [fetch] saved case_5196.json (5520 chars, theories=L3_MISC_CASE_NO_TITLE_ADJUDICATION)
  [fetch] saved case_5245.json (7833 chars, theories=L3_MISC_CASE_NO_TITLE_ADJUDICATION)
  [fetch] saved case_5268.json (28664 chars, theories=L3_MISC_CASE_NO_TITLE_ADJUDICATION)
  [fetch] saved case_5271.json (12691 chars, theories=L3_MISC_CASE_NO_TITLE_ADJUDICATION)
  [fetch] saved case_5272.json (14852 chars, theories=L3_MISC_CASE_NO_TITLE_ADJUDICATION)
  [fetch] saved case_5291.json (9156 chars, theories=L3_MISC_CASE_NO_TITLE_ADJUDICATION)
  [fetch] saved case_5345.json (8998 chars, theories=L3_MISC_CASE_NO_TITLE_ADJUDICATION)
  [fetch] saved case_5382.json (9064 chars, theories=L3_MISC_CASE_NO_TITLE_ADJUDICATION)
  [compact] wrote E:\Mahfoz\Latest Advocacy\Resource\Judgements_Appeal38_2026\batch_75.json (20 cases), removed 20 loose file(s)
  [fetch] saved case_5394.json (6451 chars, theories=L3_MISC_CASE_NO_TITLE_ADJUDICATION)
  [fetch] saved case_5424.json (13276 chars, theories=L3_MISC_CASE_NO_TITLE_ADJUDICATION)
  [fetch] saved case_5426.json (20090 chars, theories=L3_MISC_CASE_NO_TITLE_ADJUDICATION)
  [fetch] saved case_5436.json (18179 chars, theories=L3_MISC_CASE_NO_TITLE_ADJUDICATION)
  [fetch] saved case_5440.json (10544 chars, theories=L3_MISC_CASE_NO_TITLE_ADJUDICATION)
  [fetch] saved case_5462.json (16028 chars, theories=L3_MISC_CASE_NO_TITLE_ADJUDICATION)
  [fetch] saved case_5493.json (28073 chars, theories=L3_MISC_CASE_NO_TITLE_ADJUDICATION)
  [fetch] saved case_5515.json (16386 chars, theories=L3_MISC_CASE_NO_TITLE_ADJUDICATION)
  [fetch] saved case_5517.json (52179 chars, theories=L3_MISC_CASE_NO_TITLE_ADJUDICATION)
  [fetch] saved case_5528.json (4721 chars, theories=L3_MISC_CASE_NO_TITLE_ADJUDICATION)
  [fetch] saved case_5529.json (10737 chars, theories=L3_MISC_CASE_NO_TITLE_ADJUDICATION)
  [fetch] saved case_5577.json (21661 chars, theories=L3_MISC_CASE_NO_TITLE_ADJUDICATION)
  [fetch] saved case_5580.json (3995 chars, theories=L3_MISC_CASE_NO_TITLE_ADJUDICATION)
  [fetch] saved case_5605.json (13094 chars, theories=L3_MISC_CASE_NO_TITLE_ADJUDICATION)
  [fetch] saved case_5642.json (13285 chars, theories=L3_MISC_CASE_NO_TITLE_ADJUDICATION)
  progress: 275/909 for this group
  [fetch] saved case_5665.json (3197 chars, theories=L3_MISC_CASE_NO_TITLE_ADJUDICATION)
  [fetch] saved case_5692.json (15570 chars, theories=L3_MISC_CASE_NO_TITLE_ADJUDICATION)
  [fetch] saved case_5727.json (16154 chars, theories=L3_MISC_CASE_NO_TITLE_ADJUDICATION)
  [fetch] saved case_5767.json (4548 chars, theories=L3_MISC_CASE_NO_TITLE_ADJUDICATION)
  [fetch] saved case_5806.json (4703 chars, theories=L3_MISC_CASE_NO_TITLE_ADJUDICATION)
  [compact] wrote E:\Mahfoz\Latest Advocacy\Resource\Judgements_Appeal38_2026\batch_76.json (20 cases), removed 20 loose file(s)
  [fetch] saved case_5808.json (6932 chars, theories=L3_MISC_CASE_NO_TITLE_ADJUDICATION)
  [fetch] saved case_5815.json (13754 chars, theories=L3_MISC_CASE_NO_TITLE_ADJUDICATION)
  [fetch] saved case_5838.json (5731 chars, theories=L3_MISC_CASE_NO_TITLE_ADJUDICATION)
  [fetch] saved case_5839.json (7573 chars, theories=L3_MISC_CASE_NO_TITLE_ADJUDICATION)
  [skip] Id 5848 is criminal jurisdiction (Civil Revisional, Jurisdiction), not saved.
  [fetch] saved case_5905.json (17400 chars, theories=L3_MISC_CASE_NO_TITLE_ADJUDICATION)
  [fetch] saved case_5964.json (7693 chars, theories=L3_MISC_CASE_NO_TITLE_ADJUDICATION)
  [fetch] saved case_6001.json (5553 chars, theories=L3_MISC_CASE_NO_TITLE_ADJUDICATION)
  [fetch] saved case_6010.json (9856 chars, theories=L3_MISC_CASE_NO_TITLE_ADJUDICATION)
  [fetch] saved case_6013.json (9042 chars, theories=L3_MISC_CASE_NO_TITLE_ADJUDICATION)
  [skip] Id 6032 is criminal jurisdiction (Criminal Revisional Jurisdiction), not saved.
  [fetch] saved case_6045.json (20684 chars, theories=L3_MISC_CASE_NO_TITLE_ADJUDICATION)
  [fetch] saved case_6089.json (10570 chars, theories=L3_MISC_CASE_NO_TITLE_ADJUDICATION)
  [fetch] saved case_6167.json (5583 chars, theories=L3_MISC_CASE_NO_TITLE_ADJUDICATION)
  [fetch] saved case_6211.json (12217 chars, theories=L3_MISC_CASE_NO_TITLE_ADJUDICATION)
  [fetch] saved case_6228.json (4751 chars, theories=L3_MISC_CASE_NO_TITLE_ADJUDICATION)
  [fetch] saved case_6286.json (8196 chars, theories=L3_MISC_CASE_NO_TITLE_ADJUDICATION)
  [fetch] saved case_6321.json (46446 chars, theories=L3_MISC_CASE_NO_TITLE_ADJUDICATION)
  [fetch] saved case_6328.json (18839 chars, theories=L3_MISC_CASE_NO_TITLE_ADJUDICATION)
  [fetch] saved case_6338.json (18260 chars, theories=L3_MISC_CASE_NO_TITLE_ADJUDICATION)
  progress: 300/909 for this group
  [skip] Id 6358 is criminal jurisdiction ((Criminal)), not saved.
  [fetch] saved case_6364.json (12002 chars, theories=L3_MISC_CASE_NO_TITLE_ADJUDICATION)
  [fetch] saved case_6423.json (7785 chars, theories=L3_MISC_CASE_NO_TITLE_ADJUDICATION)
  [fetch] saved case_6427.json (4886 chars, theories=L3_MISC_CASE_NO_TITLE_ADJUDICATION)
  [fetch] saved case_6447.json (1632 chars, theories=L3_MISC_CASE_NO_TITLE_ADJUDICATION)
  [fetch] saved case_6448.json (12465 chars, theories=L3_MISC_CASE_NO_TITLE_ADJUDICATION)
  [fetch] saved case_6473.json (6864 chars, theories=L3_MISC_CASE_NO_TITLE_ADJUDICATION)
  [fetch] saved case_6486.json (13484 chars, theories=L3_MISC_CASE_NO_TITLE_ADJUDICATION)
  [fetch] saved case_6504.json (16073 chars, theories=L3_MISC_CASE_NO_TITLE_ADJUDICATION)
  [fetch] saved case_6511.json (16248 chars, theories=L3_MISC_CASE_NO_TITLE_ADJUDICATION)
  [fetch] saved case_6582.json (12933 chars, theories=L3_MISC_CASE_NO_TITLE_ADJUDICATION)
  [fetch] saved case_6613.json (15756 chars, theories=L3_MISC_CASE_NO_TITLE_ADJUDICATION)
  [fetch] saved case_6621.json (6827 chars, theories=L3_MISC_CASE_NO_TITLE_ADJUDICATION)
  [fetch] saved case_6632.json (10501 chars, theories=L3_MISC_CASE_NO_TITLE_ADJUDICATION)
  [fetch] saved case_6671.json (5682 chars, theories=L3_MISC_CASE_NO_TITLE_ADJUDICATION)
  [fetch] saved case_6679.json (3016 chars, theories=L3_MISC_CASE_NO_TITLE_ADJUDICATION)
  [fetch] saved case_6680.json (7375 chars, theories=L3_MISC_CASE_NO_TITLE_ADJUDICATION)
  [fetch] saved case_6701.json (6863 chars, theories=L3_MISC_CASE_NO_TITLE_ADJUDICATION)
  [fetch] saved case_6753.json (21075 chars, theories=L3_MISC_CASE_NO_TITLE_ADJUDICATION)
  [fetch] saved case_6779.json (3509 chars, theories=L3_MISC_CASE_NO_TITLE_ADJUDICATION)
  [compact] wrote E:\Mahfoz\Latest Advocacy\Resource\Judgements_Appeal38_2026\batch_77.json (37 cases), removed 37 loose file(s)
  [fetch] saved case_6804.json (4647 chars, theories=L3_MISC_CASE_NO_TITLE_ADJUDICATION)
  [fetch] saved case_6839.json (27471 chars, theories=L3_MISC_CASE_NO_TITLE_ADJUDICATION)
  [fetch] saved case_6858.json (5185 chars, theories=L3_MISC_CASE_NO_TITLE_ADJUDICATION)
  [fetch] saved case_6873.json (20410 chars, theories=L3_MISC_CASE_NO_TITLE_ADJUDICATION)
  [fetch] saved case_6880.json (4667 chars, theories=L3_MISC_CASE_NO_TITLE_ADJUDICATION)
  progress: 325/909 for this group
  [fetch] saved case_6946.json (16785 chars, theories=L3_MISC_CASE_NO_TITLE_ADJUDICATION)
  [fetch] saved case_7004.json (20163 chars, theories=L3_MISC_CASE_NO_TITLE_ADJUDICATION)
  [skip] Id 7012 is criminal jurisdiction ((Criminal Appellate Jurisdiction)), not saved.
  [fetch] saved case_7018.json (14665 chars, theories=L3_MISC_CASE_NO_TITLE_ADJUDICATION)
  [fetch] saved case_7032.json (2405 chars, theories=L3_MISC_CASE_NO_TITLE_ADJUDICATION)
  [fetch] saved case_7085.json (6776 chars, theories=L3_MISC_CASE_NO_TITLE_ADJUDICATION)
  [fetch] saved case_7097.json (18766 chars, theories=L3_MISC_CASE_NO_TITLE_ADJUDICATION)
  [fetch] saved case_7106.json (14393 chars, theories=L3_MISC_CASE_NO_TITLE_ADJUDICATION)
  [fetch] saved case_7113.json (7039 chars, theories=L3_MISC_CASE_NO_TITLE_ADJUDICATION)
  [fetch] saved case_7144.json (28358 chars, theories=L3_MISC_CASE_NO_TITLE_ADJUDICATION)
  [fetch] saved case_7150.json (8361 chars, theories=L3_MISC_CASE_NO_TITLE_ADJUDICATION)
  [fetch] saved case_7154.json (14941 chars, theories=L3_MISC_CASE_NO_TITLE_ADJUDICATION)
  [fetch] saved case_7188.json (5090 chars, theories=L3_MISC_CASE_NO_TITLE_ADJUDICATION)
  [fetch] saved case_7200.json (11875 chars, theories=L3_MISC_CASE_NO_TITLE_ADJUDICATION)
  [fetch] saved case_7229.json (16773 chars, theories=L3_MISC_CASE_NO_TITLE_ADJUDICATION)
  [fetch] saved case_7248.json (4369 chars, theories=L3_MISC_CASE_NO_TITLE_ADJUDICATION)
  [fetch] saved case_7257.json (21355 chars, theories=L3_MISC_CASE_NO_TITLE_ADJUDICATION)
  [fetch] saved case_7266.json (9094 chars, theories=L3_MISC_CASE_NO_TITLE_ADJUDICATION)
  [fetch] saved case_7270.json (6145 chars, theories=L3_MISC_CASE_NO_TITLE_ADJUDICATION)
  [fetch] saved case_7274.json (8024 chars, theories=L3_MISC_CASE_NO_TITLE_ADJUDICATION)
  [fetch] saved case_7279.json (8211 chars, theories=L3_MISC_CASE_NO_TITLE_ADJUDICATION)
  [fetch] saved case_7288.json (16213 chars, theories=L3_MISC_CASE_NO_TITLE_ADJUDICATION)
  [fetch] saved case_7291.json (16624 chars, theories=L3_MISC_CASE_NO_TITLE_ADJUDICATION)
  [fetch] saved case_7301.json (9890 chars, theories=L3_MISC_CASE_NO_TITLE_ADJUDICATION)
  [fetch] saved case_7302.json (6850 chars, theories=L3_MISC_CASE_NO_TITLE_ADJUDICATION)
  progress: 350/909 for this group
  [fetch] saved case_7310.json (10366 chars, theories=L3_MISC_CASE_NO_TITLE_ADJUDICATION)
  [fetch] saved case_7327.json (18651 chars, theories=L3_MISC_CASE_NO_TITLE_ADJUDICATION)
  [fetch] saved case_7329.json (6147 chars, theories=L3_MISC_CASE_NO_TITLE_ADJUDICATION)
  [fetch] saved case_7340.json (19057 chars, theories=L3_MISC_CASE_NO_TITLE_ADJUDICATION)
  [fetch] saved case_7354.json (18187 chars, theories=L3_MISC_CASE_NO_TITLE_ADJUDICATION)
  [fetch] saved case_7371.json (18651 chars, theories=L3_MISC_CASE_NO_TITLE_ADJUDICATION)
  [fetch] saved case_7390.json (14465 chars, theories=L3_MISC_CASE_NO_TITLE_ADJUDICATION)
  [fetch] saved case_7398.json (18909 chars, theories=L3_MISC_CASE_NO_TITLE_ADJUDICATION)
  [fetch] saved case_7401.json (9138 chars, theories=L3_MISC_CASE_NO_TITLE_ADJUDICATION)
  [fetch] saved case_7428.json (10471 chars, theories=L3_MISC_CASE_NO_TITLE_ADJUDICATION)
  [compact] wrote E:\Mahfoz\Latest Advocacy\Resource\Judgements_Appeal38_2026\batch_78.json (39 cases), removed 39 loose file(s)
  [fetch] saved case_7491.json (14640 chars, theories=L3_MISC_CASE_NO_TITLE_ADJUDICATION)
  [fetch] saved case_7501.json (12606 chars, theories=L3_MISC_CASE_NO_TITLE_ADJUDICATION)
  [fetch] saved case_7516.json (10120 chars, theories=L3_MISC_CASE_NO_TITLE_ADJUDICATION)
  [fetch] saved case_7566.json (23732 chars, theories=L3_MISC_CASE_NO_TITLE_ADJUDICATION)
  [fetch] saved case_7580.json (5979 chars, theories=L3_MISC_CASE_NO_TITLE_ADJUDICATION)
  [fetch] saved case_7607.json (8674 chars, theories=L3_MISC_CASE_NO_TITLE_ADJUDICATION)
  [fetch] saved case_7610.json (13474 chars, theories=L3_MISC_CASE_NO_TITLE_ADJUDICATION)
  [fetch] saved case_7628.json (8448 chars, theories=L3_MISC_CASE_NO_TITLE_ADJUDICATION)
  [fetch] saved case_7650.json (4584 chars, theories=L3_MISC_CASE_NO_TITLE_ADJUDICATION)
  [fetch] saved case_7651.json (10978 chars, theories=L3_MISC_CASE_NO_TITLE_ADJUDICATION)
  [fetch] saved case_7653.json (15964 chars, theories=L3_MISC_CASE_NO_TITLE_ADJUDICATION)
  [fetch] saved case_7668.json (9070 chars, theories=L3_MISC_CASE_NO_TITLE_ADJUDICATION)
  [fetch] saved case_7691.json (11613 chars, theories=L3_MISC_CASE_NO_TITLE_ADJUDICATION)
  [fetch] saved case_7700.json (20313 chars, theories=L3_MISC_CASE_NO_TITLE_ADJUDICATION)
  [fetch] saved case_7704.json (23377 chars, theories=L3_MISC_CASE_NO_TITLE_ADJUDICATION)
  progress: 375/909 for this group
  [fetch] saved case_7720.json (11944 chars, theories=L3_MISC_CASE_NO_TITLE_ADJUDICATION)
  [fetch] saved case_7730.json (12303 chars, theories=L3_MISC_CASE_NO_TITLE_ADJUDICATION)
  [fetch] saved case_7738.json (19323 chars, theories=L3_MISC_CASE_NO_TITLE_ADJUDICATION)
  [fetch] saved case_7777.json (53690 chars, theories=L3_MISC_CASE_NO_TITLE_ADJUDICATION)
  [fetch] saved case_7782.json (11753 chars, theories=L3_MISC_CASE_NO_TITLE_ADJUDICATION)
  [compact] wrote E:\Mahfoz\Latest Advocacy\Resource\Judgements_Appeal38_2026\batch_79.json (20 cases), removed 20 loose file(s)
  [fetch] saved case_7786.json (4773 chars, theories=L3_MISC_CASE_NO_TITLE_ADJUDICATION)
  [fetch] saved case_7807.json (11641 chars, theories=L3_MISC_CASE_NO_TITLE_ADJUDICATION)
  [fetch] saved case_7809.json (3894 chars, theories=L3_MISC_CASE_NO_TITLE_ADJUDICATION)
  [fetch] saved case_7853.json (27275 chars, theories=L3_MISC_CASE_NO_TITLE_ADJUDICATION)
  [fetch] saved case_7855.json (25661 chars, theories=L3_MISC_CASE_NO_TITLE_ADJUDICATION)
  [fetch] saved case_7878.json (8783 chars, theories=L3_MISC_CASE_NO_TITLE_ADJUDICATION)
  [fetch] saved case_7879.json (24287 chars, theories=L3_MISC_CASE_NO_TITLE_ADJUDICATION)
  [fetch] saved case_7886.json (13892 chars, theories=L3_MISC_CASE_NO_TITLE_ADJUDICATION)
  [fetch] saved case_7905.json (6930 chars, theories=L3_MISC_CASE_NO_TITLE_ADJUDICATION)
  [fetch] saved case_7908.json (22543 chars, theories=L3_MISC_CASE_NO_TITLE_ADJUDICATION)
  [fetch] saved case_7926.json (3017 chars, theories=L3_MISC_CASE_NO_TITLE_ADJUDICATION)
  [fetch] saved case_7946.json (19577 chars, theories=L3_MISC_CASE_NO_TITLE_ADJUDICATION)
  [fetch] saved case_7962.json (6365 chars, theories=L3_MISC_CASE_NO_TITLE_ADJUDICATION)
  [fetch] saved case_7985.json (16921 chars, theories=L3_MISC_CASE_NO_TITLE_ADJUDICATION)
  [fetch] saved case_7993.json (18959 chars, theories=L3_MISC_CASE_NO_TITLE_ADJUDICATION)
  [fetch] saved case_7998.json (4969 chars, theories=L3_MISC_CASE_NO_TITLE_ADJUDICATION)
  [fetch] saved case_8052.json (14110 chars, theories=L3_MISC_CASE_NO_TITLE_ADJUDICATION)
  [fetch] saved case_8074.json (11999 chars, theories=L3_MISC_CASE_NO_TITLE_ADJUDICATION)
  [fetch] saved case_8079.json (18660 chars, theories=L3_MISC_CASE_NO_TITLE_ADJUDICATION)
  [fetch] saved case_8107.json (25954 chars, theories=L3_MISC_CASE_NO_TITLE_ADJUDICATION)
  progress: 400/909 for this group
  [compact] wrote E:\Mahfoz\Latest Advocacy\Resource\Judgements_Appeal38_2026\batch_80.json (20 cases), removed 20 loose file(s)
  [fetch] saved case_8114.json (16850 chars, theories=L3_MISC_CASE_NO_TITLE_ADJUDICATION)
  [fetch] saved case_8122.json (31609 chars, theories=L3_MISC_CASE_NO_TITLE_ADJUDICATION)
  [fetch] saved case_8134.json (20529 chars, theories=L3_MISC_CASE_NO_TITLE_ADJUDICATION)
  [fetch] saved case_8153.json (17044 chars, theories=L3_MISC_CASE_NO_TITLE_ADJUDICATION)
  [fetch] saved case_8181.json (10791 chars, theories=L3_MISC_CASE_NO_TITLE_ADJUDICATION)
  [fetch] saved case_8182.json (33623 chars, theories=L3_MISC_CASE_NO_TITLE_ADJUDICATION)
  [fetch] saved case_8188.json (16876 chars, theories=L3_MISC_CASE_NO_TITLE_ADJUDICATION)
  [fetch] saved case_8194.json (9031 chars, theories=L3_MISC_CASE_NO_TITLE_ADJUDICATION)
  [fetch] saved case_8197.json (18488 chars, theories=L3_MISC_CASE_NO_TITLE_ADJUDICATION)
  [fetch] saved case_8229.json (15225 chars, theories=L3_MISC_CASE_NO_TITLE_ADJUDICATION)
  [fetch] saved case_8233.json (21938 chars, theories=L3_MISC_CASE_NO_TITLE_ADJUDICATION)
  [fetch] saved case_8244.json (19935 chars, theories=L3_MISC_CASE_NO_TITLE_ADJUDICATION)
  [fetch] saved case_8246.json (15030 chars, theories=L3_MISC_CASE_NO_TITLE_ADJUDICATION)
  [fetch] saved case_8267.json (7791 chars, theories=L3_MISC_CASE_NO_TITLE_ADJUDICATION)
  [fetch] saved case_8276.json (10880 chars, theories=L3_MISC_CASE_NO_TITLE_ADJUDICATION)
  [fetch] saved case_8278.json (48232 chars, theories=L3_MISC_CASE_NO_TITLE_ADJUDICATION)
  [fetch] saved case_8293.json (7940 chars, theories=L3_MISC_CASE_NO_TITLE_ADJUDICATION)
  [fetch] saved case_8301.json (21331 chars, theories=L3_MISC_CASE_NO_TITLE_ADJUDICATION)
  [fetch] saved case_8308.json (24173 chars, theories=L3_MISC_CASE_NO_TITLE_ADJUDICATION)
  [fetch] saved case_8331.json (27773 chars, theories=L3_MISC_CASE_NO_TITLE_ADJUDICATION)
  [compact] wrote E:\Mahfoz\Latest Advocacy\Resource\Judgements_Appeal38_2026\batch_81.json (20 cases), removed 20 loose file(s)
  [fetch] saved case_8339.json (10500 chars, theories=L3_MISC_CASE_NO_TITLE_ADJUDICATION)
  [fetch] saved case_8360.json (11962 chars, theories=L3_MISC_CASE_NO_TITLE_ADJUDICATION)
  [fetch] saved case_8380.json (21400 chars, theories=L3_MISC_CASE_NO_TITLE_ADJUDICATION)
  [fetch] saved case_8418.json (14352 chars, theories=L3_MISC_CASE_NO_TITLE_ADJUDICATION)
  [fetch] saved case_8424.json (14956 chars, theories=L3_MISC_CASE_NO_TITLE_ADJUDICATION)
  progress: 425/909 for this group
  [fetch] saved case_8473.json (10597 chars, theories=L3_MISC_CASE_NO_TITLE_ADJUDICATION)
  [fetch] saved case_8518.json (32638 chars, theories=L3_MISC_CASE_NO_TITLE_ADJUDICATION)
  [fetch] saved case_8529.json (5351 chars, theories=L3_MISC_CASE_NO_TITLE_ADJUDICATION)
  [fetch] saved case_8532.json (16686 chars, theories=L3_MISC_CASE_NO_TITLE_ADJUDICATION)
  [fetch] saved case_8533.json (18954 chars, theories=L3_MISC_CASE_NO_TITLE_ADJUDICATION)
  [fetch] saved case_8564.json (20793 chars, theories=L3_MISC_CASE_NO_TITLE_ADJUDICATION)
  [fetch] saved case_8567.json (33163 chars, theories=L3_MISC_CASE_NO_TITLE_ADJUDICATION)
  [fetch] saved case_8620.json (9547 chars, theories=L3_MISC_CASE_NO_TITLE_ADJUDICATION)
  [fetch] saved case_8649.json (8085 chars, theories=L3_MISC_CASE_NO_TITLE_ADJUDICATION)
  [fetch] saved case_8657.json (18757 chars, theories=L3_MISC_CASE_NO_TITLE_ADJUDICATION)
  [fetch] saved case_8669.json (11821 chars, theories=L3_MISC_CASE_NO_TITLE_ADJUDICATION)
  [fetch] saved case_8674.json (16625 chars, theories=L3_MISC_CASE_NO_TITLE_ADJUDICATION)
  [fetch] saved case_8722.json (14756 chars, theories=L3_MISC_CASE_NO_TITLE_ADJUDICATION)
  [fetch] saved case_8737.json (16556 chars, theories=L3_MISC_CASE_NO_TITLE_ADJUDICATION)
  [fetch] saved case_8753.json (22338 chars, theories=L3_MISC_CASE_NO_TITLE_ADJUDICATION)
  [compact] wrote E:\Mahfoz\Latest Advocacy\Resource\Judgements_Appeal38_2026\batch_82.json (20 cases), removed 20 loose file(s)
  [fetch] saved case_8771.json (9208 chars, theories=L3_MISC_CASE_NO_TITLE_ADJUDICATION)
  [fetch] saved case_8785.json (24752 chars, theories=L3_MISC_CASE_NO_TITLE_ADJUDICATION)
  [fetch] saved case_8803.json (12520 chars, theories=L3_MISC_CASE_NO_TITLE_ADJUDICATION)
  [fetch] saved case_8804.json (21897 chars, theories=L3_MISC_CASE_NO_TITLE_ADJUDICATION)
  [fetch] saved case_8846.json (28266 chars, theories=L3_MISC_CASE_NO_TITLE_ADJUDICATION)
  [fetch] saved case_8859.json (4723 chars, theories=L3_MISC_CASE_NO_TITLE_ADJUDICATION)
  [fetch] saved case_8951.json (4191 chars, theories=L3_MISC_CASE_NO_TITLE_ADJUDICATION)
  [fetch] saved case_9000.json (8010 chars, theories=L3_MISC_CASE_NO_TITLE_ADJUDICATION)
  [fetch] saved case_9008.json (3330 chars, theories=L3_MISC_CASE_NO_TITLE_ADJUDICATION)
  [fetch] saved case_9017.json (25389 chars, theories=L3_MISC_CASE_NO_TITLE_ADJUDICATION)
  progress: 450/909 for this group
  [fetch] saved case_9111.json (14104 chars, theories=L3_MISC_CASE_NO_TITLE_ADJUDICATION)
  [fetch] saved case_9126.json (17174 chars, theories=L3_MISC_CASE_NO_TITLE_ADJUDICATION)
  [fetch] saved case_9154.json (3572 chars, theories=L3_MISC_CASE_NO_TITLE_ADJUDICATION)
  [fetch] saved case_9167.json (13771 chars, theories=L3_MISC_CASE_NO_TITLE_ADJUDICATION)
  [fetch] saved case_9199.json (5471 chars, theories=L3_MISC_CASE_NO_TITLE_ADJUDICATION)
  [fetch] saved case_9213.json (5519 chars, theories=L3_MISC_CASE_NO_TITLE_ADJUDICATION)
  [fetch] saved case_9275.json (7676 chars, theories=L3_MISC_CASE_NO_TITLE_ADJUDICATION)
  [fetch] saved case_9282.json (9160 chars, theories=L3_MISC_CASE_NO_TITLE_ADJUDICATION)
  [fetch] saved case_9284.json (7363 chars, theories=L3_MISC_CASE_NO_TITLE_ADJUDICATION)
  [fetch] saved case_9306.json (20625 chars, theories=L3_MISC_CASE_NO_TITLE_ADJUDICATION)
  [compact] wrote E:\Mahfoz\Latest Advocacy\Resource\Judgements_Appeal38_2026\batch_83.json (20 cases), removed 20 loose file(s)
  [fetch] saved case_9313.json (5007 chars, theories=L3_MISC_CASE_NO_TITLE_ADJUDICATION)
  [fetch] saved case_9317.json (8288 chars, theories=L3_MISC_CASE_NO_TITLE_ADJUDICATION)
  [fetch] saved case_9321.json (14398 chars, theories=L3_MISC_CASE_NO_TITLE_ADJUDICATION)
  [fetch] saved case_9329.json (31723 chars, theories=L3_MISC_CASE_NO_TITLE_ADJUDICATION)
  [fetch] saved case_9335.json (29031 chars, theories=L3_MISC_CASE_NO_TITLE_ADJUDICATION)
  [fetch] saved case_9359.json (17277 chars, theories=L3_MISC_CASE_NO_TITLE_ADJUDICATION)
  [fetch] saved case_9394.json (9623 chars, theories=L3_MISC_CASE_NO_TITLE_ADJUDICATION)
  [fetch] saved case_9407.json (9222 chars, theories=L3_MISC_CASE_NO_TITLE_ADJUDICATION)
  [fetch] saved case_9449.json (9613 chars, theories=L3_MISC_CASE_NO_TITLE_ADJUDICATION)
  [fetch] saved case_9477.json (16878 chars, theories=L3_MISC_CASE_NO_TITLE_ADJUDICATION)
  [fetch] saved case_9478.json (4780 chars, theories=L3_MISC_CASE_NO_TITLE_ADJUDICATION)
  [fetch] saved case_9483.json (5624 chars, theories=L3_MISC_CASE_NO_TITLE_ADJUDICATION)
  [fetch] saved case_9502.json (28218 chars, theories=L3_MISC_CASE_NO_TITLE_ADJUDICATION)
  [fetch] saved case_9505.json (20843 chars, theories=L3_MISC_CASE_NO_TITLE_ADJUDICATION)
  [fetch] saved case_9506.json (13283 chars, theories=L3_MISC_CASE_NO_TITLE_ADJUDICATION)
  progress: 475/909 for this group
  [fetch] saved case_9530.json (13436 chars, theories=L3_MISC_CASE_NO_TITLE_ADJUDICATION)
  [fetch] saved case_9578.json (12675 chars, theories=L3_MISC_CASE_NO_TITLE_ADJUDICATION)
  [fetch] saved case_9604.json (7009 chars, theories=L3_MISC_CASE_NO_TITLE_ADJUDICATION)
  [fetch] saved case_9613.json (10983 chars, theories=L3_MISC_CASE_NO_TITLE_ADJUDICATION)
  [fetch] saved case_9627.json (12527 chars, theories=L3_MISC_CASE_NO_TITLE_ADJUDICATION)
  [compact] wrote E:\Mahfoz\Latest Advocacy\Resource\Judgements_Appeal38_2026\batch_84.json (20 cases), removed 20 loose file(s)
  [fetch] saved case_9674.json (3048 chars, theories=L3_MISC_CASE_NO_TITLE_ADJUDICATION)
  [fetch] saved case_9684.json (8766 chars, theories=L3_MISC_CASE_NO_TITLE_ADJUDICATION)
  [fetch] saved case_9687.json (14638 chars, theories=L3_MISC_CASE_NO_TITLE_ADJUDICATION)
  [fetch] saved case_9691.json (36017 chars, theories=L3_MISC_CASE_NO_TITLE_ADJUDICATION)
  [fetch] saved case_9705.json (12283 chars, theories=L3_MISC_CASE_NO_TITLE_ADJUDICATION)
  [fetch] saved case_9724.json (10053 chars, theories=L3_MISC_CASE_NO_TITLE_ADJUDICATION)
  [fetch] saved case_9727.json (12903 chars, theories=L3_MISC_CASE_NO_TITLE_ADJUDICATION)
  [fetch] saved case_9749.json (13538 chars, theories=L3_MISC_CASE_NO_TITLE_ADJUDICATION)
  [fetch] saved case_9782.json (12372 chars, theories=L3_MISC_CASE_NO_TITLE_ADJUDICATION)
  [fetch] saved case_9792.json (17202 chars, theories=L3_MISC_CASE_NO_TITLE_ADJUDICATION)
  [fetch] saved case_9794.json (6798 chars, theories=L3_MISC_CASE_NO_TITLE_ADJUDICATION)
  [fetch] saved case_9818.json (5841 chars, theories=L3_MISC_CASE_NO_TITLE_ADJUDICATION)
  [fetch] saved case_9911.json (11173 chars, theories=L3_MISC_CASE_NO_TITLE_ADJUDICATION)
  [fetch] saved case_9933.json (7851 chars, theories=L3_MISC_CASE_NO_TITLE_ADJUDICATION)
  [fetch] saved case_9939.json (18044 chars, theories=L3_MISC_CASE_NO_TITLE_ADJUDICATION)
  [fetch] saved case_9949.json (17905 chars, theories=L3_MISC_CASE_NO_TITLE_ADJUDICATION)
  [fetch] saved case_9969.json (18990 chars, theories=L3_MISC_CASE_NO_TITLE_ADJUDICATION)
  [fetch] saved case_9971.json (25739 chars, theories=L3_MISC_CASE_NO_TITLE_ADJUDICATION)
  [fetch] saved case_10030.json (5868 chars, theories=L3_MISC_CASE_NO_TITLE_ADJUDICATION)
  [fetch] saved case_10039.json (12940 chars, theories=L3_MISC_CASE_NO_TITLE_ADJUDICATION)
  progress: 500/909 for this group
  [compact] wrote E:\Mahfoz\Latest Advocacy\Resource\Judgements_Appeal38_2026\batch_85.json (20 cases), removed 20 loose file(s)
  [fetch] saved case_10047.json (5203 chars, theories=L3_MISC_CASE_NO_TITLE_ADJUDICATION)
  [fetch] saved case_10060.json (12071 chars, theories=L3_MISC_CASE_NO_TITLE_ADJUDICATION)
  [fetch] saved case_10091.json (10988 chars, theories=L3_MISC_CASE_NO_TITLE_ADJUDICATION)
  [fetch] saved case_10120.json (13085 chars, theories=L3_MISC_CASE_NO_TITLE_ADJUDICATION)
  [fetch] saved case_10128.json (6628 chars, theories=L3_MISC_CASE_NO_TITLE_ADJUDICATION)
  [fetch] saved case_10136.json (60765 chars, theories=L3_MISC_CASE_NO_TITLE_ADJUDICATION)
  [fetch] saved case_10139.json (10026 chars, theories=L3_MISC_CASE_NO_TITLE_ADJUDICATION)
  [fetch] saved case_10156.json (7743 chars, theories=L3_MISC_CASE_NO_TITLE_ADJUDICATION)
  [fetch] saved case_10178.json (7130 chars, theories=L3_MISC_CASE_NO_TITLE_ADJUDICATION)
  [fetch] saved case_10181.json (36228 chars, theories=L3_MISC_CASE_NO_TITLE_ADJUDICATION)
  [fetch] saved case_10185.json (13374 chars, theories=L3_MISC_CASE_NO_TITLE_ADJUDICATION)
  [fetch] saved case_10196.json (10929 chars, theories=L3_MISC_CASE_NO_TITLE_ADJUDICATION)
  [fetch] saved case_10203.json (17684 chars, theories=L3_MISC_CASE_NO_TITLE_ADJUDICATION)
  [fetch] saved case_10212.json (11592 chars, theories=L3_MISC_CASE_NO_TITLE_ADJUDICATION)
  [fetch] saved case_10217.json (9980 chars, theories=L3_MISC_CASE_NO_TITLE_ADJUDICATION)
  [fetch] saved case_10233.json (6542 chars, theories=L3_MISC_CASE_NO_TITLE_ADJUDICATION)
  [fetch] saved case_10267.json (8945 chars, theories=L3_MISC_CASE_NO_TITLE_ADJUDICATION)
  [fetch] saved case_10292.json (19307 chars, theories=L3_MISC_CASE_NO_TITLE_ADJUDICATION)
  [fetch] saved case_10301.json (8087 chars, theories=L3_MISC_CASE_NO_TITLE_ADJUDICATION)
  [fetch] saved case_10315.json (11421 chars, theories=L3_MISC_CASE_NO_TITLE_ADJUDICATION)
  [compact] wrote E:\Mahfoz\Latest Advocacy\Resource\Judgements_Appeal38_2026\batch_86.json (20 cases), removed 20 loose file(s)
  [fetch] saved case_10321.json (11825 chars, theories=L3_MISC_CASE_NO_TITLE_ADJUDICATION)
  [fetch] saved case_10335.json (14863 chars, theories=L3_MISC_CASE_NO_TITLE_ADJUDICATION)
  [fetch] saved case_10373.json (17342 chars, theories=L3_MISC_CASE_NO_TITLE_ADJUDICATION)
  [fetch] saved case_10387.json (21350 chars, theories=L3_MISC_CASE_NO_TITLE_ADJUDICATION)
  [fetch] saved case_10388.json (15237 chars, theories=L3_MISC_CASE_NO_TITLE_ADJUDICATION)
  progress: 525/909 for this group
  [fetch] saved case_10395.json (12743 chars, theories=L3_MISC_CASE_NO_TITLE_ADJUDICATION)
  [fetch] saved case_10399.json (16901 chars, theories=L3_MISC_CASE_NO_TITLE_ADJUDICATION)
  [fetch] saved case_10414.json (11899 chars, theories=L3_MISC_CASE_NO_TITLE_ADJUDICATION)
  [fetch] saved case_10433.json (14731 chars, theories=L3_MISC_CASE_NO_TITLE_ADJUDICATION)
  [fetch] saved case_10434.json (13997 chars, theories=L3_MISC_CASE_NO_TITLE_ADJUDICATION)
  [fetch] saved case_10462.json (10124 chars, theories=L3_MISC_CASE_NO_TITLE_ADJUDICATION)
  [fetch] saved case_10472.json (10541 chars, theories=L3_MISC_CASE_NO_TITLE_ADJUDICATION)
  [fetch] saved case_10524.json (47810 chars, theories=L3_MISC_CASE_NO_TITLE_ADJUDICATION)
  [fetch] saved case_10533.json (9316 chars, theories=L3_MISC_CASE_NO_TITLE_ADJUDICATION)
  [fetch] saved case_10573.json (17551 chars, theories=L3_MISC_CASE_NO_TITLE_ADJUDICATION)
  [fetch] saved case_10574.json (18715 chars, theories=L3_MISC_CASE_NO_TITLE_ADJUDICATION)
  [fetch] saved case_10607.json (7214 chars, theories=L3_MISC_CASE_NO_TITLE_ADJUDICATION)
  [fetch] saved case_10625.json (20094 chars, theories=L3_MISC_CASE_NO_TITLE_ADJUDICATION)
  [fetch] saved case_10643.json (23789 chars, theories=L3_MISC_CASE_NO_TITLE_ADJUDICATION)
  [fetch] saved case_10676.json (12972 chars, theories=L3_MISC_CASE_NO_TITLE_ADJUDICATION)
  [compact] wrote E:\Mahfoz\Latest Advocacy\Resource\Judgements_Appeal38_2026\batch_87.json (20 cases), removed 20 loose file(s)
  [fetch] saved case_10677.json (17388 chars, theories=L3_MISC_CASE_NO_TITLE_ADJUDICATION)
  [fetch] saved case_10684.json (9294 chars, theories=L3_MISC_CASE_NO_TITLE_ADJUDICATION)
  [fetch] saved case_10694.json (5395 chars, theories=L3_MISC_CASE_NO_TITLE_ADJUDICATION)
  [fetch] saved case_10727.json (13885 chars, theories=L3_MISC_CASE_NO_TITLE_ADJUDICATION)
  [fetch] saved case_10740.json (7327 chars, theories=L3_MISC_CASE_NO_TITLE_ADJUDICATION)
  [fetch] saved case_10767.json (8230 chars, theories=L3_MISC_CASE_NO_TITLE_ADJUDICATION)
  [fetch] saved case_10786.json (3610 chars, theories=L3_MISC_CASE_NO_TITLE_ADJUDICATION)
  [fetch] saved case_10788.json (10812 chars, theories=L3_MISC_CASE_NO_TITLE_ADJUDICATION)
  [fetch] saved case_10811.json (6016 chars, theories=L3_MISC_CASE_NO_TITLE_ADJUDICATION)
  [fetch] saved case_10819.json (5632 chars, theories=L3_MISC_CASE_NO_TITLE_ADJUDICATION)
  progress: 550/909 for this group
  [fetch] saved case_10826.json (17802 chars, theories=L3_MISC_CASE_NO_TITLE_ADJUDICATION)
  [fetch] saved case_10835.json (15126 chars, theories=L3_MISC_CASE_NO_TITLE_ADJUDICATION)
  [fetch] saved case_10857.json (14665 chars, theories=L3_MISC_CASE_NO_TITLE_ADJUDICATION)
  [fetch] saved case_10863.json (3661 chars, theories=L3_MISC_CASE_NO_TITLE_ADJUDICATION)
  [fetch] saved case_10865.json (7994 chars, theories=L3_MISC_CASE_NO_TITLE_ADJUDICATION)
  [fetch] saved case_10867.json (8617 chars, theories=L3_MISC_CASE_NO_TITLE_ADJUDICATION)
  [fetch] saved case_10882.json (12967 chars, theories=L3_MISC_CASE_NO_TITLE_ADJUDICATION)
  [fetch] saved case_10899.json (8909 chars, theories=L3_MISC_CASE_NO_TITLE_ADJUDICATION)
  [fetch] saved case_10909.json (13373 chars, theories=L3_MISC_CASE_NO_TITLE_ADJUDICATION)
  [fetch] saved case_10946.json (12801 chars, theories=L3_MISC_CASE_NO_TITLE_ADJUDICATION)
  [compact] wrote E:\Mahfoz\Latest Advocacy\Resource\Judgements_Appeal38_2026\batch_88.json (20 cases), removed 20 loose file(s)
  [fetch] saved case_10953.json (7316 chars, theories=L3_MISC_CASE_NO_TITLE_ADJUDICATION)
  [fetch] saved case_10961.json (11346 chars, theories=L3_MISC_CASE_NO_TITLE_ADJUDICATION)
  [fetch] saved case_11004.json (11339 chars, theories=L3_MISC_CASE_NO_TITLE_ADJUDICATION)
  [fetch] saved case_11060.json (13215 chars, theories=L3_MISC_CASE_NO_TITLE_ADJUDICATION)
  [fetch] saved case_11094.json (7027 chars, theories=L3_MISC_CASE_NO_TITLE_ADJUDICATION)
  [fetch] saved case_11150.json (7153 chars, theories=L3_MISC_CASE_NO_TITLE_ADJUDICATION)
  [fetch] saved case_11159.json (7402 chars, theories=L3_MISC_CASE_NO_TITLE_ADJUDICATION)
  [fetch] saved case_11161.json (7477 chars, theories=L3_MISC_CASE_NO_TITLE_ADJUDICATION)
  [fetch] saved case_11164.json (9926 chars, theories=L3_MISC_CASE_NO_TITLE_ADJUDICATION)
  [fetch] saved case_11183.json (12686 chars, theories=L3_MISC_CASE_NO_TITLE_ADJUDICATION)
  [fetch] saved case_11185.json (6819 chars, theories=L3_MISC_CASE_NO_TITLE_ADJUDICATION)
  [fetch] saved case_11191.json (10615 chars, theories=L3_MISC_CASE_NO_TITLE_ADJUDICATION)
  [fetch] saved case_11192.json (6856 chars, theories=L3_MISC_CASE_NO_TITLE_ADJUDICATION)
  [fetch] saved case_11197.json (7141 chars, theories=L3_MISC_CASE_NO_TITLE_ADJUDICATION)
  [fetch] saved case_11243.json (8582 chars, theories=L3_MISC_CASE_NO_TITLE_ADJUDICATION)
  progress: 575/909 for this group
  [fetch] saved case_11273.json (9165 chars, theories=L3_MISC_CASE_NO_TITLE_ADJUDICATION)
  [fetch] saved case_11284.json (8580 chars, theories=L3_MISC_CASE_NO_TITLE_ADJUDICATION)
  [fetch] saved case_11291.json (11570 chars, theories=L3_MISC_CASE_NO_TITLE_ADJUDICATION)
  [fetch] saved case_11294.json (7519 chars, theories=L3_MISC_CASE_NO_TITLE_ADJUDICATION)
  [fetch] saved case_11305.json (25142 chars, theories=L3_MISC_CASE_NO_TITLE_ADJUDICATION)
  [compact] wrote E:\Mahfoz\Latest Advocacy\Resource\Judgements_Appeal38_2026\batch_89.json (20 cases), removed 20 loose file(s)
  [fetch] saved case_11306.json (8638 chars, theories=L3_MISC_CASE_NO_TITLE_ADJUDICATION)
  [fetch] saved case_11327.json (5211 chars, theories=L3_MISC_CASE_NO_TITLE_ADJUDICATION)
  [fetch] saved case_11339.json (7295 chars, theories=L3_MISC_CASE_NO_TITLE_ADJUDICATION)
  [fetch] saved case_11370.json (8525 chars, theories=L3_MISC_CASE_NO_TITLE_ADJUDICATION)
  [fetch] saved case_11387.json (8387 chars, theories=L3_MISC_CASE_NO_TITLE_ADJUDICATION)
  [fetch] saved case_11390.json (7624 chars, theories=L3_MISC_CASE_NO_TITLE_ADJUDICATION)
  [fetch] saved case_11408.json (3585 chars, theories=L3_MISC_CASE_NO_TITLE_ADJUDICATION)
  [fetch] saved case_11437.json (7254 chars, theories=L3_MISC_CASE_NO_TITLE_ADJUDICATION)
  [fetch] saved case_11452.json (5340 chars, theories=L3_MISC_CASE_NO_TITLE_ADJUDICATION)
  [fetch] saved case_11455.json (7668 chars, theories=L3_MISC_CASE_NO_TITLE_ADJUDICATION)
  [fetch] saved case_11464.json (9791 chars, theories=L3_MISC_CASE_NO_TITLE_ADJUDICATION)
  [fetch] saved case_11506.json (8392 chars, theories=L3_MISC_CASE_NO_TITLE_ADJUDICATION)
  [fetch] saved case_11512.json (3807 chars, theories=L3_MISC_CASE_NO_TITLE_ADJUDICATION)
  [fetch] saved case_11520.json (8581 chars, theories=L3_MISC_CASE_NO_TITLE_ADJUDICATION)
  [fetch] saved case_11526.json (5972 chars, theories=L3_MISC_CASE_NO_TITLE_ADJUDICATION)
  [fetch] saved case_11528.json (15610 chars, theories=L3_MISC_CASE_NO_TITLE_ADJUDICATION)
  [fetch] saved case_11530.json (8234 chars, theories=L3_MISC_CASE_NO_TITLE_ADJUDICATION)
  [fetch] saved case_11536.json (10118 chars, theories=L3_MISC_CASE_NO_TITLE_ADJUDICATION)
  [fetch] saved case_11558.json (3790 chars, theories=L3_MISC_CASE_NO_TITLE_ADJUDICATION)
  [fetch] saved case_11575.json (4218 chars, theories=L3_MISC_CASE_NO_TITLE_ADJUDICATION)
  progress: 600/909 for this group
  [compact] wrote E:\Mahfoz\Latest Advocacy\Resource\Judgements_Appeal38_2026\batch_90.json (20 cases), removed 20 loose file(s)
  [fetch] saved case_11576.json (16052 chars, theories=L3_MISC_CASE_NO_TITLE_ADJUDICATION)
  [fetch] saved case_11578.json (19442 chars, theories=L3_MISC_CASE_NO_TITLE_ADJUDICATION)
  [fetch] saved case_11584.json (15503 chars, theories=L3_MISC_CASE_NO_TITLE_ADJUDICATION)
  [fetch] saved case_11607.json (4627 chars, theories=L3_MISC_CASE_NO_TITLE_ADJUDICATION)
  [fetch] saved case_11616.json (13529 chars, theories=L3_MISC_CASE_NO_TITLE_ADJUDICATION)
  [fetch] saved case_11622.json (7419 chars, theories=L3_MISC_CASE_NO_TITLE_ADJUDICATION)
  [fetch] saved case_11623.json (6091 chars, theories=L3_MISC_CASE_NO_TITLE_ADJUDICATION)
  [fetch] saved case_11645.json (8734 chars, theories=L3_MISC_CASE_NO_TITLE_ADJUDICATION)
  [fetch] saved case_11651.json (6959 chars, theories=L3_MISC_CASE_NO_TITLE_ADJUDICATION)
  [fetch] saved case_11671.json (9322 chars, theories=L3_MISC_CASE_NO_TITLE_ADJUDICATION)
  [fetch] saved case_11730.json (9235 chars, theories=L3_MISC_CASE_NO_TITLE_ADJUDICATION)
  [fetch] saved case_11741.json (6917 chars, theories=L3_MISC_CASE_NO_TITLE_ADJUDICATION)
  [fetch] saved case_11751.json (10444 chars, theories=L3_MISC_CASE_NO_TITLE_ADJUDICATION)
  [fetch] saved case_11754.json (8716 chars, theories=L3_MISC_CASE_NO_TITLE_ADJUDICATION)
  [fetch] saved case_11761.json (5124 chars, theories=L3_MISC_CASE_NO_TITLE_ADJUDICATION)
  [fetch] saved case_11796.json (6827 chars, theories=L3_MISC_CASE_NO_TITLE_ADJUDICATION)
  [fetch] saved case_11805.json (6728 chars, theories=L3_MISC_CASE_NO_TITLE_ADJUDICATION)
  [fetch] saved case_11810.json (10184 chars, theories=L3_MISC_CASE_NO_TITLE_ADJUDICATION)
  [fetch] saved case_11835.json (10181 chars, theories=L3_MISC_CASE_NO_TITLE_ADJUDICATION)
  [fetch] saved case_11843.json (6064 chars, theories=L3_MISC_CASE_NO_TITLE_ADJUDICATION)
  [compact] wrote E:\Mahfoz\Latest Advocacy\Resource\Judgements_Appeal38_2026\batch_91.json (20 cases), removed 20 loose file(s)
  [fetch] saved case_11847.json (13684 chars, theories=L3_MISC_CASE_NO_TITLE_ADJUDICATION)
  [fetch] saved case_11902.json (8700 chars, theories=L3_MISC_CASE_NO_TITLE_ADJUDICATION)
  [fetch] saved case_11911.json (20537 chars, theories=L3_MISC_CASE_NO_TITLE_ADJUDICATION)
  [fetch] saved case_11928.json (7993 chars, theories=L3_MISC_CASE_NO_TITLE_ADJUDICATION)
  [fetch] saved case_11948.json (7022 chars, theories=L3_MISC_CASE_NO_TITLE_ADJUDICATION)
  progress: 625/909 for this group
  [fetch] saved case_11957.json (16589 chars, theories=L3_MISC_CASE_NO_TITLE_ADJUDICATION)
  [fetch] saved case_11978.json (9695 chars, theories=L3_MISC_CASE_NO_TITLE_ADJUDICATION)
  [fetch] saved case_11988.json (24051 chars, theories=L3_MISC_CASE_NO_TITLE_ADJUDICATION)
  [fetch] saved case_11990.json (5179 chars, theories=L3_MISC_CASE_NO_TITLE_ADJUDICATION)
  [fetch] saved case_11991.json (2926 chars, theories=L3_MISC_CASE_NO_TITLE_ADJUDICATION)
  [fetch] saved case_12025.json (4649 chars, theories=L3_MISC_CASE_NO_TITLE_ADJUDICATION)
  [fetch] saved case_12043.json (9803 chars, theories=L3_MISC_CASE_NO_TITLE_ADJUDICATION)
  [fetch] saved case_12046.json (8595 chars, theories=L3_MISC_CASE_NO_TITLE_ADJUDICATION)
  [fetch] saved case_12060.json (17022 chars, theories=L3_MISC_CASE_NO_TITLE_ADJUDICATION)
  [fetch] saved case_12145.json (11182 chars, theories=L3_MISC_CASE_NO_TITLE_ADJUDICATION)
  [fetch] saved case_12154.json (8234 chars, theories=L3_MISC_CASE_NO_TITLE_ADJUDICATION)
  [fetch] saved case_12156.json (8051 chars, theories=L3_MISC_CASE_NO_TITLE_ADJUDICATION)
  [fetch] saved case_12161.json (10062 chars, theories=L3_MISC_CASE_NO_TITLE_ADJUDICATION)
  [fetch] saved case_12207.json (18002 chars, theories=L3_MISC_CASE_NO_TITLE_ADJUDICATION)
  [fetch] saved case_12274.json (18756 chars, theories=L3_MISC_CASE_NO_TITLE_ADJUDICATION)
  [compact] wrote E:\Mahfoz\Latest Advocacy\Resource\Judgements_Appeal38_2026\batch_92.json (20 cases), removed 20 loose file(s)
  [fetch] saved case_12275.json (7781 chars, theories=L3_MISC_CASE_NO_TITLE_ADJUDICATION)
  [fetch] saved case_12288.json (8724 chars, theories=L3_MISC_CASE_NO_TITLE_ADJUDICATION)
  [fetch] saved case_12289.json (11605 chars, theories=L3_MISC_CASE_NO_TITLE_ADJUDICATION)
  [fetch] saved case_12296.json (12926 chars, theories=L3_MISC_CASE_NO_TITLE_ADJUDICATION)
  [fetch] saved case_12323.json (11466 chars, theories=L3_MISC_CASE_NO_TITLE_ADJUDICATION)
  [fetch] saved case_12349.json (9967 chars, theories=L3_MISC_CASE_NO_TITLE_ADJUDICATION)
  [fetch] saved case_12355.json (11825 chars, theories=L3_MISC_CASE_NO_TITLE_ADJUDICATION)
  [fetch] saved case_12357.json (18521 chars, theories=L3_MISC_CASE_NO_TITLE_ADJUDICATION)
  [fetch] saved case_12375.json (11806 chars, theories=L3_MISC_CASE_NO_TITLE_ADJUDICATION)
  [fetch] saved case_12395.json (8358 chars, theories=L3_MISC_CASE_NO_TITLE_ADJUDICATION)
  progress: 650/909 for this group
  [fetch] saved case_12413.json (11105 chars, theories=L3_MISC_CASE_NO_TITLE_ADJUDICATION)
  [fetch] saved case_12414.json (2844 chars, theories=L3_MISC_CASE_NO_TITLE_ADJUDICATION)
  [fetch] saved case_12416.json (11333 chars, theories=L3_MISC_CASE_NO_TITLE_ADJUDICATION)
  [fetch] saved case_12440.json (5492 chars, theories=L3_MISC_CASE_NO_TITLE_ADJUDICATION)
  [fetch] saved case_12450.json (14142 chars, theories=L3_MISC_CASE_NO_TITLE_ADJUDICATION)
  [fetch] saved case_12466.json (6019 chars, theories=L3_MISC_CASE_NO_TITLE_ADJUDICATION)
  [fetch] saved case_12488.json (7673 chars, theories=L3_MISC_CASE_NO_TITLE_ADJUDICATION)
  [fetch] saved case_12491.json (8317 chars, theories=L3_MISC_CASE_NO_TITLE_ADJUDICATION)
  [fetch] saved case_12509.json (8020 chars, theories=L3_MISC_CASE_NO_TITLE_ADJUDICATION)
  [fetch] saved case_12520.json (30690 chars, theories=L3_MISC_CASE_NO_TITLE_ADJUDICATION)
  [compact] wrote E:\Mahfoz\Latest Advocacy\Resource\Judgements_Appeal38_2026\batch_93.json (20 cases), removed 20 loose file(s)
  [fetch] saved case_12539.json (12090 chars, theories=L3_MISC_CASE_NO_TITLE_ADJUDICATION)
  [fetch] saved case_12541.json (7692 chars, theories=L3_MISC_CASE_NO_TITLE_ADJUDICATION)
  [fetch] saved case_12553.json (7599 chars, theories=L3_MISC_CASE_NO_TITLE_ADJUDICATION)
  [fetch] saved case_12555.json (10155 chars, theories=L3_MISC_CASE_NO_TITLE_ADJUDICATION)
  [fetch] saved case_12586.json (33939 chars, theories=L3_MISC_CASE_NO_TITLE_ADJUDICATION)
  [fetch] saved case_12591.json (20240 chars, theories=L3_MISC_CASE_NO_TITLE_ADJUDICATION)
  [fetch] saved case_12601.json (5983 chars, theories=L3_MISC_CASE_NO_TITLE_ADJUDICATION)
  [fetch] saved case_12617.json (17977 chars, theories=L3_MISC_CASE_NO_TITLE_ADJUDICATION)
  [fetch] saved case_12623.json (12482 chars, theories=L3_MISC_CASE_NO_TITLE_ADJUDICATION)
  [fetch] saved case_12625.json (21443 chars, theories=L3_MISC_CASE_NO_TITLE_ADJUDICATION)
  [fetch] saved case_12658.json (5354 chars, theories=L3_MISC_CASE_NO_TITLE_ADJUDICATION)
  [fetch] saved case_12679.json (9618 chars, theories=L3_MISC_CASE_NO_TITLE_ADJUDICATION)
  [fetch] saved case_12683.json (14214 chars, theories=L3_MISC_CASE_NO_TITLE_ADJUDICATION)
  [fetch] saved case_12711.json (10794 chars, theories=L3_MISC_CASE_NO_TITLE_ADJUDICATION)
  [fetch] saved case_12754.json (12726 chars, theories=L3_MISC_CASE_NO_TITLE_ADJUDICATION)
  progress: 675/909 for this group
  [fetch] saved case_12771.json (4132 chars, theories=L3_MISC_CASE_NO_TITLE_ADJUDICATION)
  [fetch] saved case_12809.json (12527 chars, theories=L3_MISC_CASE_NO_TITLE_ADJUDICATION)
  [skip] Id 12828 is criminal jurisdiction (Criminal), not saved.
  [fetch] saved case_12835.json (5338 chars, theories=L3_MISC_CASE_NO_TITLE_ADJUDICATION)
  [fetch] saved case_12856.json (6748 chars, theories=L3_MISC_CASE_NO_TITLE_ADJUDICATION)
  [fetch] saved case_12883.json (7851 chars, theories=L3_MISC_CASE_NO_TITLE_ADJUDICATION)
  [fetch] saved case_12905.json (10140 chars, theories=L3_MISC_CASE_NO_TITLE_ADJUDICATION)
  [fetch] saved case_12936.json (7040 chars, theories=L3_MISC_CASE_NO_TITLE_ADJUDICATION)
  [fetch] saved case_12947.json (6507 chars, theories=L3_MISC_CASE_NO_TITLE_ADJUDICATION)
  [fetch] saved case_12951.json (19102 chars, theories=L3_MISC_CASE_NO_TITLE_ADJUDICATION)
  [fetch] saved case_12971.json (10185 chars, theories=L3_MISC_CASE_NO_TITLE_ADJUDICATION)
  [fetch] saved case_12975.json (7202 chars, theories=L3_MISC_CASE_NO_TITLE_ADJUDICATION)
  [fetch] saved case_12992.json (6626 chars, theories=L3_MISC_CASE_NO_TITLE_ADJUDICATION)
  [fetch] saved case_12995.json (7287 chars, theories=L3_MISC_CASE_NO_TITLE_ADJUDICATION)
  [fetch] saved case_13007.json (7218 chars, theories=L3_MISC_CASE_NO_TITLE_ADJUDICATION)
  [fetch] saved case_13027.json (2415 chars, theories=L3_MISC_CASE_NO_TITLE_ADJUDICATION)
  [fetch] saved case_13034.json (11272 chars, theories=L3_MISC_CASE_NO_TITLE_ADJUDICATION)
  [fetch] saved case_13035.json (13281 chars, theories=L3_MISC_CASE_NO_TITLE_ADJUDICATION)
  [fetch] saved case_13036.json (6902 chars, theories=L3_MISC_CASE_NO_TITLE_ADJUDICATION)
  [fetch] saved case_13049.json (7633 chars, theories=L3_MISC_CASE_NO_TITLE_ADJUDICATION)
  [skip] Id 13052 is criminal jurisdiction (Civil), not saved.
  [fetch] saved case_13060.json (4015 chars, theories=L3_MISC_CASE_NO_TITLE_ADJUDICATION)
  [fetch] saved case_13068.json (7032 chars, theories=L3_MISC_CASE_NO_TITLE_ADJUDICATION)
  [fetch] saved case_13086.json (3986 chars, theories=L3_MISC_CASE_NO_TITLE_ADJUDICATION)
  [fetch] saved case_13103.json (10004 chars, theories=L3_MISC_CASE_NO_TITLE_ADJUDICATION)
  progress: 700/909 for this group
  [compact] wrote E:\Mahfoz\Latest Advocacy\Resource\Judgements_Appeal38_2026\batch_94.json (37 cases), removed 37 loose file(s)
  [fetch] saved case_13143.json (3023 chars, theories=L3_MISC_CASE_NO_TITLE_ADJUDICATION)
  [fetch] saved case_13179.json (11993 chars, theories=L3_MISC_CASE_NO_TITLE_ADJUDICATION)
  [fetch] saved case_13185.json (5363 chars, theories=L3_MISC_CASE_NO_TITLE_ADJUDICATION)
  [fetch] saved case_13186.json (10472 chars, theories=L3_MISC_CASE_NO_TITLE_ADJUDICATION)
  [fetch] saved case_13192.json (2078 chars, theories=L3_MISC_CASE_NO_TITLE_ADJUDICATION)
  [fetch] saved case_13205.json (3032 chars, theories=L3_MISC_CASE_NO_TITLE_ADJUDICATION)
